shop_id,2016/10/18  view,2016/10/19  view,2016/10/20  view,2016/10/21  view,2016/10/22  view,2016/10/23  view,2016/10/24  view
1,23,29,24,20,27,25,19
2,26,32,23,25,28,25,9
3,5,3,5,5,13,2,4
4,19,19,13,24,40,29,15
5,6,2,5,11,6,5,17
6,12,5,9,8,9,10,7
7,23,18,16,14,15,20,10
8,8,9,1,3,2,2,1
9,10,6,4,7,11,4,2
10,1,2,0,3,3,1,1
11,3,1,2,0,3,7,5
12,21,10,7,15,14,24,11
13,7,6,9,6,5,3,2
14,18,21,8,10,16,18,13
15,0,1,0,1,0,3,2
16,17,25,23,13,24,22,18
17,27,37,30,40,22,44,33
18,12,2,8,11,12,10,7
19,3,5,10,4,7,7,6
20,10,11,2,10,5,4,2
21,4,1,2,5,4,3,3
22,42,36,37,34,26,36,38
23,0,1,0,3,0,0,5
24,12,12,18,27,31,33,18
25,14,12,18,10,24,14,13
26,4,7,7,5,12,10,4
27,5,5,5,6,4,7,10
28,29,20,17,21,21,25,32
29,2,1,2,9,0,4,2
30,33,39,42,29,35,48,37
31,11,7,8,3,3,3,3
32,1,2,3,1,1,0,0
33,18,15,20,14,20,6,8
34,11,9,22,14,23,15,9
35,6,9,8,8,18,16,19
36,2,2,1,4,4,10,7
37,15,13,16,13,23,14,12
38,0,2,0,1,1,6,0
39,11,17,26,19,14,22,13
40,0,3,0,1,0,1,0
41,10,27,15,16,34,26,18
42,5,3,6,3,5,4,2
43,0,0,0,0,0,0,0
44,178,166,201,215,252,245,177
45,1,1,5,1,4,5,4
46,5,3,4,8,3,3,1
47,0,1,0,1,0,1,0
48,4,3,4,6,4,5,2
49,32,36,30,26,31,23,20
50,18,18,17,14,17,9,9
51,9,4,7,11,10,1,7
52,5,2,3,10,6,5,11
53,1,1,0,0,0,0,1
54,13,6,10,10,15,20,11
55,18,23,16,18,30,28,15
56,12,15,18,11,19,13,11
57,7,15,7,17,15,8,8
58,18,30,38,12,41,19,14
59,0,0,3,4,4,1,0
60,21,28,12,22,16,13,17
61,2,3,4,4,1,2,1
62,20,22,24,20,29,18,24
63,0,3,0,2,7,4,1
64,10,14,11,9,5,6,7
65,13,20,14,13,22,18,6
66,0,0,2,0,1,0,1
67,8,6,5,7,4,6,8
68,3,1,0,2,3,1,1
69,4,8,12,14,7,10,10
70,8,5,5,8,8,7,9
71,5,8,8,6,7,5,44
72,8,15,4,4,9,12,10
73,4,2,5,1,6,6,4
74,1,3,0,2,4,2,1
75,7,5,10,5,4,9,8
76,10,5,3,1,5,4,5
77,10,9,7,11,9,3,7
78,3,2,3,3,4,2,5
79,9,6,12,8,8,6,7
80,3,3,0,1,1,1,10
81,5,3,5,4,5,1,1
82,11,11,6,6,7,10,10
83,13,34,15,19,15,17,15
84,12,18,8,11,8,12,9
85,8,21,10,14,20,12,7
86,5,4,9,14,9,5,6
87,4,4,6,7,7,3,4
88,82,78,66,120,88,95,64
89,10,8,3,5,5,4,19
90,6,10,11,12,12,10,11
91,2,4,1,3,5,1,3
92,23,26,25,22,20,8,3
93,6,3,4,3,2,2,4
94,8,7,3,1,5,6,1
95,15,23,26,36,29,18,25
96,6,8,5,7,8,6,4
97,2,9,5,7,2,6,8
98,5,3,8,2,9,3,6
99,10,6,5,7,5,7,11
100,13,24,5,19,17,17,18
101,21,20,29,28,25,17,20
102,2,4,1,1,6,0,3
103,3,3,1,2,0,2,2
104,9,8,13,14,18,16,12
105,20,10,11,12,23,29,16
106,1,0,1,1,0,0,3
107,4,0,5,4,6,7,0
108,7,0,4,7,11,3,8
109,0,2,0,0,2,0,1
110,2,0,0,1,1,0,0
111,8,4,1,5,1,1,4
112,2,1,6,3,13,1,3
113,2,0,1,1,1,0,1
114,42,31,32,40,24,20,41
115,13,14,21,5,12,12,13
116,1,1,0,0,2,1,6
117,40,50,43,57,58,72,44
118,1,0,0,1,1,0,0
119,15,14,14,35,24,22,18
120,3,2,7,0,2,3,1
121,30,29,70,62,59,54,85
122,0,1,4,2,1,2,0
123,4,4,2,6,3,2,6
124,2,3,7,14,7,6,4
125,7,3,5,4,3,3,1
126,11,4,4,7,5,11,8
127,8,12,10,6,14,21,12
128,36,48,44,53,61,56,45
129,9,19,12,11,14,14,2
130,14,19,11,20,19,13,7
131,1,2,8,4,7,1,2
132,10,10,22,15,14,20,10
133,6,10,9,1,4,7,7
134,8,8,11,13,14,11,9
135,10,3,2,5,5,11,2
136,27,34,32,31,23,15,21
137,6,6,5,4,5,6,4
138,64,100,84,98,100,72,45
139,9,22,15,8,23,15,7
140,0,0,0,0,0,0,0
141,1,1,5,2,3,2,1
142,2,5,2,1,1,0,0
143,10,2,8,8,8,6,7
144,2,4,2,5,2,3,3
145,6,8,20,8,15,13,9
146,18,15,23,15,18,17,24
147,1,0,2,2,0,2,3
148,0,2,0,0,1,1,0
149,63,54,43,56,54,62,63
150,1,2,2,3,4,4,7
151,16,4,7,15,10,3,1
152,23,23,14,24,15,25,10
153,18,19,18,25,20,5,7
154,1,3,5,3,4,4,1
155,39,34,41,24,51,29,35
156,5,4,4,11,7,7,4
157,16,12,8,9,14,14,5
158,4,2,0,3,4,1,2
159,30,17,12,18,22,26,19
160,0,0,0,6,0,0,1
161,10,7,14,12,13,9,12
162,0,2,2,3,1,1,2
163,1,0,4,1,3,3,6
164,2,3,2,3,1,7,2
165,2,8,11,4,12,5,3
166,2,2,15,14,3,4,7
167,19,20,12,14,8,11,9
168,0,2,2,0,2,0,4
169,51,46,56,48,59,54,32
170,12,6,19,7,18,10,11
171,8,12,20,17,11,9,12
172,11,6,13,7,9,8,7
173,5,7,2,1,6,3,5
174,5,1,4,4,2,4,3
175,3,2,2,6,4,1,2
176,4,3,6,11,8,4,7
177,14,6,11,6,27,6,7
178,0,0,0,0,1,0,0
179,30,21,45,26,31,39,22
180,4,5,5,7,8,7,6
181,35,35,47,20,51,63,26
182,11,13,24,15,17,26,16
183,13,11,12,18,19,7,17
184,31,17,14,19,23,24,9
185,3,3,5,3,7,4,6
186,22,18,17,18,26,24,14
187,25,33,33,21,16,15,12
188,6,9,8,7,5,10,10
189,14,13,22,16,21,22,23
190,13,6,8,8,7,12,6
191,12,38,12,5,8,7,11
192,19,18,17,22,15,28,21
193,17,23,14,7,12,9,19
194,1,1,2,1,1,1,0
195,149,150,186,193,234,290,158
196,5,11,2,7,2,11,7
197,2,2,2,3,12,3,6
198,5,1,5,1,11,5,1
199,4,2,3,4,6,2,6
200,20,20,12,7,15,23,9
201,0,2,0,1,1,1,0
202,7,1,4,3,4,2,3
203,13,10,11,16,11,13,12
204,53,53,69,42,41,30,36
205,10,13,7,8,10,5,6
206,19,30,32,38,34,30,39
207,7,11,11,17,15,20,11
208,0,2,3,0,2,5,1
209,8,6,7,4,4,7,7
210,22,30,38,36,39,43,27
211,20,24,24,58,18,22,17
212,29,26,27,28,37,33,25
213,5,5,4,4,5,1,1
214,22,20,17,13,18,22,14
215,5,9,2,5,14,7,4
216,5,4,6,3,10,6,5
217,65,63,74,105,72,67,40
218,1,1,1,0,1,3,0
219,0,0,4,3,1,0,0
220,75,80,68,29,23,9,42
221,9,15,18,15,8,7,8
222,7,8,8,13,7,6,7
223,12,12,19,30,21,25,11
224,2,1,2,2,2,1,3
225,3,4,3,2,2,3,3
226,9,7,4,6,11,13,7
227,15,8,6,7,8,10,4
228,1,1,2,1,3,0,1
229,41,31,30,30,26,19,21
230,3,1,0,1,1,0,0
231,4,5,7,3,7,8,5
232,2,1,2,1,0,2,3
233,7,7,14,20,12,10,8
234,16,13,17,15,14,15,12
235,11,18,20,15,12,11,14
236,42,64,34,44,29,36,42
237,9,2,6,4,6,12,17
238,18,21,15,10,21,16,10
239,38,72,67,55,57,69,66
240,19,31,23,18,13,14,20
241,10,11,4,1,12,5,6
242,14,5,9,2,8,4,9
243,33,39,29,38,55,45,48
244,10,18,16,17,13,10,7
245,9,4,3,3,6,4,4
246,2,1,1,0,1,1,0
247,0,0,0,0,0,0,0
248,4,3,3,2,3,7,2
249,6,7,6,4,3,5,5
250,14,20,20,22,26,26,24
251,3,0,5,5,2,4,2
252,39,44,33,60,47,65,31
253,55,49,70,71,80,74,34
254,6,4,5,3,4,6,4
255,8,1,3,11,8,7,5
256,45,50,60,59,70,32,39
257,0,1,0,1,1,3,0
258,20,26,21,29,25,40,13
259,7,6,9,6,4,6,5
260,18,13,8,12,15,20,11
261,16,22,11,22,34,33,14
262,30,16,17,20,22,29,17
263,2,3,0,2,1,1,2
264,4,4,3,2,2,5,3
265,51,52,42,75,54,73,73
266,6,9,5,10,11,4,4
267,10,13,8,9,8,11,3
268,1,2,0,1,5,3,0
269,7,14,12,7,11,11,8
270,6,15,9,9,2,5,3
271,3,4,9,2,2,3,5
272,9,18,14,14,22,7,14
273,15,12,13,12,9,15,12
274,20,24,10,14,11,16,15
275,8,7,4,9,7,9,6
276,5,9,7,9,10,5,6
277,15,15,24,25,14,22,25
278,44,44,43,40,62,59,49
279,31,32,20,30,20,36,29
280,1,4,5,11,6,4,4
281,26,16,20,19,35,26,19
282,0,2,5,2,0,1,1
283,126,129,133,142,141,118,144
284,0,0,0,1,1,0,1
285,13,17,18,19,5,10,14
286,4,2,6,1,2,1,4
287,32,48,42,41,54,37,28
288,4,2,6,1,10,6,0
289,0,6,3,3,4,5,4
290,1,0,1,0,3,0,2
291,6,4,4,5,2,2,1
292,2,1,2,3,1,1,4
293,10,11,5,8,13,6,6
294,9,2,13,16,8,2,2
295,14,5,6,6,4,5,7
296,29,26,36,35,41,33,36
297,19,12,13,14,13,16,14
298,36,20,30,32,53,26,31
299,23,12,23,28,36,31,31
300,4,2,3,5,9,2,4
301,0,2,2,2,0,2,1
302,3,2,2,0,0,1,0
303,6,15,17,14,16,11,5
304,40,34,35,37,35,38,42
305,23,28,29,34,28,22,23
306,2,6,5,3,6,6,5
307,10,18,19,16,16,16,19
308,6,5,2,6,3,7,1
309,9,7,4,12,7,11,10
310,10,18,12,15,27,28,18
311,8,3,5,11,5,0,1
312,23,28,30,37,29,29,34
313,6,4,5,13,11,5,7
314,3,5,3,3,1,1,3
315,13,25,16,16,17,11,20
316,1,1,4,3,2,1,0
317,3,0,1,1,2,1,0
318,17,14,16,15,15,17,17
319,10,7,6,17,11,10,2
320,48,42,44,55,69,73,58
321,1,7,6,5,4,2,12
322,4,6,7,5,10,6,13
323,19,17,8,24,26,13,7
324,2,6,13,6,3,0,6
325,13,21,12,20,15,11,20
326,237,232,225,236,269,261,210
327,3,2,4,3,6,7,1
328,10,17,16,9,12,9,11
329,2,0,1,0,1,2,0
330,30,40,33,50,55,71,22
331,4,3,6,4,2,2,2
332,21,16,12,20,25,25,18
333,3,3,7,2,7,8,3
334,2,4,3,2,7,5,3
335,32,36,39,44,15,35,95
336,279,254,232,255,283,243,185
337,24,8,14,8,14,21,4
338,24,27,10,17,44,32,12
339,9,12,17,2,11,10,13
340,2,4,1,2,2,1,3
341,22,29,19,22,23,43,13
342,4,5,2,7,6,2,10
343,37,40,43,51,24,24,32
344,40,23,31,28,42,25,30
345,16,16,25,8,15,19,11
346,5,1,4,5,3,6,3
347,30,97,57,41,45,33,36
348,7,15,17,10,13,11,6
349,1,0,1,2,0,1,0
350,1,0,0,1,1,0,0
351,8,6,2,6,2,6,5
352,6,4,5,5,1,0,6
353,3,2,2,3,5,4,4
354,2,0,2,0,1,3,1
355,14,15,17,13,9,12,7
356,32,34,29,28,20,32,21
357,1,0,1,0,1,1,1
358,11,8,5,12,14,17,4
359,13,10,13,7,15,11,5
360,19,11,20,17,19,14,12
361,3,2,8,7,6,1,1
362,13,6,7,9,12,13,9
363,3,5,3,4,3,0,4
364,180,172,126,146,151,162,182
365,18,27,24,22,31,25,26
366,2,0,1,0,1,0,2
367,0,0,0,0,0,0,0
368,2,1,0,1,1,2,2
369,31,38,32,40,48,49,26
370,4,8,12,8,10,12,8
371,1,6,7,1,4,6,3
372,3,1,1,0,3,0,2
373,11,22,14,17,10,18,16
374,4,0,0,0,0,1,1
375,133,116,114,98,98,118,85
376,15,13,12,12,20,15,9
377,2,1,1,12,2,4,3
378,16,13,16,19,15,31,22
379,5,9,9,6,11,10,1
380,30,24,23,33,57,26,31
381,4,3,2,2,4,1,1
382,25,9,24,20,18,16,17
383,16,14,13,10,11,2,3
384,11,5,9,8,12,9,6
385,26,24,30,18,16,27,8
386,11,5,14,15,22,18,9
387,5,4,7,7,7,8,2
388,7,5,7,9,5,3,6
389,8,11,6,19,7,12,5
390,4,0,7,8,3,6,1
391,11,13,12,12,15,9,5
392,0,12,2,5,0,5,8
393,9,13,7,9,8,9,7
394,14,19,19,21,9,13,13
395,13,22,24,13,11,20,10
396,7,3,6,5,3,8,2
397,4,10,10,4,14,11,14
398,8,11,12,14,9,7,4
399,19,16,11,8,21,16,13
400,8,1,0,0,0,1,3
401,5,1,5,6,2,5,4
402,6,2,5,3,7,8,3
403,174,166,157,172,186,171,158
404,33,37,27,39,91,37,23
405,1,2,1,0,0,0,2
406,3,4,3,3,5,2,5
407,15,16,18,15,14,23,12
408,43,66,74,61,61,62,43
409,7,2,3,5,2,2,2
410,3,1,5,5,7,0,3
411,3,1,2,2,2,0,0
412,7,17,12,5,8,4,5
413,2,12,8,10,4,3,3
414,24,26,31,16,33,28,16
415,1,2,0,0,0,0,0
416,38,37,24,46,38,39,28
417,7,10,7,6,15,16,7
418,23,19,14,38,44,46,13
419,16,14,5,7,9,7,6
420,1,5,1,2,0,1,0
421,60,45,49,42,50,37,40
422,16,12,15,13,12,9,11
423,5,9,9,4,5,6,4
424,3,3,7,4,5,8,11
425,93,70,94,101,113,103,91
426,18,6,8,11,11,9,16
427,3,7,6,3,9,4,10
428,8,9,7,9,9,7,5
429,5,16,6,19,16,9,19
430,12,5,1,10,5,3,0
431,40,58,61,72,58,72,48
432,6,7,7,16,8,9,9
433,1,1,4,3,0,1,2
434,10,8,13,10,8,2,13
435,12,13,12,23,22,16,17
436,49,57,59,34,33,35,41
437,10,11,10,13,15,12,7
438,4,7,7,6,3,4,7
439,10,8,10,12,10,11,7
440,3,0,1,3,1,1,0
441,11,3,7,18,18,8,5
442,11,8,8,24,18,14,10
443,4,4,4,1,13,9,3
444,2,0,1,2,4,1,1
445,17,22,19,14,7,20,21
446,14,19,15,16,18,16,9
447,95,87,86,82,93,84,118
448,0,1,1,0,1,0,0
449,6,5,1,4,4,2,5
450,0,0,0,0,0,3,2
451,98,101,71,89,153,97,85
452,0,0,3,0,0,1,1
453,2,6,3,1,2,6,4
454,5,3,2,4,4,2,2
455,4,9,16,16,24,29,18
456,28,29,32,38,29,38,30
457,6,2,0,4,1,3,2
458,11,15,21,22,20,17,10
459,29,51,32,49,72,54,39
460,4,4,0,3,6,2,5
461,1,3,12,11,9,6,8
462,3,9,7,9,12,16,4
463,1,4,5,2,2,5,1
464,9,5,2,10,8,7,5
465,8,7,4,8,21,7,6
466,10,7,10,16,13,19,14
467,19,20,29,18,26,30,30
468,10,19,14,14,18,20,13
469,1,0,0,0,2,1,2
470,1,3,0,2,4,2,1
471,4,6,3,3,2,3,4
472,26,25,30,29,38,33,40
473,5,0,1,0,0,0,1
474,0,1,1,1,2,0,2
475,12,10,14,17,6,10,59
476,1,4,3,2,2,3,0
477,12,5,9,4,16,9,8
478,3,8,1,6,7,0,1
479,0,3,0,0,1,0,1
480,9,7,8,2,8,5,12
481,6,7,3,2,2,11,3
482,26,14,17,15,23,21,16
483,4,1,1,2,0,2,10
484,10,9,10,16,19,24,5
485,3,2,4,0,6,5,7
486,1,1,0,1,2,2,0
487,2,0,1,2,5,1,2
488,0,1,0,0,0,0,1
489,0,0,0,1,0,2,1
490,32,13,12,22,30,21,21
491,3,2,1,4,5,1,7
492,4,8,9,6,7,3,1
493,2,4,0,4,1,2,4
494,14,18,25,10,23,20,25
495,8,7,8,8,15,10,4
496,29,51,39,25,17,15,14
497,38,41,33,42,25,28,22
498,1,0,3,3,1,1,2
499,15,12,22,14,18,36,16
500,168,174,165,507,1448,232,65
501,26,16,19,22,19,20,25
502,20,12,16,15,42,28,13
503,9,21,17,10,12,12,6
504,1,3,5,2,0,1,1
505,5,4,1,4,6,4,3
506,14,10,14,5,16,14,10
507,5,6,8,2,2,3,1
508,0,1,0,0,0,1,2
509,55,43,39,38,25,41,50
510,0,2,0,1,0,1,0
511,41,34,27,23,41,51,28
512,6,9,3,1,8,2,7
513,14,11,15,5,14,12,7
514,8,0,6,1,0,0,3
515,3,3,2,1,3,6,3
516,7,9,2,4,4,4,7
517,41,24,28,45,62,50,21
518,5,3,9,9,5,6,10
519,27,25,24,31,25,15,24
520,55,58,53,67,51,52,56
521,14,14,6,9,7,7,7
522,163,173,151,166,237,295,222
523,5,3,6,5,3,2,3
524,2,9,8,3,1,2,1
525,4,1,1,3,3,2,2
526,20,17,17,13,24,16,13
527,4,2,9,8,7,7,7
528,15,19,12,17,28,18,13
529,5,4,4,6,5,1,4
530,13,8,7,11,9,9,7
531,21,33,23,21,29,28,21
532,3,3,1,3,1,2,1
533,2,2,1,4,1,1,3
534,6,2,0,5,2,6,1
535,19,14,16,20,15,8,7
536,1,0,0,0,0,0,0
537,28,62,45,57,35,51,45
538,0,1,2,2,0,2,4
539,15,23,10,20,22,18,20
540,1,1,2,1,3,2,3
541,5,11,2,5,8,7,4
542,5,3,7,7,5,5,5
543,4,7,3,4,4,3,2
544,9,9,6,7,15,15,11
545,5,3,6,9,10,7,9
546,17,10,24,18,12,23,14
547,3,4,5,1,3,2,2
548,8,9,3,7,13,7,5
549,10,17,11,27,42,37,28
550,13,20,19,24,31,17,17
551,7,11,8,9,11,9,5
552,7,11,5,6,7,6,11
553,6,5,6,8,6,8,11
554,113,103,104,92,123,139,98
555,5,11,12,13,6,11,8
556,6,5,4,3,9,7,3
557,21,22,16,18,16,10,11
558,2,8,2,5,2,2,2
559,7,8,13,12,8,3,10
560,36,25,36,40,38,41,28
561,0,0,0,2,1,0,1
562,4,2,3,9,2,4,2
563,13,10,28,15,9,17,11
564,25,43,39,49,60,46,27
565,15,32,14,18,27,26,12
566,16,11,13,13,24,15,11
567,0,1,0,1,0,1,0
568,18,32,17,40,24,35,18
569,1,2,3,3,1,2,3
570,26,18,31,22,22,34,11
571,6,2,6,4,0,3,2
572,12,12,12,18,8,7,14
573,4,7,6,8,8,11,4
574,0,8,2,1,3,0,2
575,9,4,6,9,4,6,7
576,2,7,6,6,10,14,10
577,37,38,39,35,30,35,20
578,0,0,3,1,0,0,0
579,8,3,3,7,9,5,5
580,42,46,41,48,72,44,32
581,0,0,0,1,1,1,0
582,5,5,2,0,4,3,5
583,2,7,11,11,16,10,12
584,26,31,30,46,46,28,39
585,8,2,6,3,4,1,4
586,0,5,0,2,0,2,2
587,11,17,15,15,20,15,8
588,12,15,14,14,16,12,7
589,12,14,10,13,21,15,17
590,0,1,0,2,0,1,2
591,23,12,19,18,20,11,20
592,25,29,22,34,40,34,36
593,2,8,12,8,9,1,6
594,4,5,4,6,7,6,5
595,6,5,7,5,3,1,3
596,15,15,7,12,12,12,7
597,6,8,5,3,8,10,1
598,1,0,3,1,3,0,1
599,1,1,1,0,1,0,0
600,3,9,3,11,10,5,6
601,3,6,1,7,1,5,2
602,1,1,0,0,0,0,0
603,2,0,1,0,1,1,0
604,5,2,3,2,3,4,3
605,9,17,16,14,13,7,9
606,35,33,30,38,46,25,18
607,4,8,7,2,2,2,5
608,1,2,0,5,0,2,1
609,0,0,0,0,1,1,0
610,10,8,17,13,20,31,10
611,2,0,0,1,2,2,3
612,4,6,8,5,5,3,5
613,7,4,7,15,24,19,17
614,40,61,64,63,61,77,38
615,23,22,31,34,27,23,24
616,49,38,27,45,39,30,27
617,0,5,3,2,1,1,2
618,18,10,9,2,0,0,0
619,97,92,77,115,96,98,83
620,10,9,14,9,17,9,7
621,4,2,2,6,0,2,4
622,13,11,19,20,32,20,15
623,9,10,6,10,5,10,11
624,3,5,1,3,5,3,0
625,8,7,13,6,9,10,9
626,4,6,3,3,3,4,1
627,0,0,0,1,1,0,0
628,15,14,10,19,21,14,5
629,7,6,3,10,13,9,6
630,3,2,1,8,5,13,3
631,0,0,1,0,2,0,0
632,0,2,0,1,5,1,5
633,3,5,7,1,6,6,5
634,1,1,2,1,0,4,0
635,2,1,2,1,3,1,2
636,9,6,8,6,8,6,3
637,7,5,7,3,2,3,7
638,27,29,16,22,20,16,13
639,12,15,10,10,8,14,16
640,22,38,29,41,26,31,22
641,2,0,1,0,0,2,1
642,6,7,3,10,10,8,10
643,5,2,9,5,7,11,3
644,6,5,8,5,3,4,9
645,4,1,2,1,2,1,1
646,3,3,5,1,6,1,6
647,109,120,114,145,124,113,86
648,1,0,3,4,4,1,3
649,1,2,1,1,1,3,1
650,6,6,6,9,4,11,6
651,6,11,11,8,6,8,6
652,15,5,6,13,13,12,4
653,2,6,2,7,3,5,2
654,13,5,12,6,8,4,14
655,8,7,7,7,5,4,3
656,11,7,12,14,7,9,8
657,4,4,3,2,10,8,5
658,9,14,10,16,5,8,4
659,6,10,4,7,7,3,4
660,0,0,1,1,1,6,1
661,22,15,24,19,17,13,20
662,5,4,5,8,2,2,2
663,4,1,2,5,2,2,7
664,15,10,12,24,15,18,13
665,54,51,43,29,45,44,25
666,18,10,9,18,6,16,8
667,12,22,13,7,13,22,8
668,24,13,22,25,27,11,11
669,42,56,28,47,33,47,35
670,12,5,5,9,15,13,8
671,52,43,31,59,72,42,23
672,10,5,7,11,7,11,14
673,11,9,18,9,22,11,6
674,15,14,10,13,14,5,6
675,40,54,56,78,44,80,64
676,14,18,7,20,23,37,15
677,8,6,8,12,11,16,10
678,0,0,0,2,0,0,1
679,28,22,29,21,31,29,31
680,5,5,8,9,3,7,3
681,19,25,26,19,27,31,21
682,3,11,10,11,9,3,0
683,19,15,23,24,29,25,13
684,9,9,6,10,7,6,6
685,0,7,1,1,3,4,2
686,8,2,6,9,4,11,10
687,8,14,10,13,12,11,14
688,0,1,5,1,3,0,1
689,7,6,13,7,10,12,2
690,7,5,5,3,5,2,3
691,5,3,1,4,0,3,4
692,26,18,34,27,23,19,24
693,0,2,4,6,1,3,1
694,1,1,2,0,1,1,0
695,104,98,111,133,207,170,82
696,0,1,0,0,1,0,10
697,6,5,10,6,6,4,3
698,0,0,2,1,1,1,1
699,1,3,0,7,0,8,2
700,1,0,3,0,1,0,0
701,6,7,2,5,4,6,2
702,15,9,9,2,13,7,2
703,0,0,0,0,0,0,0
704,8,8,7,7,6,3,4
705,13,13,10,12,18,20,20
706,4,10,7,4,5,8,2
707,4,6,3,5,4,6,1
708,6,20,9,7,9,10,12
709,10,9,7,3,11,5,8
710,8,21,10,19,19,13,8
711,14,9,12,14,2,4,10
712,23,24,16,37,33,10,14
713,12,5,8,15,12,10,5
714,14,23,21,14,26,15,9
715,56,36,42,70,48,53,35
716,17,7,11,6,5,2,9
717,8,7,6,6,9,8,9
718,3,11,1,7,4,4,2
719,9,4,7,4,9,6,7
720,1,5,1,2,0,5,1
721,11,5,5,8,11,3,9
722,4,7,3,1,2,0,2
723,5,3,3,5,3,1,3
724,21,23,22,37,16,20,30
725,11,12,7,9,8,3,7
726,5,12,8,4,3,8,10
727,51,56,41,61,56,75,38
728,3,0,4,2,2,2,2
729,46,42,28,46,36,54,37
730,2,1,4,2,5,4,5
731,21,16,14,16,9,9,10
732,8,15,6,4,13,11,10
733,3,2,1,2,7,3,2
734,37,27,43,28,33,19,14
735,14,14,24,22,8,23,14
736,0,0,2,2,3,1,1
737,65,64,64,56,69,47,46
738,7,16,14,10,20,19,23
739,8,13,10,6,15,5,1
740,13,13,8,8,7,12,4
741,3,1,4,2,2,6,1
742,28,29,28,32,29,16,27
743,2,1,2,1,0,1,1
744,15,18,12,17,21,17,14
745,1,1,2,2,1,8,2
746,33,35,33,35,33,43,42
747,27,24,20,40,31,27,34
748,17,19,13,10,8,11,16
749,1,1,1,1,1,0,0
750,37,31,20,35,37,20,15
751,5,13,4,5,14,7,6
752,8,8,8,5,15,12,6
753,8,6,18,10,6,5,3
754,1,1,2,1,1,2,1
755,23,12,17,29,29,25,18
756,12,6,13,5,7,11,8
757,13,21,17,30,24,27,20
758,1,0,0,1,0,1,0
759,1,6,3,7,4,4,5
760,4,3,4,7,1,4,3
761,13,11,2,8,6,3,8
762,2,2,7,3,2,6,4
763,30,39,32,31,28,16,26
764,5,3,6,3,3,9,5
765,6,2,1,2,2,5,2
766,6,2,3,3,5,2,5
767,88,59,69,126,74,63,52
768,2,7,8,10,6,4,2
769,8,21,25,17,24,14,6
770,5,1,6,5,2,4,3
771,21,22,27,16,26,31,27
772,31,33,23,42,29,56,25
773,20,36,18,30,34,30,27
774,50,53,67,60,63,41,42
775,30,17,27,20,17,16,14
776,15,22,20,21,17,38,9
777,6,4,5,2,4,3,2
778,6,4,3,1,7,3,4
779,8,16,13,15,3,19,8
780,3,2,9,6,1,4,7
781,46,31,35,40,58,44,35
782,25,33,26,35,15,22,24
783,12,10,4,4,6,4,3
784,17,16,19,22,25,15,21
785,9,4,3,2,3,7,3
786,11,13,18,16,10,9,15
787,30,29,26,27,39,38,25
788,4,3,4,4,7,7,3
789,9,48,14,15,7,8,11
790,3,5,3,4,4,3,3
791,11,14,8,14,9,18,17
792,0,1,4,2,2,1,0
793,3,4,2,1,5,4,5
794,4,4,3,3,3,1,0
795,1,0,1,3,0,1,3
796,1,6,5,3,5,6,1
797,19,29,20,20,23,35,18
798,7,8,2,1,6,6,11
799,553,619,594,639,666,708,520
800,1,3,12,3,4,4,2
801,4,3,9,4,3,4,1
802,17,24,37,27,38,35,22
803,2,1,4,4,1,1,3
804,32,37,55,28,39,33,38
805,2,1,1,0,1,0,3
806,5,8,8,5,16,12,5
807,37,25,14,9,21,29,27
808,35,20,43,54,43,65,47
809,2,2,3,0,1,1,1
810,1,0,0,0,2,1,0
811,5,18,13,9,9,12,5
812,4,3,8,9,3,4,2
813,10,6,13,6,3,8,4
814,6,3,4,4,11,7,6
815,5,4,9,6,5,4,4
816,32,34,56,55,38,50,37
817,5,10,10,12,7,14,7
818,3,3,4,1,1,1,3
819,12,8,13,7,6,6,8
820,7,8,10,10,8,7,8
821,1,0,0,0,1,3,0
822,26,21,16,13,15,31,13
823,4,2,2,0,6,6,1
824,2,8,5,5,6,8,4
825,2,2,2,5,4,4,1
826,5,5,9,15,7,10,3
827,0,2,0,1,1,0,0
828,3,2,7,5,4,5,0
829,6,6,9,14,6,4,6
830,6,9,6,10,16,15,10
831,16,16,10,15,7,10,6
832,0,1,0,0,3,0,0
833,12,5,6,8,9,3,13
834,4,2,10,8,11,11,5
835,23,5,7,5,1,7,2
836,12,15,20,29,16,22,5
837,2,5,4,3,6,3,1
838,0,0,1,0,0,0,2
839,55,43,43,58,75,47,51
840,8,13,10,14,15,23,12
841,3,2,0,1,1,2,2
842,7,23,7,7,12,10,5
843,17,13,14,12,18,16,12
844,98,98,118,106,147,117,75
845,5,5,3,2,5,6,0
846,8,7,8,12,12,10,5
847,2,2,4,8,5,5,7
848,24,27,34,25,10,10,15
849,1,0,2,1,2,3,2
850,32,17,29,25,15,28,15
851,3,1,3,6,0,1,4
852,120,143,117,148,297,225,106
853,12,14,20,19,23,19,6
854,15,8,16,6,16,12,7
855,7,4,3,3,7,4,6
856,2,0,2,1,1,2,2
857,35,36,28,28,24,43,18
858,2,6,8,3,6,8,4
859,2,3,2,1,0,3,2
860,2,3,1,4,4,2,3
861,12,8,9,17,11,16,6
862,5,9,3,3,7,5,4
863,3,1,2,2,3,2,1
864,21,14,31,22,28,23,11
865,6,6,7,11,16,15,14
866,3,7,4,2,2,1,3
867,13,20,13,13,5,5,24
868,19,34,20,19,14,18,11
869,4,3,5,10,2,5,8
870,10,9,12,4,14,6,13
871,7,7,3,13,16,11,10
872,10,4,8,7,9,7,4
873,7,9,21,19,10,10,15
874,1,1,2,3,1,0,0
875,0,3,3,1,2,0,1
876,10,7,11,8,16,12,6
877,31,42,20,37,29,26,28
878,3,5,3,2,3,2,1
879,8,9,5,11,12,10,5
880,3,2,3,4,7,2,0
881,9,7,7,5,9,7,7
882,9,15,9,6,13,6,10
883,6,8,7,4,4,6,2
884,2,3,10,4,6,1,7
885,143,217,186,192,231,255,172
886,10,13,8,8,5,5,5
887,132,116,107,192,317,271,106
888,7,3,5,0,3,4,2
889,9,9,7,5,17,8,5
890,18,16,14,10,27,11,16
891,34,28,46,51,87,63,32
892,3,5,15,3,4,4,2
893,32,18,12,12,6,14,10
894,33,31,54,55,67,38,18
895,8,12,5,6,3,2,6
896,0,0,3,2,1,1,1
897,42,32,26,47,62,85,36
898,37,30,34,34,29,35,29
899,0,1,1,3,2,1,0
900,15,14,20,16,19,13,21
901,2,2,3,0,3,3,1
902,1,8,6,5,3,3,10
903,3,3,2,2,3,7,4
904,39,21,23,32,41,19,27
905,0,1,0,0,1,1,4
906,2,0,2,2,0,2,0
907,1,8,6,6,3,4,3
908,2,3,0,0,4,1,0
909,18,13,21,20,21,13,13
910,7,1,4,4,7,6,3
911,12,17,21,14,5,19,20
912,7,8,7,8,13,5,12
913,4,3,4,2,7,6,5
914,4,13,7,12,11,10,4
915,18,16,14,17,21,22,14
916,32,32,21,30,29,20,42
917,0,0,0,0,1,0,3
918,23,17,12,8,14,13,9
919,5,2,6,4,7,10,6
920,4,4,3,1,2,2,1
921,5,12,12,6,9,8,14
922,11,11,7,10,10,9,4
923,7,11,11,6,14,6,5
924,2,0,5,1,0,1,1
925,5,10,4,5,8,5,7
926,18,11,15,17,25,21,9
927,74,154,41,34,49,38,36
928,45,60,45,67,43,54,62
929,11,10,17,12,26,22,8
930,6,10,4,2,7,2,2
931,4,4,9,5,6,4,6
932,6,2,3,8,4,3,5
933,1,4,2,4,2,3,2
934,10,9,8,10,13,9,5
935,18,30,26,18,10,18,51
936,12,6,17,9,16,16,10
937,9,6,14,8,19,24,16
938,0,0,0,0,1,2,0
939,8,3,5,0,4,2,5
940,1,1,2,1,2,0,0
941,6,1,7,7,4,10,6
942,7,7,7,3,1,6,7
943,5,3,1,4,9,4,1
944,92,73,64,69,53,55,75
945,13,6,3,2,17,2,10
946,2,4,4,1,3,2,0
947,0,0,0,1,2,1,0
948,3,4,11,2,5,2,4
949,12,5,4,6,5,8,4
950,1,1,1,1,3,2,2
951,1,5,4,2,3,3,3
952,9,7,8,15,11,4,6
953,6,7,12,5,3,6,12
954,109,100,100,123,89,106,116
955,11,9,8,11,11,11,10
956,1,2,1,4,1,1,0
957,12,12,10,9,8,13,15
958,11,15,8,4,10,7,7
959,5,13,10,8,4,4,8
960,5,9,5,3,7,9,3
961,9,19,18,14,24,27,22
962,15,9,12,9,12,10,19
963,3,4,2,6,4,2,1
964,8,17,18,11,20,15,12
965,7,8,7,8,7,4,3
966,6,6,4,9,7,5,5
967,6,0,6,2,3,2,4
968,0,0,1,1,3,0,0
969,102,102,105,105,82,93,74
970,0,0,0,0,0,0,1
971,4,8,4,3,9,4,4
972,18,12,16,31,26,24,23
973,1,2,2,0,1,0,1
974,3,4,11,4,6,3,11
975,8,22,8,11,14,16,14
976,2,2,0,1,1,3,4
977,11,9,10,5,8,9,7
978,1,7,1,6,9,4,4
979,6,5,8,7,9,9,9
980,8,9,11,12,9,12,5
981,16,28,54,30,35,40,23
982,4,12,10,12,12,5,7
983,4,14,1,3,5,5,5
984,19,15,21,17,26,24,16
985,0,1,2,0,0,0,0
986,2,3,5,3,5,7,3
987,4,5,2,9,6,5,4
988,19,42,25,16,35,23,10
989,6,6,8,6,8,3,3
990,10,13,17,10,18,24,9
991,3,3,1,3,1,2,0
992,7,4,5,10,4,2,3
993,10,8,10,2,5,11,4
994,9,8,5,9,86,9,6
995,3,3,4,3,3,6,3
996,4,2,4,1,1,2,1
997,133,142,108,124,151,158,129
998,4,1,5,2,1,6,7
999,24,44,45,21,13,16,24
1000,55,34,40,32,36,53,21
1001,17,17,18,8,33,28,14
1002,3,2,1,3,4,4,2
1003,3,8,4,5,3,1,6
1004,2,1,3,0,5,1,0
1005,4,4,5,3,4,4,4
1006,18,19,22,32,28,19,21
1007,0,0,0,2,0,2,0
1008,72,63,64,84,69,66,50
1009,4,1,0,3,2,5,4
1010,1,2,3,2,5,8,3
1011,0,1,1,2,1,0,2
1012,3,4,6,4,2,2,1
1013,0,0,0,2,0,0,0
1014,2,5,8,3,7,4,2
1015,2,3,2,3,2,1,3
1016,4,1,4,3,1,1,0
1017,92,84,78,105,81,60,61
1018,7,7,2,7,21,14,8
1019,10,26,17,13,20,14,15
1020,0,0,0,0,1,0,1
1021,0,0,1,1,2,1,0
1022,1,0,3,1,2,0,1
1023,11,8,14,14,15,9,12
1024,2,2,1,1,1,0,0
1025,13,20,27,21,23,18,9
1026,18,8,6,14,9,11,11
1027,6,8,4,9,4,7,12
1028,0,0,0,0,0,0,0
1029,4,6,4,9,8,3,6
1030,12,16,16,27,11,8,18
1031,33,22,26,19,17,30,19
1032,20,11,8,15,14,18,18
1033,22,28,30,63,23,52,16
1034,29,32,25,25,19,27,38
1035,12,23,16,17,26,29,16
1036,6,3,9,3,4,6,8
1037,34,25,29,38,25,42,31
1038,3,2,1,1,3,0,1
1039,8,13,12,14,14,19,7
1040,7,7,8,7,16,8,4
1041,19,26,16,24,19,20,21
1042,9,10,9,7,15,10,10
1043,21,19,25,15,22,33,13
1044,28,36,29,28,18,32,23
1045,0,0,2,2,2,0,0
1046,0,0,0,0,0,1,0
1047,3,7,11,4,8,8,8
1048,0,0,1,2,1,0,0
1049,16,14,24,34,17,17,15
1050,2,5,6,4,1,3,4
1051,2,2,3,1,7,3,0
1052,3,14,11,10,14,11,6
1053,0,0,0,1,1,3,0
1054,2,4,3,7,4,3,2
1055,6,4,5,4,8,1,5
1056,9,3,1,3,5,3,4
1057,8,9,8,10,10,3,6
1058,5,4,1,9,1,6,6
1059,4,2,5,5,8,8,3
1060,4,3,1,5,3,1,2
1061,40,36,28,36,36,34,28
1062,16,18,11,9,3,10,6
1063,23,22,34,34,41,34,34
1064,1,0,0,0,4,2,1
1065,7,6,2,4,9,5,3
1066,18,8,16,5,5,3,18
1067,2,1,1,2,7,2,0
1068,9,5,1,14,1,2,3
1069,16,20,23,20,38,14,14
1070,3,3,3,1,4,8,6
1071,6,2,5,1,3,4,2
1072,13,20,22,20,21,12,8
1073,2,1,2,3,0,3,5
1074,1,1,6,1,2,4,1
1075,22,26,18,26,16,22,14
1076,0,4,4,5,4,6,1
1077,9,7,16,14,13,16,15
1078,11,12,5,7,5,6,17
1079,13,11,8,9,9,9,5
1080,11,4,4,11,6,4,3
1081,0,1,1,1,5,4,1
1082,7,6,6,3,8,5,7
1083,5,2,3,3,2,5,2
1084,4,7,10,11,22,14,13
1085,13,11,24,18,19,17,9
1086,7,8,6,5,2,4,4
1087,35,48,44,39,60,71,62
1088,4,4,7,10,10,6,5
1089,5,2,3,9,3,8,4
1090,7,3,2,3,2,1,1
1091,3,12,9,5,12,7,3
1092,14,15,10,14,26,14,7
1093,8,4,5,4,1,2,5
1094,19,16,43,30,35,26,12
1095,1,2,0,0,1,0,1
1096,1,4,4,3,3,2,3
1097,11,16,13,9,13,5,3
1098,2,2,3,3,1,0,0
1099,7,15,11,11,7,14,13
1100,2,4,3,4,2,3,3
1101,23,24,20,26,26,20,16
1102,59,58,49,46,40,46,40
1103,2,4,9,5,11,4,6
1104,10,5,7,13,31,31,16
1105,7,5,4,2,8,3,6
1106,4,3,1,6,4,4,2
1107,2,2,0,3,2,8,2
1108,121,122,163,145,188,187,103
1109,12,9,14,6,9,14,9
1110,7,5,9,6,5,2,2
1111,2,1,0,0,0,0,0
1112,13,14,30,24,16,27,13
1113,2,1,5,7,4,4,3
1114,7,12,2,2,9,4,4
1115,5,1,10,1,5,3,4
1116,15,18,13,13,12,8,13
1117,67,67,76,73,50,49,46
1118,18,13,18,26,25,21,18
1119,11,4,10,7,4,8,7
1120,19,5,13,15,17,12,12
1121,15,17,10,30,23,24,18
1122,6,6,12,3,5,6,5
1123,59,40,62,36,59,28,24
1124,4,5,2,6,3,6,2
1125,21,40,25,39,23,35,30
1126,10,21,18,15,24,31,12
1127,27,12,19,16,9,15,13
1128,66,78,86,69,82,68,56
1129,20,28,15,23,48,33,29
1130,1,6,5,1,3,2,0
1131,14,7,11,16,8,7,12
1132,1,0,2,0,3,3,1
1133,2,3,1,2,0,1,2
1134,1,4,12,15,7,19,4
1135,8,11,16,14,30,28,11
1136,5,7,4,3,6,13,2
1137,2,5,7,4,4,6,3
1138,5,2,2,2,3,4,1
1139,9,26,29,24,16,29,17
1140,4,8,6,4,4,0,5
1141,16,15,16,17,22,21,14
1142,307,349,292,243,275,237,267
1143,10,11,5,6,9,10,3
1144,2,1,1,3,5,3,1
1145,5,4,3,1,1,1,1
1146,9,8,4,3,6,6,1
1147,8,9,9,19,12,12,14
1148,0,1,0,1,1,0,1
1149,15,10,8,13,15,15,15
1150,13,10,10,24,18,17,5
1151,18,18,17,13,15,20,9
1152,2,9,6,3,8,5,0
1153,8,11,15,9,8,10,4
1154,7,12,3,3,19,8,6
1155,3,5,0,2,5,2,4
1156,58,50,37,49,51,43,26
1157,2,0,0,2,2,0,2
1158,1,2,1,1,2,2,1
1159,2,6,8,12,11,10,12
1160,0,2,0,3,1,1,4
1161,7,8,11,20,16,18,10
1162,1,6,4,7,5,3,2
1163,4,5,3,3,5,3,2
1164,8,9,10,13,4,6,12
1165,19,23,17,14,14,12,11
1166,23,27,13,14,23,14,9
1167,20,17,23,21,34,18,25
1168,31,36,40,40,35,20,16
1169,13,9,10,6,5,7,5
1170,0,0,1,0,0,2,1
1171,24,14,32,28,48,32,22
1172,118,114,124,111,106,98,91
1173,13,38,12,7,15,7,9
1174,0,2,3,2,2,3,0
1175,22,31,35,22,32,31,23
1176,3,3,4,4,4,9,6
1177,5,3,6,1,1,2,1
1178,7,10,12,14,11,6,14
1179,9,10,6,9,6,7,3
1180,1,3,0,4,6,3,1
1181,29,40,30,48,34,44,24
1182,2,1,2,2,2,1,3
1183,2,0,0,4,1,2,0
1184,4,3,8,2,6,4,3
1185,1,2,2,0,0,0,3
1186,0,0,0,0,0,1,0
1187,10,11,14,21,17,24,14
1188,11,5,8,4,3,4,9
1189,4,0,3,5,6,5,7
1190,80,50,46,56,71,67,56
1191,0,0,0,1,0,0,1
1192,5,10,4,4,13,8,7
1193,4,3,5,3,2,1,1
1194,2,2,3,1,3,5,3
1195,18,15,11,32,17,25,9
1196,11,11,16,14,16,10,3
1197,6,13,11,22,16,11,3
1198,3,1,1,3,2,1,0
1199,2,1,0,0,1,0,0
1200,4,1,0,0,0,2,1
1201,2,2,2,5,4,1,5
1202,36,81,48,41,27,47,35
1203,4,9,5,9,8,4,4
1204,1,7,8,3,2,3,2
1205,58,87,123,111,52,167,124
1206,0,0,1,5,0,2,1
1207,14,3,4,18,12,10,2
1208,15,24,16,15,12,17,4
1209,8,4,5,7,5,8,2
1210,59,61,41,36,35,35,47
1211,8,12,17,8,14,15,8
1212,2,1,2,3,2,3,1
1213,13,20,19,16,6,8,10
1214,5,3,1,1,2,0,0
1215,0,0,1,2,0,0,0
1216,8,7,8,7,8,3,6
1217,27,21,20,25,28,35,26
1218,0,0,0,1,0,1,0
1219,5,11,7,13,7,14,2
1220,2,0,0,1,0,1,0
1221,95,36,24,32,28,40,27
1222,4,2,5,7,5,1,5
1223,4,2,3,3,0,2,2
1224,8,12,8,14,11,12,11
1225,13,10,6,7,7,4,8
1226,5,6,9,9,20,15,10
1227,5,11,5,5,7,5,7
1228,1,1,1,2,7,3,3
1229,8,6,10,11,12,5,5
1230,4,7,1,2,3,5,5
1231,46,45,49,39,56,33,24
1232,1,2,0,3,0,0,3
1233,14,14,9,9,10,9,8
1234,11,14,16,5,10,10,10
1235,5,3,1,2,5,3,1
1236,2,5,3,0,4,3,0
1237,0,9,8,5,8,5,1
1238,1,1,3,0,0,1,1
1239,1,0,1,2,0,2,0
1240,0,1,2,1,0,2,2
1241,4,2,1,1,1,1,5
1242,32,46,141,77,98,49,114
1243,1,6,2,4,2,2,2
1244,21,25,13,28,21,38,32
1245,1,1,0,2,0,0,0
1246,0,1,2,0,4,4,3
1247,2,9,8,6,8,11,3
1248,0,0,2,0,1,1,0
1249,14,6,14,11,7,4,13
1250,0,2,0,0,3,0,3
1251,3,2,2,1,2,7,5
1252,33,31,29,23,41,20,17
1253,0,4,0,0,2,4,1
1254,4,0,5,1,7,4,5
1255,15,11,9,25,13,13,5
1256,2,5,3,5,5,7,4
1257,15,6,10,9,9,8,4
1258,5,14,9,12,9,15,11
1259,9,6,12,11,5,7,5
1260,11,7,7,12,9,8,5
1261,9,6,2,4,7,2,7
1262,4,6,3,2,2,6,2
1263,30,30,28,17,22,24,16
1264,24,28,21,25,25,33,10
1265,7,5,5,3,4,2,2
1266,2,1,1,2,0,0,4
1267,3,0,1,0,0,1,0
1268,6,5,3,3,6,5,2
1269,3,4,4,5,3,2,6
1270,14,16,6,18,10,26,16
1271,8,11,9,10,13,10,10
1272,2,1,5,4,9,4,0
1273,12,17,12,11,17,23,13
1274,0,0,0,1,0,1,1
1275,16,14,26,8,22,23,14
1276,10,13,12,13,11,7,5
1277,13,10,7,6,9,3,2
1278,5,4,5,5,8,7,4
1279,1,0,0,1,1,2,0
1280,6,3,3,6,2,10,1
1281,6,6,11,12,23,11,2
1282,20,39,25,25,12,19,24
1283,4,4,8,9,8,2,2
1284,13,17,13,11,16,23,20
1285,3,1,3,0,4,4,2
1286,11,23,26,17,18,14,15
1287,6,4,6,15,9,11,4
1288,11,22,11,22,10,12,20
1289,17,9,8,11,10,12,12
1290,17,12,6,12,8,13,6
1291,34,38,27,28,61,58,21
1292,51,34,36,35,34,50,43
1293,2,8,9,12,7,8,8
1294,23,20,15,19,14,21,24
1295,11,4,13,6,13,11,5
1296,14,19,19,27,25,22,10
1297,14,19,14,17,19,18,9
1298,6,13,8,3,8,4,6
1299,20,35,28,39,28,16,23
1300,2,1,2,3,5,3,0
1301,33,39,33,27,46,27,29
1302,26,19,20,28,15,24,14
1303,0,2,0,0,0,0,0
1304,8,10,12,20,13,10,7
1305,2,4,4,4,4,4,3
1306,7,2,5,5,10,6,5
1307,9,11,11,7,6,5,9
1308,10,10,12,13,14,12,10
1309,17,13,8,9,8,7,5
1310,15,14,17,19,9,13,9
1311,93,82,69,73,79,71,65
1312,27,33,38,33,34,29,22
1313,39,39,36,57,68,66,48
1314,9,20,6,20,13,21,17
1315,10,7,17,20,11,17,16
1316,6,1,2,1,5,3,4
1317,9,7,5,4,8,8,5
1318,5,4,4,4,4,3,2
1319,8,8,12,15,10,13,5
1320,1,3,5,7,3,13,7
1321,0,5,1,1,0,2,1
1322,481,513,413,484,682,563,412
1323,1,5,8,7,4,6,3
1324,8,11,13,20,11,5,14
1325,14,9,8,13,14,13,5
1326,2,5,3,2,12,16,10
1327,5,10,15,8,5,3,4
1328,18,6,15,12,12,3,10
1329,1,2,1,0,0,0,1
1330,10,17,10,26,23,17,16
1331,4,9,14,7,8,8,7
1332,20,20,18,21,20,29,15
1333,0,3,4,0,1,3,1
1334,0,1,2,2,0,2,0
1335,8,10,10,11,7,6,10
1336,1,0,1,0,2,0,0
1337,13,7,13,13,5,16,11
1338,18,24,12,13,21,28,14
1339,11,9,12,8,4,12,7
1340,36,30,33,33,35,17,39
1341,4,7,6,6,11,7,5
1342,9,13,5,8,6,4,4
1343,7,2,3,7,8,2,1
1344,2,2,2,3,4,0,1
1345,6,4,9,4,4,9,4
1346,21,25,24,30,29,31,21
1347,10,12,8,11,18,18,5
1348,11,24,14,9,10,9,14
1349,14,15,17,10,14,12,11
1350,48,45,30,55,59,53,31
1351,4,1,7,3,0,5,4
1352,15,14,11,15,11,12,7
1353,13,13,5,7,11,10,9
1354,10,9,10,11,8,10,5
1355,52,42,26,41,44,37,26
1356,28,35,26,28,48,36,24
1357,16,9,13,17,10,17,16
1358,6,7,6,6,23,6,1
1359,3,3,4,5,10,9,0
1360,3,3,4,2,0,1,0
1361,4,1,2,2,2,1,1
1362,63,65,78,96,88,85,83
1363,11,6,6,6,13,9,6
1364,9,3,2,8,10,9,4
1365,27,17,21,27,29,21,20
1366,4,0,2,2,3,1,2
1367,9,5,9,8,6,6,9
1368,2,0,1,0,1,2,7
1369,8,5,2,3,3,6,7
1370,5,9,7,9,8,7,6
1371,16,9,9,5,3,6,7
1372,11,16,11,15,15,8,7
1373,19,11,18,17,24,22,11
1374,9,8,9,16,9,9,9
1375,5,2,3,1,5,4,2
1376,77,85,224,182,226,214,89
1377,42,42,35,44,33,49,28
1378,5,3,1,6,7,7,9
1379,1,0,2,0,0,0,1
1380,7,10,9,7,7,7,3
1381,4,6,5,7,5,5,3
1382,2,0,1,1,0,1,1
1383,11,2,8,5,6,8,2
1384,3,2,12,2,6,3,1
1385,1,0,5,3,1,0,4
1386,8,3,0,6,4,5,10
1387,5,2,1,6,7,8,3
1388,26,22,26,29,39,33,32
1389,4,8,7,10,13,14,10
1390,2,0,2,4,2,1,0
1391,1,2,2,1,0,0,2
1392,15,13,15,7,15,7,9
1393,23,9,12,20,24,17,7
1394,1,0,1,0,2,2,0
1395,12,18,21,17,16,19,12
1396,1,1,2,3,1,4,0
1397,29,56,40,62,67,27,16
1398,2,2,4,7,5,3,3
1399,8,5,8,8,7,7,26
1400,0,1,2,1,2,1,2
1401,12,31,11,14,13,24,8
1402,5,6,4,3,2,8,7
1403,1,3,1,2,9,0,0
1404,6,4,3,9,9,2,5
1405,3,1,2,3,2,0,2
1406,4,3,1,1,3,3,1
1407,11,4,7,5,6,7,5
1408,4,2,2,4,7,1,3
1409,54,55,49,60,45,72,48
1410,13,22,17,16,14,22,3
1411,25,20,23,43,41,36,17
1412,9,13,23,26,25,26,5
1413,3,7,7,6,5,8,3
1414,0,1,0,1,1,0,0
1415,0,0,2,1,3,1,3
1416,1,3,3,4,1,7,2
1417,8,5,3,6,10,6,3
1418,2,2,4,6,0,2,1
1419,4,4,6,4,8,5,9
1420,0,1,1,0,0,0,1
1421,13,2,5,9,3,10,7
1422,15,27,15,10,11,16,7
1423,7,8,8,5,6,5,6
1424,21,14,16,22,14,23,14
1425,2,0,0,4,0,0,0
1426,8,3,4,1,3,0,0
1427,216,202,182,193,217,220,193
1428,13,16,10,16,30,18,16
1429,9,7,3,7,4,5,5
1430,0,0,0,1,1,0,1
1431,15,8,18,8,10,8,13
1432,24,34,47,37,32,29,24
1433,6,0,6,6,3,4,2
1434,5,16,11,6,8,11,10
1435,7,10,3,3,9,2,6
1436,22,30,15,23,14,7,6
1437,19,11,15,17,13,20,14
1438,58,59,41,47,72,46,34
1439,4,7,7,7,2,7,4
1440,37,25,24,33,43,36,34
1441,3,5,5,5,16,3,5
1442,1,2,5,3,4,6,4
1443,1,14,9,6,7,21,7
1444,5,0,4,6,9,5,1
1445,4,4,9,3,3,1,3
1446,0,0,2,0,0,1,1
1447,3,5,0,4,4,2,4
1448,50,45,57,45,36,75,54
1449,15,18,24,18,18,15,11
1450,12,9,6,13,31,20,12
1451,10,12,8,20,23,34,20
1452,34,30,36,70,40,40,29
1453,28,38,22,27,23,28,23
1454,21,29,17,15,12,19,12
1455,2,2,2,1,1,1,3
1456,18,19,11,22,11,14,9
1457,3,3,3,1,1,3,3
1458,22,32,29,32,48,47,19
1459,14,34,14,15,13,21,16
1460,19,10,6,16,26,20,13
1461,16,28,32,28,37,24,38
1462,4,1,2,6,4,2,4
1463,3,11,10,4,9,4,8
1464,0,3,2,0,4,2,0
1465,17,11,14,16,31,9,8
1466,9,5,6,3,5,13,7
1467,59,62,54,41,65,48,30
1468,0,1,0,1,3,2,1
1469,77,64,71,75,124,108,72
1470,10,10,10,7,4,5,9
1471,13,16,7,7,17,22,16
1472,15,19,6,14,3,12,13
1473,5,8,6,5,8,7,6
1474,9,8,7,3,9,10,2
1475,18,20,16,15,22,23,17
1476,0,0,2,1,3,0,2
1477,24,34,26,34,17,18,19
1478,229,247,305,263,191,267,356
1479,7,8,9,5,10,16,9
1480,62,62,39,48,26,27,50
1481,10,29,25,13,16,11,20
1482,17,14,14,10,25,20,15
1483,13,26,14,22,21,26,21
1484,26,39,30,42,39,23,22
1485,16,9,16,24,23,20,14
1486,6,5,7,5,6,3,3
1487,1,3,7,1,2,1,2
1488,1,3,0,1,0,1,1
1489,37,19,31,23,34,25,15
1490,34,43,31,40,55,32,35
1491,19,31,29,21,34,28,20
1492,2,0,3,2,3,5,1
1493,2,1,4,1,2,1,2
1494,9,9,5,4,3,3,6
1495,0,0,1,1,1,0,1
1496,1,2,1,3,1,3,3
1497,1,2,3,1,1,1,2
1498,1,6,3,9,8,3,3
1499,2,1,5,2,3,0,0
1500,0,2,3,2,3,2,1
1501,12,18,6,4,3,1,0
1502,2,5,3,3,1,5,3
1503,15,20,9,13,7,6,14
1504,1,2,10,1,3,7,1
1505,0,1,2,1,0,0,0
1506,57,46,59,64,64,67,47
1507,3,2,3,2,2,3,0
1508,2,4,0,2,3,4,1
1509,12,18,14,16,11,14,12
1510,0,1,1,2,4,2,1
1511,8,8,12,13,7,8,0
1512,43,36,48,45,46,43,44
1513,32,17,21,28,31,25,18
1514,4,5,9,12,1,7,7
1515,3,2,7,2,4,3,4
1516,0,0,1,0,4,0,0
1517,9,8,12,14,10,12,4
1518,52,80,58,63,63,52,61
1519,9,8,10,11,16,6,5
1520,1,3,1,1,3,1,0
1521,5,9,7,5,13,7,4
1522,1,1,0,7,3,5,3
1523,7,5,3,8,6,5,3
1524,27,21,16,39,40,27,24
1525,118,110,84,126,96,97,111
1526,2,10,3,6,4,1,1
1527,15,21,17,35,20,17,17
1528,16,30,25,13,21,14,12
1529,6,3,7,2,7,7,10
1530,20,12,24,25,13,21,23
1531,12,9,9,6,13,5,5
1532,8,7,13,9,7,11,8
1533,11,10,20,11,19,14,10
1534,4,1,0,1,1,1,0
1535,45,26,54,56,47,22,14
1536,3,0,6,2,2,3,2
1537,15,15,24,18,33,20,18
1538,20,16,30,25,42,29,17
1539,517,583,624,610,705,640,493
1540,22,20,26,29,24,30,24
1541,11,13,8,8,10,10,7
1542,7,18,17,8,9,13,5
1543,2,0,0,1,1,1,0
1544,7,10,6,5,14,4,9
1545,2,5,8,4,7,4,3
1546,8,4,7,3,4,2,3
1547,48,33,38,40,57,45,41
1548,1,1,3,1,2,4,1
1549,2,2,4,4,2,3,2
1550,6,4,4,3,5,6,5
1551,11,18,22,19,20,17,21
1552,28,35,17,24,19,12,23
1553,71,80,48,36,67,67,27
1554,8,5,12,6,4,5,11
1555,5,6,1,6,8,6,7
1556,12,11,10,9,8,12,8
1557,53,36,31,44,70,65,39
1558,2,3,5,6,3,4,4
1559,46,58,67,45,54,59,46
1560,49,46,41,47,46,36,44
1561,2,3,3,4,5,3,3
1562,7,8,7,3,8,2,2
1563,3,2,9,2,8,7,3
1564,27,21,22,32,28,27,16
1565,4,5,2,4,3,1,3
1566,2,0,0,2,2,1,1
1567,3,5,5,3,8,4,5
1568,20,27,20,24,35,36,17
1569,2,1,0,1,0,3,2
1570,2,1,1,2,0,0,1
1571,11,8,12,10,4,5,10
1572,19,33,18,20,12,19,32
1573,3,6,3,7,3,2,2
1574,13,11,16,16,9,8,11
1575,6,11,10,4,12,6,10
1576,27,35,45,38,28,53,35
1577,8,7,3,8,4,2,8
1578,2,1,3,1,2,4,0
1579,22,21,14,18,31,21,9
1580,5,4,7,12,9,5,1
1581,9,10,17,11,12,10,14
1582,10,12,10,11,21,13,10
1583,31,21,25,21,37,14,21
1584,4,1,3,1,1,2,0
1585,7,6,6,7,6,2,7
1586,41,46,49,33,55,44,36
1587,15,13,15,16,3,8,8
1588,23,21,26,17,22,23,11
1589,5,5,4,5,5,7,1
1590,35,27,17,20,20,28,21
1591,7,9,13,13,5,8,7
1592,10,10,15,12,9,7,15
1593,13,9,11,12,13,16,12
1594,8,27,11,7,8,13,14
1595,331,304,290,166,181,197,181
1596,7,7,7,7,8,5,8
1597,20,12,17,12,2,2,12
1598,0,0,0,0,0,0,0
1599,4,2,1,0,3,2,4
1600,4,11,2,5,3,6,8
1601,12,9,4,0,10,4,5
1602,8,9,14,12,8,10,9
1603,13,13,22,25,14,10,8
1604,8,20,8,11,11,16,8
1605,13,17,27,9,16,15,9
1606,3,2,7,5,2,6,4
1607,8,47,16,21,7,10,10
1608,5,9,6,7,9,8,5
1609,17,16,13,10,13,11,7
1610,19,10,13,15,9,10,10
1611,18,12,11,10,19,12,7
1612,0,0,4,0,3,0,2
1613,2,5,1,1,0,0,1
1614,14,9,3,4,21,10,6
1615,1,2,0,0,0,0,3
1616,9,29,22,27,17,17,6
1617,2,0,1,1,0,0,1
1618,27,23,30,41,40,24,21
1619,6,10,18,8,13,12,10
1620,7,4,7,3,9,7,4
1621,6,3,8,7,3,0,6
1622,0,2,0,3,3,1,1
1623,52,34,20,29,37,31,18
1624,67,44,63,73,67,50,54
1625,1,0,0,1,1,1,1
1626,6,9,6,9,16,11,3
1627,32,15,21,18,22,10,9
1628,4,6,8,2,2,2,2
1629,88,74,70,56,129,101,50
1630,4,3,7,8,7,5,5
1631,7,8,8,7,9,9,5
1632,1,0,0,1,1,0,0
1633,25,22,23,17,7,20,13
1634,7,6,5,9,9,4,6
1635,5,16,10,9,4,9,11
1636,6,2,2,5,8,6,3
1637,2,2,4,1,1,1,3
1638,5,6,0,3,4,8,1
1639,31,39,32,18,41,44,35
1640,0,0,0,2,5,0,1
1641,3,3,5,2,9,6,3
1642,43,39,55,49,35,33,47
1643,13,21,27,18,17,14,22
1644,32,31,22,31,31,20,17
1645,8,10,9,9,10,7,9
1646,63,59,46,50,60,72,54
1647,16,13,14,20,25,14,14
1648,1,3,2,5,1,3,3
1649,16,25,17,14,20,22,18
1650,11,6,9,8,11,14,15
1651,8,15,36,15,13,15,16
1652,8,3,3,4,3,8,3
1653,3,2,2,3,5,2,5
1654,33,19,13,13,22,17,10
1655,7,8,4,11,6,8,5
1656,2,11,3,1,5,5,3
1657,0,1,1,0,1,1,1
1658,18,19,11,5,13,5,6
1659,7,8,12,7,9,12,12
1660,20,18,21,16,42,19,18
1661,9,12,3,12,11,10,7
1662,18,7,6,19,37,41,16
1663,15,15,18,16,15,10,11
1664,16,14,22,19,30,21,9
1665,0,0,0,3,1,1,0
1666,32,40,46,38,45,30,16
1667,18,10,13,17,11,12,9
1668,1,2,2,2,5,0,1
1669,1,6,4,6,4,1,1
1670,469,455,467,581,650,625,447
1671,8,5,1,14,15,15,13
1672,35,48,24,35,47,36,44
1673,18,18,20,17,28,27,11
1674,8,2,4,5,3,1,4
1675,6,5,3,5,2,5,6
1676,0,1,0,1,0,1,1
1677,612,540,642,688,782,698,654
1678,6,4,4,0,5,5,3
1679,8,5,7,6,8,6,2
1680,0,2,0,0,2,0,0
1681,3,3,1,4,2,4,0
1682,18,20,11,9,20,18,11
1683,5,3,5,4,10,7,2
1684,2,4,4,7,6,5,13
1685,11,3,10,5,3,10,9
1686,1,2,0,0,0,0,0
1687,10,18,8,21,17,11,6
1688,1,3,3,3,2,3,3
1689,24,13,8,19,23,17,17
1690,17,33,27,37,29,13,18
1691,6,1,1,4,3,2,1
1692,79,85,99,140,120,96,48
1693,7,3,5,5,3,8,6
1694,0,0,0,0,0,1,2
1695,4,5,6,0,1,2,1
1696,0,3,0,0,0,0,0
1697,8,6,4,3,6,9,11
1698,1,6,5,0,0,8,2
1699,18,14,16,19,21,26,38
1700,16,13,13,16,10,15,11
1701,3,3,1,2,4,5,2
1702,2,2,3,2,1,0,1
1703,11,3,7,9,8,10,3
1704,10,13,7,14,11,7,6
1705,1,1,5,1,1,8,0
1706,1,3,2,0,0,0,0
1707,9,14,13,6,14,15,11
1708,2,2,1,1,2,1,1
1709,2,2,0,0,0,2,2
1710,10,6,9,10,10,10,10
1711,1,1,0,1,1,0,0
1712,48,33,30,39,38,41,25
1713,5,2,2,10,6,3,3
1714,5,5,6,6,9,6,3
1715,3,9,11,5,9,23,7
1716,13,9,8,16,8,1,6
1717,19,18,17,33,28,18,16
1718,14,11,10,6,6,8,2
1719,6,9,2,5,13,7,12
1720,20,23,21,21,16,16,15
1721,1,3,3,3,2,3,3
1722,1,0,4,3,6,4,8
1723,29,25,34,23,34,27,16
1724,2,3,0,4,3,3,1
1725,5,6,6,13,10,7,7
1726,21,36,39,24,39,38,27
1727,6,7,4,4,6,3,14
1728,1,1,2,1,1,1,0
1729,6,2,2,7,17,4,6
1730,66,57,59,52,80,62,40
1731,2,0,0,1,0,0,1
1732,26,26,19,20,26,21,20
1733,3,5,4,3,4,3,7
1734,2,5,8,1,0,0,0
1735,15,8,9,19,14,13,12
1736,3,5,6,7,2,2,4
1737,1,6,8,6,5,2,4
1738,5,0,1,0,1,1,6
1739,9,13,14,13,14,8,13
1740,3,0,8,0,0,0,0
1741,0,2,0,2,2,0,2
1742,0,3,4,5,3,0,1
1743,5,10,12,11,6,9,8
1744,13,10,6,14,12,13,9
1745,43,46,50,65,65,62,48
1746,7,12,11,12,9,9,7
1747,10,3,6,9,12,7,1
1748,47,42,37,39,55,40,32
1749,2,1,2,2,2,4,3
1750,9,12,5,9,9,9,6
1751,11,17,17,22,29,23,14
1752,0,0,0,0,0,0,0
1753,1,5,0,4,5,3,2
1754,5,7,3,1,4,2,4
1755,7,3,6,8,6,2,1
1756,19,24,17,19,30,41,29
1757,0,0,0,0,0,0,0
1758,4,7,4,7,8,10,2
1759,4,3,3,4,7,3,1
1760,22,11,25,15,18,17,22
1761,21,26,26,15,31,22,14
1762,1,10,4,2,4,1,5
1763,16,4,11,7,10,6,9
1764,0,0,1,0,0,0,0
1765,23,35,20,17,4,16,8
1766,4,10,8,0,2,0,2
1767,7,14,8,10,11,2,6
1768,1,0,5,3,3,1,0
1769,1,0,3,0,2,1,1
1770,6,7,16,6,10,6,5
1771,1,1,2,4,5,5,1
1772,3,2,1,3,6,7,1
1773,14,16,7,5,11,6,10
1774,9,3,1,2,1,2,5
1775,29,31,31,42,54,36,22
1776,13,18,19,12,14,7,9
1777,0,2,3,0,5,1,0
1778,1,0,3,1,0,4,1
1779,9,7,14,16,9,11,14
1780,17,16,10,18,27,10,9
1781,3,2,4,3,9,4,7
1782,0,2,1,1,1,1,0
1783,52,44,27,52,57,65,46
1784,37,37,35,39,27,39,32
1785,3,0,1,0,1,1,6
1786,164,185,212,238,170,206,244
1787,4,9,10,3,7,8,10
1788,63,57,73,59,61,63,61
1789,4,1,0,4,3,2,4
1790,23,14,10,15,8,8,8
1791,17,12,13,13,11,6,6
1792,9,12,5,10,20,7,15
1793,1,0,0,2,0,1,0
1794,2,2,9,6,5,7,7
1795,7,3,6,1,7,6,7
1796,3,8,8,11,9,7,12
1797,4,1,3,2,3,1,1
1798,3,9,1,3,8,3,5
1799,1,1,1,6,1,4,3
1800,11,11,11,17,18,18,9
1801,59,49,61,53,66,71,61
1802,9,4,9,4,10,2,2
1803,8,10,10,3,6,1,9
1804,20,21,22,34,29,44,17
1805,23,20,30,26,14,30,18
1806,0,0,2,2,0,1,0
1807,19,19,16,15,24,26,16
1808,4,5,7,2,5,7,2
1809,4,13,12,18,9,22,7
1810,2,7,2,5,4,2,3
1811,1,3,1,0,5,3,1
1812,6,8,10,7,18,16,9
1813,6,8,5,7,5,8,3
1814,4,8,4,6,8,5,6
1815,6,3,5,1,0,1,0
1816,3,10,10,6,5,2,6
1817,13,15,19,25,14,20,15
1818,9,13,5,10,8,5,12
1819,4,4,2,1,3,2,2
1820,11,9,13,32,23,20,6
1821,42,68,47,69,65,53,36
1822,2,4,3,3,5,2,1
1823,159,186,221,206,214,234,198
1824,5,4,4,2,5,3,5
1825,11,9,8,4,11,7,4
1826,14,10,12,18,12,14,4
1827,1,11,2,3,1,0,2
1828,12,24,16,19,20,15,16
1829,32,16,15,27,18,19,14
1830,22,20,27,23,23,18,11
1831,5,12,8,7,15,7,7
1832,0,1,0,0,2,0,1
1833,14,5,6,13,9,5,4
1834,3,1,1,0,2,2,0
1835,16,5,5,11,5,5,10
1836,22,41,33,25,37,10,17
1837,1,5,4,10,9,4,9
1838,2,1,2,2,2,0,0
1839,17,12,22,18,27,14,13
1840,12,5,7,7,2,3,1
1841,16,13,14,14,21,14,10
1842,6,6,2,9,5,6,3
1843,0,0,0,2,0,1,0
1844,23,21,15,17,9,14,21
1845,2,0,2,0,1,0,0
1846,19,14,12,16,27,43,13
1847,2,3,3,4,3,4,1
1848,38,60,48,44,41,55,22
1849,2,1,0,2,1,0,1
1850,3,3,1,2,5,0,1
1851,4,6,4,5,4,4,3
1852,2,1,2,2,4,1,2
1853,11,8,11,5,19,4,2
1854,0,1,3,0,0,2,2
1855,0,1,0,1,1,1,1
1856,10,0,5,1,1,2,3
1857,10,3,12,4,8,9,5
1858,3,4,8,3,1,0,2
1859,40,28,35,45,44,50,40
1860,5,7,4,4,4,7,3
1861,18,21,17,17,25,21,24
1862,2,3,1,3,1,5,1
1863,5,6,5,3,2,3,1
1864,1,2,2,1,2,2,1
1865,12,13,8,10,12,12,13
1866,9,1,7,3,2,4,4
1867,4,3,0,6,2,3,6
1868,33,26,16,24,27,27,18
1869,50,33,27,46,61,68,50
1870,13,7,9,10,11,3,7
1871,12,9,5,9,15,15,9
1872,7,8,7,13,15,4,9
1873,6,1,8,3,7,11,3
1874,54,49,42,78,78,57,33
1875,3,1,0,6,3,0,0
1876,26,26,26,26,26,32,31
1877,15,10,7,9,16,11,17
1878,1,0,1,1,5,2,2
1879,3,1,0,6,2,2,0
1880,5,4,13,7,14,7,4
1881,10,15,19,12,11,15,9
1882,29,20,25,23,36,32,12
1883,65,84,102,122,107,102,101
1884,13,13,10,12,17,13,12
1885,5,4,4,4,1,4,5
1886,11,11,7,7,10,15,48
1887,2,5,4,2,4,3,1
1888,2,5,5,4,11,2,7
1889,0,2,0,3,0,0,2
1890,1,1,0,2,5,1,4
1891,5,8,4,5,3,4,8
1892,29,55,41,24,26,43,34
1893,16,33,9,15,24,10,19
1894,3,2,0,2,2,0,0
1895,15,14,13,13,15,14,3
1896,1,1,2,1,0,2,2
1897,15,7,12,9,7,7,7
1898,37,18,30,21,35,15,15
1899,4,4,7,4,10,9,2
1900,0,0,0,1,0,0,0
1901,8,4,3,2,4,7,2
1902,4,8,2,6,3,6,2
1903,21,27,33,29,35,38,30
1904,4,5,5,7,3,0,7
1905,0,3,1,1,4,0,2
1906,63,40,51,48,44,53,33
1907,2,0,0,3,4,4,7
1908,21,27,20,28,24,24,13
1909,7,13,5,4,3,12,2
1910,3,2,3,1,3,1,3
1911,588,589,599,666,843,736,596
1912,11,18,9,10,7,25,6
1913,9,6,2,7,5,4,3
1914,1,0,2,2,1,1,1
1915,4,11,7,4,3,5,4
1916,1,2,1,2,2,2,0
1917,10,10,12,8,13,13,15
1918,2,7,2,0,0,0,1
1919,17,28,16,16,25,19,16
1920,5,0,0,0,0,2,1
1921,10,8,16,16,11,11,11
1922,4,4,3,3,4,10,7
1923,7,10,5,10,6,3,1
1924,43,29,43,39,37,48,25
1925,5,3,4,8,6,3,2
1926,7,19,11,11,4,5,19
1927,6,7,5,10,6,4,5
1928,44,38,46,59,56,36,33
1929,0,0,1,3,0,0,0
1930,25,16,13,22,13,27,23
1931,17,10,5,12,9,13,9
1932,4,1,2,3,1,1,3
1933,7,8,7,4,9,5,10
1934,55,40,34,34,24,40,38
1935,262,262,260,317,198,368,290
1936,18,14,18,27,52,38,12
1937,2,0,2,2,2,4,1
1938,6,16,18,25,35,33,16
1939,9,4,3,7,9,6,2
1940,15,16,21,15,23,21,15
1941,11,9,8,6,5,5,3
1942,16,14,17,27,18,28,6
1943,4,7,7,11,6,7,11
1944,15,11,20,17,29,25,23
1945,14,14,18,15,12,15,12
1946,3,5,8,5,5,5,6
1947,0,0,1,0,0,0,0
1948,3,3,11,3,5,3,4
1949,1,1,1,1,2,4,1
1950,11,20,22,30,23,34,8
1951,61,35,36,54,48,50,33
1952,13,12,13,13,10,14,8
1953,9,14,2,13,14,9,9
1954,12,3,10,11,8,15,11
1955,22,14,16,9,26,28,9
1956,3,1,3,2,4,3,2
1957,0,0,1,0,0,1,2
1958,6,5,9,5,4,11,6
1959,11,11,11,13,6,12,5
1960,60,47,60,48,59,62,52
1961,1,1,2,0,0,1,1
1962,4,1,2,2,3,2,0
1963,1,0,2,1,2,0,7
1964,1,3,4,3,0,4,4
1965,10,10,10,17,14,8,6
1966,4,3,3,10,0,4,2
1967,0,2,3,0,2,2,2
1968,2,3,2,1,2,4,2
1969,7,14,11,9,14,19,11
1970,4,5,10,11,7,3,11
1971,2,5,3,5,2,2,1
1972,20,14,26,17,30,37,9
1973,14,7,10,19,10,4,8
1974,2,2,4,2,1,3,1
1975,31,26,28,39,33,17,23
1976,70,74,69,57,63,45,51
1977,30,35,35,27,20,32,39
1978,13,7,10,10,10,13,8
1979,5,2,7,11,2,5,1
1980,21,13,36,16,28,17,13
1981,4,4,5,1,1,3,7
1982,8,10,10,14,11,6,9
1983,8,6,8,8,6,6,0
1984,2,7,7,4,5,2,6
1985,28,27,21,28,37,25,11
1986,31,34,24,32,41,36,10
1987,3,6,1,0,1,0,2
1988,26,24,35,33,39,18,7
1989,9,5,7,8,9,7,3
1990,27,14,21,38,29,21,17
1991,2,0,1,1,2,0,0
1992,69,104,78,82,94,74,53
1993,5,4,2,4,6,10,3
1994,4,3,6,0,2,2,0
1995,1,1,1,1,1,2,0
1996,8,10,8,2,2,9,5
1997,4,1,5,4,7,2,3
1998,26,21,30,24,14,31,26
1999,16,29,22,23,32,20,3
2000,18,14,35,13,6,4,19
