shop_id,2016/9/20  view,2016/9/21  view,2016/9/22  view,2016/9/23  view,2016/9/24  view,2016/9/25  view,2016/9/26  view
1,31,20,22,31,25,18,25
2,26,30,30,28,40,40,29
3,6,0,4,2,3,8,2
4,30,22,25,20,57,37,29
5,6,9,4,1,3,5,3
6,6,2,4,6,4,5,12
7,16,23,12,11,14,16,11
8,10,10,7,4,7,10,15
9,7,10,9,8,10,13,11
10,0,1,1,0,1,1,0
11,1,3,4,1,2,2,2
12,11,8,33,10,11,21,10
13,4,2,0,2,3,3,2
14,65,66,63,44,51,88,52
15,1,1,1,2,3,3,4
16,29,33,32,35,41,32,24
17,26,27,20,21,32,39,25
18,3,4,6,7,7,3,7
19,7,9,5,5,3,8,2
20,4,10,5,4,4,7,11
21,2,1,6,1,6,4,3
22,17,16,10,10,15,11,16
23,0,1,1,1,3,1,1
24,18,14,7,9,14,16,23
25,16,18,11,24,23,19,12
26,7,12,3,3,16,7,9
27,5,6,0,5,4,7,2
28,15,8,14,19,4,20,13
29,1,9,3,1,3,0,1
30,40,32,52,35,43,54,34
31,4,6,7,7,7,11,0
32,4,4,3,4,1,3,3
33,6,6,15,8,11,12,15
34,6,7,7,18,5,1,11
35,12,8,6,5,12,11,11
36,0,0,1,2,1,2,3
37,9,14,15,18,17,14,14
38,2,4,1,1,3,1,3
39,13,16,17,12,19,24,17
40,1,3,0,1,2,1,0
41,17,20,19,29,30,23,21
42,0,2,1,0,1,2,2
43,0,0,0,0,0,0,0
44,126,127,114,143,172,186,583
45,0,1,0,1,2,1,1
46,3,5,1,2,5,3,3
47,0,2,0,0,0,1,0
48,1,4,1,5,6,2,8
49,29,37,31,38,50,40,45
50,6,10,8,6,6,7,3
51,16,12,10,4,12,19,8
52,4,0,2,2,1,3,0
53,0,0,0,0,2,1,2
54,9,18,9,12,7,27,10
55,13,18,16,27,30,28,14
56,6,19,13,9,8,17,7
57,4,9,5,5,4,22,4
58,67,54,55,68,66,72,45
59,1,1,2,2,1,0,0
60,9,11,7,16,13,10,11
61,1,5,1,0,2,1,0
62,13,11,12,11,24,21,19
63,2,2,5,3,2,4,2
64,1,0,1,4,5,1,3
65,38,41,26,31,33,43,16
66,0,0,0,0,1,1,0
67,4,7,3,4,10,21,12
68,5,3,4,1,1,3,2
69,6,9,5,7,9,8,12
70,3,1,9,10,13,10,3
71,16,11,15,20,9,5,8
72,14,6,10,4,6,6,10
73,1,1,2,4,2,1,4
74,0,2,0,1,0,4,0
75,5,9,4,8,5,5,8
76,0,0,3,4,3,1,3
77,2,1,2,3,4,3,3
78,3,2,3,6,6,7,3
79,4,5,10,4,3,3,5
80,0,3,3,1,1,3,1
81,4,2,2,1,0,2,3
82,13,8,12,13,5,12,1
83,28,19,18,22,31,21,24
84,10,14,15,22,17,22,9
85,23,9,11,8,9,21,8
86,11,6,7,6,18,30,8
87,3,4,12,4,5,5,5
88,55,75,59,62,106,111,50
89,43,32,38,52,36,5,7
90,2,9,4,5,8,13,12
91,1,1,0,3,4,3,4
92,22,26,27,24,24,16,23
93,1,2,3,1,3,5,1
94,0,2,3,2,3,2,0
95,2,7,2,5,2,2,3
96,2,4,5,6,4,4,1
97,3,5,3,5,9,10,6
98,3,5,2,2,6,2,4
99,6,11,4,5,4,4,8
100,28,32,25,17,26,19,17
101,12,12,3,12,11,11,7
102,5,2,2,0,2,4,6
103,0,0,1,0,0,1,1
104,1,14,11,6,14,13,7
105,10,10,6,11,14,28,12
106,5,0,0,1,0,2,2
107,0,0,0,0,2,4,3
108,13,4,5,9,7,9,5
109,0,0,2,0,1,0,1
110,0,0,1,1,0,0,0
111,16,7,7,6,9,5,9
112,6,3,4,4,5,5,5
113,0,1,1,5,0,0,0
114,31,28,18,39,24,26,27
115,0,3,3,2,1,16,6
116,0,1,1,0,3,2,0
117,35,13,36,35,56,119,269
118,1,1,1,1,0,2,2
119,26,30,28,23,42,35,21
120,4,1,1,1,5,3,4
121,18,32,17,20,44,32,24
122,1,2,3,4,3,7,4
123,0,1,1,7,1,1,2
124,10,9,19,13,9,12,11
125,13,6,10,11,10,15,7
126,2,8,6,5,3,5,2
127,7,9,8,5,9,15,5
128,90,82,95,103,83,107,90
129,18,16,9,12,25,18,11
130,12,19,17,11,30,15,8
131,1,1,5,3,2,0,3
132,20,12,17,11,18,14,25
133,5,4,4,14,4,1,6
134,10,15,9,11,8,13,7
135,3,2,7,5,6,9,4
136,8,14,21,11,6,14,28
137,7,7,6,6,2,5,3
138,14,14,18,10,18,19,42
139,13,14,15,25,20,22,11
140,2,0,0,0,0,0,0
141,2,0,1,3,2,1,2
142,1,1,0,1,1,0,1
143,6,7,2,3,6,7,7
144,1,1,0,2,1,3,1
145,8,8,9,16,20,9,11
146,20,25,15,23,28,21,11
147,3,3,7,2,1,2,2
148,0,0,1,0,0,0,3
149,14,8,14,9,12,13,15
150,0,1,1,4,2,2,2
151,11,12,4,10,7,6,5
152,9,10,21,25,18,7,17
153,16,13,14,23,17,18,25
154,1,1,4,2,2,2,5
155,45,47,44,58,50,52,36
156,4,6,10,5,8,3,6
157,12,10,9,14,11,15,5
158,1,3,0,4,1,2,2
159,10,14,11,17,20,25,19
160,0,0,2,1,3,0,0
161,7,4,5,14,7,4,6
162,3,3,4,3,1,4,1
163,3,2,0,6,5,8,2
164,0,0,4,0,1,1,0
165,1,0,0,0,0,3,0
166,2,2,6,7,6,10,7
167,18,16,8,12,14,13,8
168,3,4,3,1,1,2,1
169,16,7,16,19,25,27,36
170,7,6,11,6,17,13,5
171,9,15,18,10,9,16,8
172,19,19,11,18,18,15,11
173,0,3,8,3,3,3,6
174,5,2,5,3,5,5,0
175,1,4,4,4,5,8,2
176,4,4,6,2,3,8,3
177,10,7,9,7,18,23,9
178,3,0,2,1,0,1,0
179,24,20,17,9,19,28,10
180,5,6,5,8,8,4,10
181,50,36,42,31,38,52,34
182,17,29,24,12,18,19,20
183,7,9,13,14,12,9,9
184,3,9,4,11,13,16,18
185,4,3,0,0,2,1,2
186,12,8,16,9,16,14,6
187,28,44,22,37,22,35,27
188,4,6,4,7,6,4,7
189,30,26,12,29,18,18,17
190,12,6,9,5,8,5,10
191,24,31,19,19,15,17,18
192,21,30,16,19,20,19,15
193,12,11,13,7,16,16,8
194,1,0,3,1,1,0,1
195,170,168,152,180,227,262,164
196,10,16,2,5,11,12,3
197,3,4,6,1,7,4,8
198,1,1,3,1,5,1,1
199,8,3,4,8,5,4,3
200,13,11,11,9,20,12,14
201,2,2,0,1,1,1,2
202,2,4,4,2,0,3,2
203,13,22,5,15,14,15,9
204,58,51,27,57,63,53,43
205,8,13,12,16,11,12,14
206,8,13,13,21,33,34,23
207,16,11,9,10,11,18,6
208,5,4,0,2,2,2,1
209,6,6,5,5,2,2,1
210,53,37,41,50,51,53,42
211,16,15,20,27,30,32,26
212,11,14,14,22,19,17,20
213,1,4,4,3,0,5,2
214,22,6,14,22,23,25,39
215,0,2,0,2,1,1,1
216,2,7,10,4,9,7,2
217,84,69,72,77,86,76,53
218,3,1,2,2,1,1,3
219,0,4,1,3,3,0,3
220,76,49,35,38,19,20,61
221,18,8,9,8,7,9,6
222,6,5,6,5,7,2,4
223,13,12,5,9,21,59,85
224,6,3,0,2,4,0,2
225,0,0,5,3,2,1,2
226,8,7,9,9,6,2,8
227,6,5,2,6,0,9,2
228,2,0,1,5,2,2,0
229,35,40,29,32,35,30,24
230,0,3,2,0,3,0,1
231,12,5,1,5,7,4,8
232,1,1,2,2,0,0,1
233,10,2,1,3,14,8,10
234,10,18,8,9,11,5,8
235,8,8,10,9,13,11,7
236,37,23,26,35,30,47,48
237,3,3,4,5,5,5,4
238,15,28,15,10,18,8,15
239,40,34,26,50,59,49,42
240,24,35,28,22,11,11,20
241,16,14,14,10,7,13,8
242,8,7,6,8,4,5,4
243,46,42,33,31,36,30,42
244,17,11,12,7,19,26,13
245,2,8,1,4,7,8,3
246,0,0,0,0,0,1,0
247,0,0,0,0,0,0,0
248,2,3,1,2,4,9,6
249,6,10,4,5,3,2,11
250,20,23,28,24,38,25,22
251,0,3,1,1,1,4,1
252,75,62,30,106,59,41,22
253,33,19,18,17,30,53,58
254,3,3,1,3,1,3,6
255,2,5,1,1,0,6,1
256,72,73,67,70,94,82,57
257,2,3,1,0,1,0,1
258,14,14,13,24,19,20,23
259,4,3,5,4,5,7,4
260,11,16,14,12,14,19,19
261,15,10,11,9,24,27,9
262,14,21,14,10,6,9,15
263,4,4,1,3,8,6,4
264,2,0,0,0,3,3,1
265,64,59,57,69,76,78,85
266,3,6,5,10,6,9,9
267,1,9,2,4,4,6,10
268,2,0,0,1,1,0,4
269,1,4,4,4,4,7,7
270,3,5,10,5,4,10,4
271,12,4,0,5,5,4,7
272,8,7,4,9,8,11,3
273,4,7,12,6,8,10,4
274,49,42,36,38,40,56,50
275,8,16,9,10,9,12,7
276,8,5,8,10,11,6,5
277,7,11,9,6,15,29,41
278,65,71,73,55,54,61,43
279,57,72,70,52,60,57,50
280,3,1,2,2,0,4,4
281,12,10,16,19,20,18,10
282,1,0,1,5,0,0,2
283,17,23,19,30,16,29,22
284,0,0,0,0,0,0,3
285,11,11,14,16,22,16,17
286,1,1,3,1,8,2,2
287,43,37,24,29,37,45,36
288,3,2,0,1,8,5,5
289,3,3,5,4,6,3,2
290,0,0,1,0,1,0,1
291,4,2,4,1,2,8,3
292,6,5,2,1,2,1,3
293,7,11,5,6,3,11,5
294,4,3,19,10,2,6,5
295,2,1,1,0,1,6,5
296,35,41,44,31,35,43,30
297,3,4,1,2,5,5,2
298,45,37,39,40,46,50,43
299,28,16,16,33,40,68,107
300,6,2,4,2,3,4,7
301,0,2,2,2,1,0,1
302,0,0,0,0,0,0,0
303,9,8,10,14,15,12,11
304,23,34,29,38,25,27,16
305,33,29,29,33,18,37,32
306,2,4,2,2,1,0,2
307,9,12,9,15,17,18,9
308,1,0,1,1,0,3,1
309,4,5,1,2,2,1,6
310,8,8,5,10,12,10,12
311,7,12,8,16,2,1,17
312,22,7,10,10,18,8,16
313,4,3,10,3,5,3,3
314,1,0,1,1,2,0,2
315,13,10,13,16,20,13,12
316,1,1,1,1,0,1,2
317,0,0,0,0,1,0,0
318,7,14,18,13,9,11,17
319,5,4,4,8,8,8,3
320,51,41,33,49,70,65,50
321,5,4,6,6,2,5,2
322,1,8,6,5,7,5,3
323,11,14,7,12,13,12,12
324,3,5,2,1,3,1,12
325,4,16,10,13,15,14,10
326,21,16,5,16,28,16,12
327,1,2,2,0,1,1,0
328,14,9,16,17,10,17,18
329,1,1,1,0,3,2,3
330,17,19,12,48,84,78,41
331,2,3,2,1,1,2,2
332,27,12,12,26,30,22,10
333,3,4,10,9,9,9,1
334,4,2,4,3,4,3,2
335,15,19,25,9,9,17,35
336,28,18,20,22,37,92,122
337,9,5,10,7,6,9,16
338,35,29,27,34,46,46,20
339,9,8,16,3,6,6,5
340,8,9,3,1,4,6,5
341,22,16,20,25,23,32,18
342,2,4,8,2,2,3,3
343,37,51,30,33,43,39,31
344,55,43,44,51,66,45,45
345,17,15,14,17,17,23,7
346,3,3,1,1,7,4,4
347,40,48,39,52,40,48,54
348,19,23,20,17,26,25,11
349,0,0,1,0,3,1,0
350,0,0,0,0,0,0,1
351,3,2,0,0,4,4,3
352,5,3,2,7,2,1,6
353,0,0,0,0,2,2,0
354,4,4,0,1,1,1,0
355,5,5,9,7,9,4,3
356,21,20,26,28,29,26,11
357,0,0,0,0,0,0,0
358,11,9,10,11,13,6,8
359,7,9,4,11,12,8,8
360,33,22,27,25,31,34,27
361,2,2,4,0,1,1,0
362,8,5,5,5,10,5,3
363,2,4,5,5,7,5,8
364,28,36,23,33,34,49,20
365,31,28,13,21,35,14,30
366,1,1,1,2,0,2,0
367,0,0,0,0,0,0,0
368,2,1,0,2,2,1,0
369,47,36,29,52,49,55,38
370,9,13,8,12,16,23,6
371,1,3,4,3,5,3,1
372,0,4,1,2,1,2,1
373,13,20,8,19,22,23,24
374,1,0,3,1,2,2,2
375,131,122,104,105,122,113,108
376,5,15,10,12,21,9,11
377,3,4,0,5,3,6,1
378,13,6,11,15,18,14,13
379,7,3,11,11,20,15,6
380,31,24,46,30,33,67,29
381,0,0,2,2,2,1,4
382,5,5,2,2,6,2,8
383,1,0,7,2,4,1,3
384,12,15,3,11,7,1,6
385,16,10,21,23,33,27,25
386,8,12,14,26,23,33,11
387,2,1,2,3,7,2,0
388,6,5,1,2,4,3,2
389,8,8,5,11,14,10,13
390,1,0,1,1,0,2,3
391,7,16,6,9,12,18,10
392,1,0,0,0,0,0,1
393,13,12,10,6,8,7,8
394,29,15,23,27,15,17,14
395,26,28,30,18,10,22,24
396,2,0,0,5,2,0,2
397,9,3,1,1,4,9,8
398,10,18,8,7,11,9,10
399,9,7,11,14,18,22,6
400,5,2,4,1,3,4,4
401,3,4,6,7,8,7,4
402,4,8,7,6,4,4,4
403,33,33,34,20,27,158,251
404,27,32,24,40,47,49,24
405,0,1,1,2,0,1,1
406,2,1,3,2,7,4,5
407,35,16,21,15,32,22,12
408,75,48,70,60,68,90,64
409,2,1,1,3,2,3,3
410,0,1,1,0,2,1,1
411,0,4,0,3,5,0,2
412,4,4,2,3,0,0,0
413,4,2,4,6,5,4,2
414,27,40,34,30,26,31,25
415,1,0,0,1,0,1,0
416,55,49,37,31,53,44,34
417,12,16,10,10,10,12,7
418,25,14,16,17,28,38,18
419,11,8,14,3,10,5,6
420,3,3,4,3,3,2,2
421,8,11,9,12,25,30,16
422,17,14,13,14,11,10,12
423,0,1,2,0,3,3,0
424,4,11,10,9,10,6,5
425,49,28,48,46,58,86,57
426,6,3,2,6,1,9,10
427,3,3,7,4,1,0,1
428,2,1,1,4,6,2,3
429,13,10,11,13,12,10,16
430,3,5,3,4,4,8,8
431,71,62,64,56,65,57,44
432,14,4,6,2,6,4,4
433,6,0,4,1,0,1,0
434,4,3,4,7,4,3,3
435,7,14,15,15,19,14,12
436,58,101,46,38,56,43,37
437,6,7,8,5,12,9,8
438,3,2,0,2,6,5,0
439,8,7,14,18,9,19,10
440,2,0,0,0,0,0,2
441,17,22,17,29,31,35,18
442,8,9,8,11,13,16,12
443,0,1,0,0,1,0,0
444,3,1,1,2,0,3,2
445,11,17,9,10,15,13,14
446,28,19,30,23,33,24,22
447,20,18,16,32,19,7,27
448,0,0,0,0,2,0,0
449,3,3,4,1,3,3,2
450,1,3,2,1,1,2,0
451,52,55,45,71,55,85,59
452,3,0,2,0,2,1,2
453,5,2,5,3,5,4,6
454,6,7,6,4,7,8,1
455,13,8,12,17,17,20,19
456,57,48,44,41,39,38,37
457,2,2,0,2,2,0,0
458,6,3,4,7,7,5,13
459,37,30,35,47,55,60,41
460,6,5,6,11,2,4,6
461,0,0,1,1,1,1,0
462,8,7,12,4,11,14,3
463,0,2,2,3,2,0,1
464,9,5,9,8,7,11,8
465,15,10,6,18,24,34,15
466,3,3,3,4,6,3,6
467,20,22,26,29,37,28,19
468,32,13,15,19,44,25,17
469,1,0,0,0,1,0,1
470,0,1,1,1,0,3,3
471,4,1,1,1,2,0,0
472,32,30,14,28,35,49,27
473,0,0,1,0,0,0,0
474,1,0,7,3,1,4,1
475,71,121,126,210,158,25,16
476,8,5,2,1,0,2,2
477,5,4,7,6,8,9,9
478,2,6,3,2,4,5,3
479,1,1,0,1,2,6,2
480,3,8,8,7,6,7,1
481,7,9,6,3,7,3,8
482,15,7,11,12,17,18,16
483,1,5,2,2,3,2,3
484,4,3,7,4,11,7,7
485,1,1,0,5,4,0,4
486,1,0,0,1,3,0,4
487,3,1,1,2,0,5,4
488,1,2,0,0,1,1,0
489,0,0,0,1,1,0,0
490,18,17,19,10,13,7,2
491,5,8,8,8,13,8,4
492,5,3,2,2,6,4,2
493,4,1,3,7,3,4,1
494,77,35,28,12,23,16,18
495,5,4,2,2,7,2,6
496,7,2,9,4,10,8,15
497,32,44,40,40,35,28,44
498,1,4,3,1,1,1,8
499,10,28,13,12,13,24,10
500,28,24,25,19,33,111,165
501,9,10,29,27,13,8,34
502,13,17,13,14,20,25,8
503,6,18,8,9,10,6,7
504,1,1,3,1,1,3,1
505,8,12,6,5,6,3,5
506,3,5,3,4,9,7,5
507,1,0,0,6,3,5,1
508,0,0,0,0,0,0,0
509,97,81,42,55,44,57,56
510,0,2,0,1,2,0,0
511,17,25,19,16,30,36,15
512,1,4,1,1,1,0,2
513,3,3,5,1,3,2,3
514,0,0,2,2,0,1,2
515,2,3,2,2,2,4,1
516,2,3,1,4,3,7,3
517,40,44,34,42,44,54,47
518,3,2,5,3,2,9,5
519,24,34,35,34,37,28,36
520,48,58,42,49,37,61,48
521,5,8,9,17,14,7,7
522,38,35,40,53,48,160,214
523,1,0,2,3,8,6,5
524,3,3,2,3,1,1,2
525,6,1,4,2,7,3,10
526,16,15,11,10,8,24,13
527,2,1,6,2,3,1,4
528,18,14,11,15,26,23,17
529,2,3,5,5,2,2,7
530,15,10,17,10,7,10,10
531,12,15,23,18,27,25,9
532,0,0,1,0,1,1,0
533,1,0,2,2,3,0,0
534,3,0,3,4,9,5,130
535,22,26,12,13,18,19,14
536,2,1,1,0,2,1,1
537,66,95,70,84,85,65,58
538,1,0,0,3,1,0,0
539,26,40,16,34,25,17,28
540,1,1,0,1,2,5,5
541,7,2,7,5,3,7,8
542,3,8,6,1,11,14,9
543,1,0,1,2,2,3,0
544,4,3,12,0,5,6,8
545,2,1,2,6,7,8,3
546,22,14,16,23,27,30,17
547,0,5,0,1,3,6,4
548,11,6,11,6,18,10,15
549,1,7,6,5,12,15,13
550,2,8,7,5,5,2,4
551,2,1,3,0,1,4,8
552,1,3,3,4,4,7,4
553,5,5,6,5,9,5,1
554,19,31,30,25,53,34,22
555,4,12,8,9,11,8,3
556,2,4,6,6,5,5,4
557,16,23,17,26,15,10,14
558,2,1,4,0,0,3,1
559,8,5,4,13,0,5,3
560,35,46,17,34,32,41,37
561,0,0,0,0,0,0,0
562,2,3,5,1,3,6,2
563,17,22,18,17,22,22,28
564,36,23,39,86,138,146,36
565,19,30,28,34,30,23,18
566,3,10,6,9,19,10,10
567,1,0,0,1,2,0,0
568,18,16,23,19,27,25,18
569,0,0,4,1,3,3,0
570,43,53,46,44,48,43,37
571,2,1,1,1,6,5,0
572,5,1,6,6,9,4,6
573,4,7,11,5,3,8,6
574,1,4,1,1,1,0,0
575,9,9,2,5,2,3,1
576,3,4,2,1,7,1,4
577,55,36,49,51,43,50,51
578,2,0,0,1,0,2,1
579,4,8,4,0,6,7,5
580,44,45,54,47,69,81,50
581,1,2,1,0,1,2,0
582,4,1,8,4,6,3,3
583,3,7,9,4,12,14,7
584,30,31,27,36,34,57,32
585,8,10,6,3,11,3,10
586,3,3,3,0,0,4,1
587,18,27,17,18,17,13,21
588,14,13,8,26,13,10,16
589,7,5,9,11,13,11,7
590,1,1,2,0,1,3,3
591,18,16,18,10,13,25,12
592,32,26,25,29,40,49,21
593,5,2,0,2,6,3,3
594,2,1,2,2,2,2,6
595,1,0,1,2,0,3,0
596,11,13,10,8,13,21,9
597,3,2,4,6,1,7,7
598,1,1,0,1,1,2,1
599,1,1,1,1,0,0,1
600,4,2,6,3,6,11,8
601,2,2,5,9,2,5,5
602,1,0,1,0,0,0,0
603,0,1,2,2,2,0,2
604,0,0,3,1,1,1,4
605,14,14,16,15,18,17,14
606,45,46,43,40,46,50,43
607,6,1,6,4,4,3,3
608,2,3,0,3,7,1,0
609,1,2,1,0,0,0,1
610,14,10,8,15,9,27,8
611,0,3,0,2,4,8,0
612,1,4,0,1,3,2,4
613,7,4,8,13,9,9,19
614,39,49,66,64,55,70,67
615,13,13,19,18,21,29,6
616,32,26,33,16,47,34,25
617,5,4,3,4,4,0,7
618,1,2,1,1,2,10,4
619,33,32,24,22,39,121,122
620,2,4,7,12,9,9,5
621,0,1,0,0,1,1,3
622,19,11,13,7,14,14,13
623,13,18,7,11,15,8,17
624,2,3,3,3,2,4,3
625,13,14,8,7,13,13,3
626,2,3,3,3,1,0,1
627,0,0,0,0,2,0,1
628,12,14,11,15,21,18,10
629,10,13,17,5,12,15,9
630,4,2,5,12,6,3,2
631,1,0,2,2,0,1,2
632,6,1,1,3,6,2,5
633,2,6,2,2,6,3,1
634,0,0,0,0,0,1,1
635,1,1,0,4,0,1,0
636,3,4,5,8,1,5,3
637,5,8,8,5,3,2,2
638,16,17,13,16,11,4,12
639,16,12,17,11,4,12,18
640,8,10,9,15,7,7,5
641,0,1,0,1,5,0,1
642,1,1,3,2,0,4,1
643,3,2,4,3,3,3,4
644,2,2,2,8,5,8,1
645,3,0,2,2,3,1,0
646,5,2,4,7,7,8,5
647,120,101,120,101,125,133,106
648,1,1,0,2,0,1,0
649,3,1,4,0,4,2,1
650,4,7,9,10,9,15,9
651,11,8,10,4,3,3,8
652,21,22,23,29,33,33,20
653,4,2,1,4,3,0,0
654,14,14,11,11,3,14,8
655,5,6,4,3,8,6,6
656,3,0,2,2,3,5,2
657,5,12,3,5,6,7,8
658,5,3,3,1,3,2,8
659,37,42,47,41,17,15,20
660,1,2,2,3,5,10,4
661,12,12,14,8,20,24,29
662,1,8,4,5,4,3,8
663,1,3,1,2,0,0,7
664,14,25,14,25,7,19,14
665,36,40,45,76,135,60,41
666,12,11,7,13,11,8,10
667,4,7,6,5,3,9,3
668,8,9,16,10,29,19,9
669,1,2,2,3,6,8,7
670,8,6,10,3,17,8,10
671,50,59,65,67,67,52,32
672,3,5,2,1,6,9,3
673,20,14,11,19,23,27,17
674,9,3,8,12,8,14,13
675,128,89,96,102,92,98,99
676,19,21,19,33,33,32,17
677,9,7,6,8,23,8,3
678,1,2,0,2,0,1,0
679,43,35,35,36,42,46,25
680,8,11,10,6,9,4,5
681,22,18,21,26,30,22,20
682,6,10,8,10,6,7,6
683,21,19,15,21,18,16,17
684,14,8,9,12,9,16,13
685,4,2,5,1,2,4,4
686,12,3,4,6,8,2,10
687,16,12,8,9,20,11,15
688,1,1,0,3,3,1,2
689,7,12,13,19,15,15,13
690,1,3,10,10,6,3,5
691,11,5,3,4,9,5,5
692,10,19,23,16,36,22,18
693,1,0,4,0,0,2,9
694,1,0,0,1,0,1,0
695,35,30,31,20,46,45,24
696,0,0,1,1,0,4,0
697,11,9,9,9,3,5,7
698,1,0,3,0,0,0,1
699,1,3,1,1,2,1,2
700,0,0,0,1,1,0,0
701,7,5,2,5,6,3,6
702,6,10,14,9,9,11,2
703,0,0,0,0,0,0,0
704,4,13,9,7,4,2,10
705,14,12,9,16,24,20,18
706,9,0,4,3,10,8,4
707,1,1,0,2,2,1,1
708,10,14,3,3,8,12,1
709,3,6,5,12,10,15,9
710,13,20,14,11,10,16,7
711,7,10,8,9,9,6,7
712,23,21,12,16,24,17,20
713,9,16,7,13,19,10,12
714,15,17,16,14,33,28,14
715,34,24,31,43,48,60,36
716,3,8,2,1,6,6,5
717,6,2,2,7,6,7,3
718,1,1,2,5,1,6,3
719,6,5,11,8,10,19,7
720,4,4,2,4,4,3,2
721,4,9,0,3,4,4,4
722,0,0,5,3,2,2,0
723,0,1,0,1,4,1,0
724,35,37,20,38,42,44,28
725,22,7,10,6,5,8,8
726,3,9,13,13,11,6,7
727,16,16,21,22,22,92,109
728,10,7,11,9,3,5,6
729,33,33,41,42,57,39,31
730,3,2,3,1,4,3,3
731,8,15,7,15,13,21,14
732,8,5,5,2,4,10,2
733,4,2,1,1,4,2,3
734,22,30,38,23,34,33,29
735,2,7,5,4,1,2,4
736,1,0,1,3,1,4,1
737,78,88,68,64,65,61,70
738,8,11,9,10,10,16,8
739,8,8,7,9,11,7,6
740,1,10,5,8,10,8,5
741,5,7,1,3,3,5,1
742,7,5,6,9,1,9,15
743,0,0,2,1,1,2,2
744,20,19,11,21,19,30,20
745,1,3,0,2,2,2,4
746,52,65,55,45,63,66,47
747,27,19,25,30,39,32,28
748,3,2,8,3,9,8,5
749,0,0,0,0,1,2,0
750,24,23,15,22,38,26,26
751,10,10,9,13,20,23,8
752,13,9,7,11,19,8,13
753,4,4,9,9,7,8,2
754,1,0,0,0,4,0,5
755,14,21,16,22,22,28,20
756,18,9,12,13,6,6,7
757,17,25,19,19,23,27,21
758,1,1,0,0,0,3,1
759,3,0,3,2,2,2,3
760,3,2,0,1,0,0,0
761,3,9,7,7,6,6,4
762,5,8,6,4,3,4,3
763,1,6,4,7,10,5,5
764,3,7,4,5,4,5,10
765,3,3,6,7,4,2,6
766,5,6,7,12,11,12,5
767,75,61,47,42,58,72,60
768,2,2,3,8,4,3,6
769,7,10,8,14,16,10,6
770,2,3,3,4,3,1,2
771,21,23,17,18,26,30,24
772,19,18,14,27,22,22,15
773,22,16,14,11,36,28,18
774,59,44,58,47,49,49,54
775,27,26,32,31,35,26,23
776,30,23,24,22,34,25,23
777,10,1,8,1,9,5,6
778,0,1,0,2,3,0,1
779,9,9,15,15,16,10,8
780,1,3,2,2,3,6,7
781,28,26,13,18,28,29,21
782,48,44,27,32,53,46,37
783,0,4,0,1,1,2,2
784,19,28,23,19,28,20,21
785,0,0,3,3,5,1,4
786,17,5,18,8,19,17,15
787,39,39,31,36,37,45,31
788,5,5,3,2,4,2,3
789,25,25,25,23,13,4,12
790,1,1,0,1,2,9,3
791,20,16,13,14,15,16,12
792,0,1,3,0,0,1,3
793,3,2,3,5,4,6,1
794,0,6,1,0,2,1,3
795,0,1,0,0,0,0,0
796,3,4,2,1,2,3,2
797,33,19,15,20,40,45,21
798,6,13,4,12,2,5,13
799,154,156,151,132,189,433,567
800,1,1,2,4,2,3,2
801,13,8,7,7,14,11,8
802,18,6,12,25,24,21,14
803,2,1,0,4,0,0,5
804,3,1,0,3,3,1,0
805,2,3,2,2,2,3,1
806,6,17,13,13,15,14,3
807,23,22,17,25,41,37,18
808,25,24,31,40,37,85,26
809,0,1,1,2,2,0,0
810,3,0,1,3,2,1,2
811,2,10,7,7,6,8,14
812,5,8,5,6,1,0,5
813,16,14,18,9,12,13,11
814,5,0,3,7,6,4,2
815,8,8,1,4,8,5,4
816,28,31,16,29,43,35,21
817,11,5,8,7,18,10,9
818,0,0,0,1,1,0,0
819,6,3,1,2,4,2,3
820,5,13,7,9,4,8,3
821,2,0,0,1,2,0,1
822,5,4,6,17,10,9,5
823,4,4,1,2,3,1,1
824,4,5,5,5,5,5,2
825,8,1,3,7,5,4,4
826,0,3,3,5,0,4,11
827,0,0,0,2,1,0,0
828,6,2,0,1,2,4,0
829,6,8,5,5,2,9,16
830,10,11,6,4,23,8,7
831,3,4,3,6,3,5,3
832,0,0,2,0,1,0,0
833,1,3,3,3,6,11,4
834,8,4,4,5,9,17,9
835,7,1,4,0,1,3,1
836,12,15,9,16,22,23,10
837,0,1,0,1,1,1,1
838,0,2,0,0,0,0,0
839,72,44,67,63,50,52,56
840,12,12,8,14,7,14,15
841,1,3,1,5,0,2,5
842,7,11,7,10,8,17,8
843,22,12,20,16,14,23,13
844,48,49,51,76,94,65,46
845,3,1,3,9,1,7,9
846,14,13,12,10,9,10,12
847,5,3,2,4,4,2,2
848,17,18,7,8,8,10,12
849,2,3,0,2,4,1,0
850,17,15,16,22,9,16,9
851,3,2,0,0,1,1,0
852,90,71,54,77,162,168,108
853,10,13,3,8,14,19,9
854,26,25,29,23,28,36,22
855,19,11,9,5,9,11,10
856,2,3,1,2,1,2,2
857,23,31,34,23,31,27,37
858,2,0,0,0,1,2,1
859,0,1,0,3,1,3,1
860,6,4,4,7,3,4,5
861,4,5,8,8,7,9,4
862,5,6,5,8,14,9,3
863,1,0,0,1,3,2,3
864,27,34,29,28,33,24,21
865,16,16,3,11,19,13,10
866,8,1,3,1,1,3,3
867,6,12,10,10,7,6,16
868,19,14,12,14,9,17,12
869,6,7,8,5,2,5,4
870,2,3,4,4,5,9,4
871,12,9,13,7,11,20,10
872,2,0,0,4,1,3,2
873,11,24,7,14,19,10,12
874,0,0,0,0,1,0,2
875,3,5,2,2,2,3,1
876,7,11,11,3,17,9,8
877,21,31,22,18,24,18,24
878,2,1,2,0,2,2,0
879,5,8,4,2,5,3,7
880,4,3,4,2,7,3,2
881,12,7,11,6,2,6,11
882,9,10,7,8,6,8,10
883,6,8,7,4,5,6,6
884,0,6,2,2,0,5,2
885,106,119,101,141,156,149,137
886,0,5,7,4,3,4,1
887,93,116,107,146,247,258,125
888,5,2,1,0,3,1,1
889,18,17,13,15,18,21,7
890,15,12,12,12,11,10,5
891,35,41,62,32,57,49,35
892,6,3,3,9,10,8,11
893,6,14,9,8,11,10,8
894,35,55,34,44,31,62,33
895,1,4,7,4,3,2,1
896,3,1,5,1,3,2,4
897,25,21,15,30,99,82,39
898,94,57,36,45,67,63,38
899,1,0,0,1,2,2,0
900,15,20,14,25,20,14,17
901,1,2,0,0,3,2,3
902,7,7,9,7,3,2,4
903,5,6,5,4,3,4,6
904,3,2,4,10,2,6,19
905,1,4,2,5,0,0,8
906,2,1,2,2,1,4,1
907,6,4,3,5,0,0,4
908,2,0,1,0,3,1,4
909,19,8,10,5,19,16,8
910,4,3,6,3,2,1,4
911,17,11,4,20,21,19,10
912,2,1,3,5,1,3,5
913,6,4,5,1,3,3,5
914,9,8,6,3,3,12,10
915,18,20,21,14,18,19,10
916,53,66,46,36,25,25,26
917,1,1,0,0,2,0,0
918,4,4,1,4,5,1,6
919,3,7,1,4,5,6,4
920,0,1,1,1,1,0,0
921,6,6,9,7,2,7,7
922,12,8,9,7,5,8,12
923,2,3,8,8,5,9,2
924,7,6,1,3,0,2,3
925,2,3,2,2,4,2,5
926,10,7,8,6,17,22,18
927,11,4,2,7,10,6,10
928,134,123,41,94,121,152,49
929,7,8,6,14,21,14,7
930,1,0,2,2,0,3,3
931,5,2,1,3,4,6,2
932,1,4,4,2,2,2,2
933,0,1,5,2,5,5,3
934,25,18,29,29,45,37,33
935,20,21,14,32,33,27,18
936,10,12,5,13,8,25,26
937,5,1,4,1,5,4,4
938,0,0,0,0,1,0,2
939,2,3,2,5,2,0,4
940,1,1,3,0,1,0,0
941,9,7,9,5,5,8,5
942,2,4,5,1,3,1,0
943,10,7,2,8,5,8,8
944,24,17,16,12,9,14,15
945,4,7,10,8,6,10,3
946,2,3,0,5,8,8,1
947,3,0,1,2,2,0,2
948,0,0,3,1,1,2,0
949,4,3,4,2,5,4,5
950,0,0,1,0,4,3,1
951,0,1,4,2,2,1,5
952,5,4,6,5,9,4,8
953,0,2,3,1,4,4,7
954,132,138,119,112,129,115,87
955,16,15,14,9,8,12,11
956,6,2,2,2,2,0,1
957,19,12,14,15,23,18,16
958,1,6,5,4,3,5,8
959,1,3,1,6,2,5,3
960,6,7,5,7,6,0,5
961,15,13,17,18,22,23,14
962,8,6,10,6,10,5,6
963,2,5,14,5,5,1,2
964,2,3,6,16,4,5,14
965,9,14,8,6,8,12,6
966,3,9,2,3,4,1,6
967,2,3,1,3,6,3,0
968,2,0,2,3,1,2,3
969,27,32,32,40,43,45,44
970,0,0,0,0,0,0,0
971,10,9,1,5,4,7,1
972,17,10,9,24,18,32,10
973,0,0,0,0,2,0,1
974,1,3,2,0,3,3,4
975,9,9,22,4,19,10,4
976,0,1,3,1,2,5,2
977,4,1,5,5,9,11,4
978,1,5,4,5,2,4,5
979,11,10,10,12,11,15,12
980,10,10,8,14,16,12,17
981,2,5,8,7,7,9,10
982,9,13,10,7,4,8,6
983,4,1,1,0,4,3,3
984,18,8,15,15,20,20,11
985,0,1,0,0,0,0,0
986,6,7,2,1,3,3,2
987,3,2,1,1,1,3,0
988,31,28,32,24,41,44,43
989,1,4,1,0,5,2,1
990,9,7,5,12,21,19,5
991,1,1,1,3,0,1,2
992,3,4,5,4,3,4,3
993,0,2,4,2,3,4,7
994,4,5,1,4,7,7,5
995,4,5,5,4,2,2,14
996,2,0,1,1,1,2,2
997,118,145,109,110,121,122,116
998,2,3,3,1,2,3,2
999,60,55,45,47,24,11,37
1000,37,33,16,58,43,73,51
1001,8,8,10,10,19,18,40
1002,3,0,1,1,1,3,0
1003,3,1,6,7,7,5,2
1004,0,1,1,1,1,3,0
1005,2,4,4,5,3,4,3
1006,25,39,25,17,34,32,19
1007,1,0,1,0,0,2,0
1008,9,5,8,8,9,6,14
1009,5,1,3,3,9,8,4
1010,1,0,0,3,2,2,2
1011,2,2,4,1,1,1,2
1012,1,3,0,6,9,3,4
1013,0,0,1,1,0,0,1
1014,6,0,5,3,4,5,2
1015,1,0,3,0,2,1,0
1016,1,2,0,1,2,2,4
1017,102,85,90,80,98,78,94
1018,8,4,3,7,5,12,5
1019,11,15,10,11,22,27,8
1020,0,0,0,0,0,0,0
1021,2,0,0,0,3,1,1
1022,0,0,0,1,1,1,2
1023,12,7,7,7,13,18,4
1024,0,2,0,0,1,1,0
1025,19,24,16,12,15,21,15
1026,13,11,5,9,5,8,7
1027,4,9,4,5,5,4,12
1028,0,1,0,1,0,0,1
1029,2,10,15,6,4,6,4
1030,13,5,6,8,4,5,12
1031,10,7,4,9,9,10,6
1032,5,1,1,5,5,2,11
1033,22,18,11,17,25,37,12
1034,26,43,26,35,27,49,28
1035,13,7,12,25,23,18,20
1036,4,7,5,5,5,4,2
1037,30,34,32,28,43,44,41
1038,0,3,2,2,1,4,1
1039,12,20,19,11,9,13,17
1040,1,2,1,1,6,0,0
1041,21,28,16,18,38,41,38
1042,11,6,8,6,6,12,6
1043,24,35,14,17,28,39,17
1044,3,4,2,6,5,3,3
1045,2,0,2,2,1,4,1
1046,0,0,0,0,0,0,0
1047,3,1,1,4,1,2,2
1048,0,1,0,0,0,1,2
1049,25,40,22,30,16,16,34
1050,12,6,2,0,0,1,0
1051,7,5,7,2,3,19,9
1052,24,15,20,25,24,26,18
1053,0,0,0,0,0,0,0
1054,1,3,2,9,1,5,0
1055,1,0,4,9,5,1,6
1056,4,1,2,1,1,1,4
1057,6,10,10,6,6,8,5
1058,3,4,5,4,4,1,3
1059,2,3,2,5,2,3,4
1060,4,0,5,1,7,4,6
1061,56,34,39,43,47,51,51
1062,11,15,10,7,7,8,10
1063,32,35,34,35,27,31,27
1064,1,3,2,2,1,3,1
1065,1,3,2,4,3,3,4
1066,8,12,11,13,13,17,12
1067,0,0,2,2,1,1,1
1068,2,4,1,4,4,1,1
1069,16,18,13,18,23,35,29
1070,2,6,6,1,1,2,1
1071,5,5,13,6,4,2,1
1072,8,14,11,16,12,11,14
1073,3,1,0,1,0,0,0
1074,5,1,2,1,1,1,7
1075,15,17,16,19,24,21,38
1076,2,2,0,1,1,3,0
1077,16,14,9,10,25,21,10
1078,6,5,3,8,8,4,4
1079,4,6,5,3,3,3,8
1080,11,8,11,5,13,13,4
1081,1,1,4,2,8,2,2
1082,10,6,11,13,7,8,8
1083,1,4,1,3,2,3,2
1084,6,9,3,13,22,16,4
1085,14,12,13,19,24,19,23
1086,1,4,2,0,0,0,1
1087,11,13,9,11,28,46,51
1088,5,7,5,9,14,13,6
1089,12,13,18,20,16,21,55
1090,0,3,1,2,2,2,4
1091,1,3,3,5,4,1,8
1092,12,16,10,14,41,28,12
1093,4,2,5,3,1,1,2
1094,13,17,29,21,22,38,10
1095,0,0,0,0,2,3,4
1096,3,5,3,3,1,8,2
1097,3,3,8,6,8,10,7
1098,1,2,4,0,0,0,4
1099,14,9,8,16,11,3,18
1100,0,2,2,4,0,2,2
1101,20,21,17,20,21,13,15
1102,56,63,45,56,73,56,69
1103,2,6,5,3,3,2,6
1104,17,19,11,22,28,46,25
1105,1,8,8,11,7,2,8
1106,1,2,2,0,1,1,1
1107,7,3,1,12,4,8,2
1108,75,75,73,92,61,102,66
1109,14,15,9,12,19,19,8
1110,0,8,1,2,0,0,0
1111,0,1,0,2,1,2,1
1112,24,30,12,39,21,10,19
1113,1,1,5,4,1,3,3
1114,2,7,5,8,6,4,6
1115,6,1,2,5,1,2,5
1116,15,21,10,16,8,16,20
1117,81,54,59,52,66,50,68
1118,25,16,25,26,36,42,29
1119,5,2,2,2,5,5,8
1120,13,7,10,9,18,36,7
1121,23,9,18,13,38,27,18
1122,0,1,2,5,3,3,3
1123,48,38,47,50,74,60,41
1124,2,2,2,5,7,5,110
1125,15,14,30,29,18,13,19
1126,20,21,15,27,33,47,14
1127,11,22,22,20,24,41,18
1128,86,85,83,120,109,150,123
1129,23,16,22,19,33,39,22
1130,0,2,2,1,2,1,1
1131,1,6,6,6,5,3,2
1132,0,2,3,2,2,1,1
1133,0,1,1,1,0,2,0
1134,7,17,13,2,26,9,7
1135,7,12,15,13,14,18,15
1136,2,5,7,5,3,9,7
1137,2,2,1,1,4,4,2
1138,8,10,3,2,3,0,3
1139,9,9,5,25,20,26,20
1140,6,4,0,1,7,1,4
1141,3,2,3,5,5,5,23
1142,18,22,32,32,28,26,34
1143,0,9,4,1,3,4,1
1144,3,12,8,5,5,4,4
1145,4,4,4,2,3,5,1
1146,8,3,9,8,10,9,8
1147,6,12,12,6,9,14,13
1148,1,1,0,1,0,0,0
1149,4,6,3,6,7,14,10
1150,21,21,18,32,39,25,13
1151,20,30,21,27,32,6,13
1152,8,13,12,11,16,14,14
1153,23,30,16,8,5,7,8
1154,8,7,4,1,8,6,8
1155,3,4,4,2,2,1,6
1156,46,33,39,45,41,38,43
1157,0,0,1,0,2,1,2
1158,2,0,1,0,0,1,1
1159,9,16,11,16,17,13,7
1160,2,0,2,2,1,0,0
1161,9,14,16,28,21,25,31
1162,2,3,3,4,4,5,1
1163,1,3,3,3,0,3,5
1164,8,10,0,3,3,8,5
1165,20,17,15,17,14,12,14
1166,11,37,15,17,8,29,12
1167,13,15,18,15,26,18,8
1168,27,23,16,29,38,20,21
1169,5,2,3,2,5,3,2
1170,1,0,2,3,1,2,0
1171,16,9,21,25,24,29,21
1172,54,51,43,51,62,76,94
1173,27,17,25,42,27,25,19
1174,0,0,0,1,0,1,0
1175,1,2,4,8,10,7,4
1176,5,8,5,7,6,5,3
1177,3,1,1,0,1,3,1
1178,13,6,13,6,5,4,10
1179,4,3,6,6,2,9,3
1180,5,4,1,5,7,7,4
1181,30,29,26,33,26,23,28
1182,1,1,8,1,4,8,5
1183,1,1,0,0,0,1,0
1184,7,2,2,7,6,4,5
1185,1,1,1,0,0,0,0
1186,1,2,0,0,0,0,0
1187,16,22,6,4,10,15,7
1188,3,5,5,12,3,3,5
1189,1,0,2,1,1,1,3
1190,52,42,31,51,77,63,38
1191,0,2,0,0,0,0,1
1192,12,8,13,13,14,15,15
1193,1,4,1,2,2,0,4
1194,0,3,2,1,10,4,4
1195,8,16,12,12,21,14,10
1196,13,12,17,16,12,18,16
1197,11,12,6,4,7,15,8
1198,3,5,1,1,1,1,3
1199,0,1,0,1,0,1,1
1200,1,0,0,1,1,2,1
1201,2,0,5,2,2,2,1
1202,57,70,85,84,65,63,68
1203,4,11,3,3,9,8,8
1204,1,1,3,3,3,7,2
1205,128,100,103,144,112,105,60
1206,1,2,1,1,1,0,1
1207,6,3,4,4,14,10,1
1208,16,13,17,19,21,17,11
1209,4,3,4,3,5,11,4
1210,27,45,48,46,46,52,43
1211,8,12,20,10,17,11,10
1212,1,0,0,0,1,1,2
1213,11,8,5,10,3,4,10
1214,3,2,1,0,1,0,1
1215,1,0,1,0,0,1,3
1216,11,5,2,5,3,3,7
1217,11,13,15,13,18,21,11
1218,0,0,1,1,0,0,0
1219,19,14,18,21,9,18,18
1220,0,1,1,0,1,1,1
1221,123,107,59,17,23,25,21
1222,1,1,5,3,2,1,4
1223,3,1,4,7,5,1,2
1224,2,6,5,5,3,9,13
1225,4,8,9,7,2,3,10
1226,20,10,25,14,44,54,24
1227,0,1,3,0,3,5,6
1228,2,2,1,0,7,6,2
1229,9,12,8,20,7,9,16
1230,2,0,3,1,1,1,1
1231,71,52,65,53,61,65,52
1232,0,3,1,0,1,1,1
1233,21,9,9,5,17,10,11
1234,9,17,17,11,9,15,14
1235,3,7,2,3,4,5,3
1236,1,2,1,1,2,0,1
1237,5,5,7,5,3,5,4
1238,0,1,1,1,0,1,1
1239,0,0,0,0,3,1,0
1240,1,1,6,0,1,1,4
1241,1,2,1,0,2,2,3
1242,51,52,29,47,68,66,30
1243,2,3,3,3,2,1,4
1244,16,24,17,27,15,15,23
1245,1,1,0,2,0,0,0
1246,1,0,0,0,2,4,0
1247,2,7,4,3,5,3,4
1248,0,0,0,0,0,2,0
1249,8,14,3,9,11,14,11
1250,0,1,4,1,1,2,4
1251,2,0,3,1,3,9,2
1252,93,63,46,82,113,124,54
1253,0,0,0,0,0,4,0
1254,3,3,3,2,1,1,1
1255,13,11,9,15,9,18,12
1256,3,5,2,1,4,7,2
1257,6,18,13,10,10,14,9
1258,14,21,8,24,29,11,22
1259,5,4,10,4,6,4,16
1260,3,3,5,2,3,10,3
1261,0,8,2,3,3,2,5
1262,3,4,2,5,5,3,6
1263,22,26,20,22,23,32,24
1264,22,24,37,29,22,24,18
1265,1,0,2,0,1,0,1
1266,3,4,2,4,4,8,0
1267,1,0,0,0,4,4,2
1268,8,8,4,3,8,8,3
1269,2,4,0,5,1,1,2
1270,28,21,41,8,26,30,30
1271,26,16,17,12,18,27,33
1272,2,2,0,2,5,1,1
1273,10,13,11,14,24,8,13
1274,0,0,2,0,1,0,0
1275,17,13,11,13,16,17,9
1276,8,6,4,8,8,5,5
1277,6,3,4,3,3,6,6
1278,0,1,0,2,2,0,2
1279,1,1,2,0,1,2,1
1280,3,2,0,3,4,3,6
1281,6,1,10,8,8,5,3
1282,55,63,46,82,67,50,39
1283,6,1,11,11,9,11,9
1284,22,25,34,19,32,22,19
1285,5,1,5,5,7,1,3
1286,2,6,3,3,2,4,2
1287,3,2,6,4,1,4,6
1288,9,6,11,23,15,11,10
1289,22,14,17,22,16,12,10
1290,5,8,9,1,6,8,3
1291,32,43,34,52,52,46,48
1292,51,48,46,64,49,47,43
1293,5,15,7,11,6,9,6
1294,25,22,18,9,21,9,20
1295,10,6,8,3,9,5,5
1296,24,33,32,21,45,47,33
1297,13,22,28,17,30,38,23
1298,6,1,4,5,1,1,3
1299,28,13,14,17,23,20,24
1300,0,1,2,1,1,3,1
1301,30,34,14,33,35,39,36
1302,17,23,23,26,50,27,18
1303,3,3,3,0,1,0,0
1304,18,16,12,19,18,10,18
1305,2,5,2,4,1,0,4
1306,15,9,6,7,16,6,5
1307,6,5,13,9,4,10,3
1308,6,6,5,14,10,16,11
1309,8,7,4,5,16,9,9
1310,4,5,3,3,3,10,2
1311,91,76,148,126,170,165,161
1312,34,44,40,40,34,26,40
1313,53,57,44,35,66,38,45
1314,25,36,13,24,19,21,25
1315,13,13,10,12,14,18,6
1316,4,2,1,6,3,1,6
1317,7,4,8,8,2,10,10
1318,0,1,1,1,1,1,1
1319,13,21,15,16,24,33,22
1320,5,4,5,0,0,0,2
1321,2,2,1,1,2,1,1
1322,85,95,115,137,183,112,102
1323,3,2,5,0,2,10,0
1324,13,6,13,16,10,14,9
1325,6,11,5,9,6,3,9
1326,0,0,2,6,7,8,3
1327,11,17,13,11,22,12,13
1328,14,8,3,3,13,9,8
1329,1,0,0,1,0,0,3
1330,20,23,17,31,18,22,19
1331,2,1,0,2,1,4,4
1332,14,4,7,12,37,27,9
1333,1,1,2,5,3,1,0
1334,0,4,0,2,2,3,4
1335,5,14,6,4,10,8,5
1336,1,0,0,1,0,0,0
1337,13,7,3,19,5,17,9
1338,30,19,20,23,16,26,31
1339,14,9,3,6,14,15,8
1340,19,12,18,18,13,76,99
1341,4,6,3,9,10,9,5
1342,8,3,5,3,3,10,7
1343,5,3,4,4,5,2,1
1344,4,2,1,1,2,4,3
1345,0,4,1,4,3,4,2
1346,39,44,32,55,41,54,37
1347,9,4,14,17,18,15,7
1348,11,23,18,18,17,25,13
1349,10,13,15,12,13,17,11
1350,49,73,54,51,94,62,60
1351,1,2,1,0,4,1,3
1352,3,15,5,8,11,14,8
1353,10,4,10,4,8,8,8
1354,5,4,9,14,8,12,9
1355,26,27,35,16,30,19,18
1356,22,13,21,21,24,46,25
1357,15,19,13,13,23,27,11
1358,19,16,17,20,23,22,12
1359,4,1,2,2,5,5,7
1360,1,2,0,0,1,2,2
1361,2,3,0,1,2,2,0
1362,42,61,40,57,57,80,68
1363,6,12,16,15,5,2,10
1364,4,3,7,6,20,20,13
1365,22,19,22,18,31,28,18
1366,1,2,0,0,0,0,0
1367,2,1,1,1,2,11,3
1368,1,1,0,0,0,1,0
1369,7,0,2,0,1,4,7
1370,3,5,3,2,4,4,4
1371,7,9,5,7,1,2,4
1372,11,7,5,10,4,5,7
1373,16,17,13,18,30,28,13
1374,6,20,11,22,8,10,11
1375,3,10,2,4,1,6,2
1376,5,5,10,10,15,3,10
1377,29,27,24,33,33,44,24
1378,5,3,4,3,0,3,4
1379,1,4,0,2,2,1,0
1380,3,10,9,13,6,7,8
1381,6,2,2,2,4,8,5
1382,0,1,0,0,0,1,0
1383,4,1,2,0,3,5,5
1384,3,0,3,0,1,0,1
1385,0,0,1,1,0,3,2
1386,4,1,4,4,5,3,2
1387,1,4,1,1,3,6,5
1388,16,28,23,21,40,36,15
1389,4,10,7,10,16,7,9
1390,0,0,2,0,1,0,0
1391,0,1,0,0,2,2,1
1392,11,11,19,13,4,16,32
1393,15,12,7,14,20,17,9
1394,4,4,5,6,1,2,2
1395,16,15,13,16,23,10,11
1396,4,1,4,3,4,1,3
1397,45,46,43,31,44,48,33
1398,9,13,12,13,31,36,29
1399,3,3,3,6,3,5,3
1400,3,1,1,0,0,7,0
1401,18,8,17,17,18,13,21
1402,4,3,0,1,0,1,5
1403,0,1,0,4,0,3,0
1404,4,3,1,1,2,9,10
1405,0,0,3,0,4,1,3
1406,2,4,0,3,2,0,0
1407,1,0,2,6,2,3,3
1408,0,4,4,2,8,2,7
1409,41,44,73,41,45,60,57
1410,6,6,3,6,22,16,7
1411,27,34,29,30,41,38,29
1412,11,13,13,19,37,20,9
1413,10,6,10,5,7,10,3
1414,2,0,2,0,1,1,0
1415,1,1,1,2,0,0,1
1416,0,2,1,1,0,1,2
1417,8,9,6,5,13,7,5
1418,2,3,1,2,4,4,1
1419,2,2,4,4,2,5,5
1420,3,4,2,2,6,1,1
1421,6,5,8,6,10,5,7
1422,23,16,30,22,40,30,27
1423,7,7,5,7,9,11,7
1424,33,38,39,31,23,31,15
1425,1,0,1,0,2,0,0
1426,0,1,1,2,5,1,0
1427,7,8,2,3,3,13,1
1428,33,20,19,10,34,28,14
1429,9,3,2,1,9,3,12
1430,0,2,0,0,0,0,0
1431,21,7,6,6,6,13,8
1432,28,30,29,40,35,38,32
1433,1,12,3,2,0,2,2
1434,5,5,2,3,2,8,2
1435,10,6,6,12,4,17,6
1436,28,30,22,16,26,31,19
1437,8,12,4,18,10,9,9
1438,61,48,41,42,64,73,43
1439,1,3,6,3,1,4,3
1440,28,17,24,26,33,44,36
1441,4,4,2,8,4,6,6
1442,6,5,6,6,11,2,10
1443,4,7,7,13,7,5,12
1444,0,5,1,2,4,0,7
1445,3,10,1,8,7,2,4
1446,0,1,1,0,2,0,1
1447,1,1,2,2,0,0,0
1448,2,6,4,2,4,4,3
1449,10,10,11,10,11,13,11
1450,18,12,8,12,32,30,18
1451,5,5,7,6,4,2,6
1452,41,45,48,49,72,85,30
1453,37,26,20,19,19,32,22
1454,5,10,5,8,9,5,4
1455,2,0,1,2,2,0,1
1456,15,22,6,9,19,11,7
1457,3,0,1,1,4,3,2
1458,19,22,26,40,32,43,28
1459,23,14,31,28,26,30,18
1460,8,9,8,7,20,26,10
1461,20,32,21,32,62,26,32
1462,3,2,3,3,3,0,1
1463,1,1,1,8,4,1,2
1464,0,0,0,0,0,0,0
1465,23,18,15,19,26,29,23
1466,4,8,6,10,3,10,6
1467,11,28,40,46,31,31,42
1468,3,1,2,1,3,0,0
1469,66,57,65,55,112,101,74
1470,5,5,2,2,5,1,2
1471,16,7,5,9,5,10,11
1472,1,2,8,7,3,8,5
1473,3,13,7,5,3,7,6
1474,6,10,11,8,15,13,10
1475,26,41,28,14,38,41,13
1476,3,0,0,1,4,0,1
1477,23,32,35,35,8,15,30
1478,226,265,258,219,225,268,313
1479,13,4,2,3,17,12,6
1480,12,7,9,11,9,6,7
1481,14,20,16,20,17,11,21
1482,20,22,20,18,20,24,9
1483,62,67,28,19,28,21,19
1484,28,32,29,27,32,40,24
1485,21,15,18,15,27,15,10
1486,0,1,1,4,5,1,5
1487,0,0,0,1,1,1,0
1488,1,3,0,1,1,0,0
1489,44,45,33,26,45,46,36
1490,38,32,25,34,47,47,31
1491,10,15,13,2,18,11,17
1492,0,3,5,3,4,1,1
1493,1,1,1,2,1,0,1
1494,3,5,1,12,10,1,6
1495,0,0,1,0,0,3,2
1496,2,7,5,1,7,6,4
1497,1,1,0,2,1,1,1
1498,3,4,3,5,9,6,4
1499,3,1,2,1,4,2,3
1500,4,1,2,2,4,2,0
1501,5,11,4,8,3,1,5
1502,5,4,8,5,1,2,5
1503,4,6,12,6,4,4,8
1504,3,1,2,1,0,0,2
1505,1,1,1,2,3,2,0
1506,41,42,40,37,39,54,39
1507,2,0,3,2,0,1,2
1508,2,5,1,2,3,4,4
1509,4,17,11,23,8,14,10
1510,3,2,0,4,6,4,6
1511,1,3,2,5,5,4,4
1512,32,49,36,45,66,41,49
1513,20,28,12,17,22,30,17
1514,4,1,3,2,1,3,1
1515,6,10,10,21,8,12,10
1516,0,1,1,0,3,1,2
1517,14,15,8,10,11,12,14
1518,55,67,58,59,69,85,55
1519,2,4,3,4,6,7,12
1520,1,3,1,2,0,1,1
1521,14,11,5,11,13,9,9
1522,3,4,3,3,1,4,4
1523,11,9,6,9,7,14,11
1524,26,22,25,31,32,38,22
1525,4,6,2,6,3,2,4
1526,1,0,0,2,0,1,0
1527,24,18,18,19,24,40,16
1528,36,36,29,37,41,44,44
1529,7,6,2,4,2,3,10
1530,9,23,16,20,15,19,17
1531,7,6,7,10,10,10,10
1532,7,6,17,7,5,9,10
1533,13,18,15,14,30,23,14
1534,0,1,0,4,2,0,0
1535,55,50,56,55,74,75,51
1536,1,1,1,4,1,2,0
1537,20,12,9,16,33,14,10
1538,32,35,37,41,54,35,24
1539,148,145,170,218,197,182,127
1540,16,17,12,22,18,28,16
1541,11,9,14,9,19,16,15
1542,26,19,10,7,13,14,7
1543,0,1,0,0,2,0,2
1544,10,11,10,16,17,15,20
1545,1,7,4,3,2,7,3
1546,2,5,4,1,3,2,2
1547,17,11,14,17,38,40,48
1548,2,2,1,0,0,3,0
1549,1,2,3,0,0,2,2
1550,1,1,2,4,2,1,1
1551,13,28,24,20,21,16,23
1552,51,46,31,34,47,27,30
1553,60,65,33,57,79,70,46
1554,12,4,5,10,10,4,6
1555,5,7,7,3,6,7,11
1556,8,5,5,8,4,3,2
1557,37,46,40,61,94,59,36
1558,2,2,2,4,2,2,0
1559,91,70,58,66,65,78,73
1560,59,35,34,41,68,39,38
1561,2,2,0,2,2,5,7
1562,4,2,6,4,5,2,1
1563,1,1,2,6,3,3,2
1564,24,9,26,19,27,30,14
1565,6,0,0,0,2,0,1
1566,1,2,1,3,1,3,1
1567,1,2,4,1,2,2,0
1568,11,16,21,26,40,29,21
1569,2,0,1,1,2,1,0
1570,1,2,1,1,2,0,0
1571,4,13,15,8,1,10,6
1572,29,15,23,34,33,28,30
1573,4,2,2,5,1,1,3
1574,6,7,10,11,8,9,13
1575,13,10,8,9,12,10,10
1576,44,38,56,51,42,62,43
1577,7,14,12,18,7,11,20
1578,0,0,0,0,0,1,2
1579,26,12,13,8,14,24,18
1580,6,9,10,6,7,8,4
1581,9,11,6,8,14,9,12
1582,9,5,9,10,13,7,4
1583,27,27,31,30,20,18,17
1584,2,3,5,0,0,2,5
1585,3,1,6,1,4,0,5
1586,34,17,18,37,39,21,28
1587,8,5,4,2,7,5,4
1588,20,24,18,14,33,26,25
1589,6,6,6,4,2,1,10
1590,8,4,1,6,2,5,7
1591,7,2,3,9,6,4,5
1592,3,4,5,13,11,11,6
1593,11,16,10,23,15,15,3
1594,20,15,13,17,9,16,7
1595,18,16,8,16,17,21,14
1596,5,4,4,3,7,3,0
1597,15,10,16,6,3,5,5
1598,0,0,1,0,0,0,0
1599,1,4,2,9,2,3,5
1600,4,1,0,2,3,5,5
1601,2,5,2,2,2,1,5
1602,6,4,4,5,9,11,6
1603,5,7,2,14,8,11,17
1604,4,7,5,8,9,9,2
1605,21,23,18,8,25,17,19
1606,3,2,10,7,4,2,10
1607,6,8,12,20,17,18,15
1608,0,4,3,3,6,1,6
1609,0,1,6,6,2,5,8
1610,4,4,6,4,1,5,6
1611,10,9,16,3,13,18,14
1612,3,0,0,2,1,0,1
1613,2,2,1,2,2,0,0
1614,6,6,8,5,15,11,7
1615,0,1,0,0,0,0,0
1616,27,32,27,36,48,38,17
1617,1,1,2,3,4,1,2
1618,21,22,24,23,29,29,13
1619,5,5,6,9,13,11,3
1620,4,4,6,5,4,6,5
1621,11,5,9,11,3,16,6
1622,2,1,1,3,0,0,0
1623,30,18,22,30,30,35,25
1624,46,41,38,48,58,64,44
1625,1,2,1,0,0,0,0
1626,5,2,1,4,6,7,0
1627,26,23,29,21,27,25,22
1628,7,6,7,4,6,16,2
1629,83,91,99,74,126,120,81
1630,1,3,7,4,5,10,3
1631,4,10,2,5,4,3,3
1632,0,0,0,0,0,2,0
1633,9,24,17,20,18,21,7
1634,9,6,12,11,7,17,9
1635,9,8,12,10,10,12,8
1636,4,9,5,5,9,8,7
1637,4,6,4,2,1,2,2
1638,4,7,6,2,4,7,1
1639,10,19,18,17,28,27,16
1640,0,0,0,2,2,0,0
1641,1,3,4,6,10,6,1
1642,11,15,36,15,29,53,27
1643,16,18,22,21,15,31,17
1644,12,24,19,16,13,18,18
1645,5,14,9,11,10,7,9
1646,52,74,45,47,64,71,52
1647,22,16,14,13,32,41,20
1648,4,3,3,1,1,5,1
1649,22,21,15,21,23,20,10
1650,7,7,6,7,3,4,3
1651,8,7,9,3,11,20,19
1652,4,5,8,7,6,6,8
1653,2,3,4,1,0,0,2
1654,14,7,15,17,18,15,11
1655,3,2,3,4,2,0,6
1656,1,2,3,2,4,4,4
1657,0,1,3,2,1,0,1
1658,19,15,15,15,22,12,15
1659,7,4,17,9,15,17,15
1660,27,29,19,19,26,20,14
1661,6,6,11,21,9,11,11
1662,20,11,16,11,34,29,9
1663,19,20,14,20,27,13,19
1664,16,15,15,30,24,28,22
1665,0,0,0,0,0,0,1
1666,28,30,27,29,40,52,33
1667,15,21,17,10,7,5,12
1668,0,1,0,0,1,2,0
1669,3,5,3,1,3,3,6
1670,194,219,244,286,303,486,592
1671,3,5,3,3,2,8,0
1672,50,57,51,68,75,90,58
1673,18,16,24,30,38,37,29
1674,4,1,3,1,4,2,1
1675,8,5,10,4,7,4,6
1676,0,0,2,1,0,3,3
1677,254,224,237,219,270,440,624
1678,5,5,1,7,4,2,3
1679,3,4,10,3,2,0,3
1680,1,5,4,3,3,1,2
1681,1,1,2,1,6,0,2
1682,21,11,16,6,16,12,20
1683,5,7,6,4,7,7,4
1684,0,2,3,1,6,5,3
1685,4,4,6,4,5,6,7
1686,3,0,0,1,0,0,1
1687,10,11,13,16,16,13,14
1688,3,1,0,6,2,5,5
1689,18,12,34,23,29,20,21
1690,80,68,31,27,38,27,32
1691,2,0,2,3,4,2,5
1692,98,87,88,104,123,128,86
1693,2,3,3,2,3,3,3
1694,0,0,0,0,0,0,0
1695,1,2,0,0,0,0,1
1696,2,1,2,1,1,0,0
1697,4,6,2,6,1,3,5
1698,0,5,2,3,4,2,2
1699,32,17,16,19,27,36,15
1700,9,9,15,5,11,13,10
1701,9,4,1,4,1,6,1
1702,0,2,2,0,1,1,1
1703,4,6,3,7,5,3,6
1704,2,3,5,4,5,3,2
1705,0,3,1,1,1,4,1
1706,1,0,2,0,0,0,2
1707,8,8,18,13,14,14,9
1708,4,2,2,1,0,3,3
1709,4,6,2,3,2,4,5
1710,9,9,13,15,13,24,6
1711,1,2,0,2,2,0,0
1712,60,56,33,47,30,46,41
1713,2,4,4,6,6,3,6
1714,0,4,3,6,6,5,1
1715,7,8,4,5,15,16,3
1716,8,4,5,9,2,0,5
1717,33,21,22,18,27,29,19
1718,8,8,3,5,5,16,11
1719,5,8,5,8,7,9,5
1720,20,18,24,25,22,54,88
1721,2,4,2,3,3,5,1
1722,8,3,2,5,3,5,3
1723,35,40,39,45,28,29,34
1724,1,1,2,2,1,2,1
1725,3,5,0,5,5,3,3
1726,52,31,31,27,46,38,42
1727,7,3,7,5,7,7,5
1728,2,1,0,3,0,0,0
1729,12,10,3,11,7,15,5
1730,26,52,56,66,108,122,78
1731,0,0,0,0,0,0,1
1732,13,5,8,7,8,10,6
1733,1,1,1,1,2,0,1
1734,1,0,1,0,0,0,1
1735,11,13,12,18,16,32,8
1736,3,6,3,4,6,8,1
1737,4,2,2,7,0,2,2
1738,4,5,1,1,2,4,2
1739,11,9,5,8,5,15,6
1740,0,2,2,1,2,0,1
1741,0,0,0,0,0,0,0
1742,0,2,4,0,0,0,4
1743,11,9,8,10,10,15,16
1744,12,9,6,10,19,10,10
1745,58,54,60,58,58,76,52
1746,15,11,9,9,5,9,8
1747,7,5,9,2,10,6,18
1748,29,27,24,31,27,35,31
1749,4,2,1,1,3,1,2
1750,4,6,3,3,1,5,0
1751,26,28,31,26,35,21,29
1752,0,0,0,0,0,0,0
1753,12,4,3,6,8,3,7
1754,0,5,6,1,1,1,2
1755,3,4,4,4,7,5,8
1756,5,6,3,4,11,18,11
1757,3,5,0,0,0,0,0
1758,11,5,2,6,9,5,2
1759,2,2,3,2,2,2,1
1760,15,14,12,18,22,12,10
1761,32,26,75,80,74,92,78
1762,0,1,0,3,0,1,0
1763,7,1,8,7,15,16,5
1764,0,1,1,1,0,2,2
1765,4,7,5,4,8,0,4
1766,1,2,1,4,2,0,1
1767,8,18,13,20,24,25,13
1768,2,5,1,3,6,6,3
1769,3,1,2,3,4,2,4
1770,12,12,4,13,24,19,14
1771,0,0,1,2,1,0,2
1772,1,1,1,1,1,2,0
1773,12,14,17,9,11,13,16
1774,2,7,8,9,4,5,6
1775,31,22,22,27,43,54,22
1776,17,8,7,13,16,20,7
1777,2,3,2,3,1,1,3
1778,1,0,0,3,5,0,0
1779,9,17,9,14,10,5,20
1780,17,21,17,27,15,27,19
1781,10,2,5,2,8,7,3
1782,0,1,2,3,0,1,0
1783,58,46,53,63,47,80,56
1784,27,31,39,25,46,32,35
1785,1,2,1,0,0,4,1
1786,225,230,211,264,258,306,304
1787,3,7,6,0,0,3,2
1788,48,61,54,53,77,66,58
1789,2,0,0,4,1,0,0
1790,11,18,15,25,13,7,11
1791,11,6,8,11,10,8,7
1792,6,4,4,13,12,6,14
1793,0,0,2,0,3,2,1
1794,10,12,13,15,7,10,5
1795,6,7,2,5,4,8,6
1796,0,2,0,2,1,1,4
1797,0,4,7,0,3,3,5
1798,3,1,0,2,6,2,3
1799,1,0,0,3,1,1,0
1800,13,9,12,9,14,17,15
1801,27,26,15,63,42,69,34
1802,4,1,4,5,2,5,7
1803,7,10,6,5,4,8,6
1804,29,17,6,18,41,53,21
1805,14,25,26,19,21,42,29
1806,2,5,2,1,3,5,1
1807,26,16,11,17,29,23,12
1808,9,6,7,2,3,6,3
1809,10,8,11,28,7,9,6
1810,7,5,6,5,2,4,10
1811,3,6,1,2,4,0,3
1812,5,9,3,9,7,8,6
1813,10,5,8,9,7,7,9
1814,3,8,4,5,3,1,4
1815,1,0,0,0,1,1,1
1816,2,0,5,2,5,3,3
1817,20,22,27,22,25,18,18
1818,4,2,2,1,2,1,0
1819,3,5,5,2,5,5,2
1820,12,15,9,11,24,19,12
1821,57,51,45,49,58,85,50
1822,2,2,1,2,3,7,6
1823,133,88,103,110,175,230,202
1824,3,7,3,1,4,4,5
1825,5,6,8,5,3,5,4
1826,14,16,13,9,22,17,8
1827,1,4,4,5,0,4,4
1828,11,8,11,9,4,12,15
1829,23,23,22,15,35,18,21
1830,14,19,12,13,25,20,14
1831,7,13,5,8,3,7,9
1832,0,0,0,2,2,1,0
1833,4,4,7,7,5,8,6
1834,0,0,0,0,2,3,0
1835,12,6,11,5,6,3,10
1836,21,23,30,26,26,18,17
1837,7,3,5,6,7,11,7
1838,0,3,2,2,1,0,0
1839,25,22,25,26,22,18,22
1840,6,3,5,10,4,11,7
1841,13,15,17,18,14,27,19
1842,5,1,3,1,3,1,3
1843,0,0,2,0,0,0,0
1844,27,19,27,30,17,31,36
1845,1,1,0,2,1,1,1
1846,16,20,4,22,34,40,24
1847,2,3,4,4,4,4,2
1848,44,33,46,33,43,49,45
1849,1,2,1,3,0,3,0
1850,0,4,1,1,1,3,4
1851,2,2,2,1,1,0,1
1852,3,2,2,1,5,5,0
1853,4,7,10,7,8,16,11
1854,3,2,0,1,1,1,1
1855,1,0,0,1,0,0,1
1856,3,5,6,6,4,1,3
1857,5,8,7,7,8,16,8
1858,2,2,2,2,0,2,0
1859,53,64,48,61,49,49,17
1860,4,8,8,12,14,3,7
1861,10,8,6,21,26,16,16
1862,2,1,0,4,4,3,65
1863,1,8,6,2,2,13,3
1864,3,4,0,1,1,6,2
1865,9,2,8,10,10,7,4
1866,0,1,0,3,8,1,3
1867,2,6,4,5,6,1,1
1868,30,26,17,27,21,26,19
1869,66,67,63,76,87,85,68
1870,2,2,2,0,0,2,10
1871,9,5,6,12,13,8,11
1872,23,20,15,19,32,18,11
1873,1,0,0,3,1,3,0
1874,38,35,33,42,37,52,30
1875,16,2,1,4,1,0,6
1876,41,67,16,35,44,37,32
1877,11,6,10,5,16,11,4
1878,1,0,1,1,0,1,0
1879,1,4,2,5,0,2,0
1880,2,5,4,6,4,5,3
1881,11,15,17,14,9,15,14
1882,9,19,21,14,23,27,24
1883,45,44,32,49,60,57,83
1884,4,7,17,2,16,14,9
1885,2,3,4,6,2,9,9
1886,64,96,81,78,62,22,6
1887,2,3,2,2,8,8,8
1888,9,9,12,9,11,10,12
1889,0,0,0,0,0,0,0
1890,2,2,0,1,0,1,4
1891,7,14,5,7,2,9,6
1892,14,15,23,31,35,28,24
1893,12,30,10,11,9,9,11
1894,3,3,1,1,3,1,1
1895,7,12,16,3,13,16,9
1896,4,2,0,4,7,1,1
1897,3,4,8,4,5,8,7
1898,16,19,25,21,41,23,34
1899,11,6,5,6,4,12,2
1900,0,0,1,0,1,1,0
1901,7,6,3,4,11,4,8
1902,1,3,3,5,6,2,6
1903,23,20,25,47,33,41,26
1904,3,1,3,2,3,5,2
1905,0,0,2,2,1,0,0
1906,49,59,74,53,71,75,43
1907,3,1,0,4,2,4,5
1908,19,16,25,11,12,12,10
1909,3,4,4,0,2,3,2
1910,6,5,4,2,5,0,0
1911,222,229,304,316,379,299,286
1912,1,14,9,13,12,15,13
1913,5,8,6,7,8,1,4
1914,2,7,3,2,1,5,4
1915,5,7,6,0,10,2,7
1916,0,0,3,0,3,0,0
1917,5,7,2,1,6,4,2
1918,3,3,2,1,2,0,3
1919,20,16,22,28,25,24,21
1920,2,2,5,0,3,6,3
1921,26,21,17,20,22,35,13
1922,7,3,5,10,3,8,7
1923,4,1,3,2,4,4,2
1924,26,29,38,37,29,38,37
1925,2,6,7,2,8,4,8
1926,13,12,15,14,3,8,9
1927,8,8,10,6,2,5,4
1928,32,28,94,52,62,87,73
1929,1,1,0,2,1,3,1
1930,23,26,8,15,27,30,10
1931,9,11,9,4,4,4,6
1932,2,0,2,3,6,0,1
1933,5,3,6,4,5,9,9
1934,45,30,38,49,40,41,26
1935,289,205,353,331,321,318,316
1936,30,22,21,36,54,57,21
1937,4,3,5,5,2,6,4
1938,9,19,13,34,30,18,12
1939,12,8,9,7,6,14,10
1940,9,17,12,12,21,8,13
1941,6,8,13,8,8,9,9
1942,11,21,10,13,15,20,20
1943,8,8,5,5,57,25,10
1944,16,18,25,16,35,24,21
1945,19,23,22,30,30,31,13
1946,7,1,6,5,8,11,5
1947,0,0,0,1,0,1,0
1948,5,5,6,6,17,7,3
1949,1,1,0,0,3,3,1
1950,41,37,28,36,35,47,25
1951,60,48,27,36,23,56,27
1952,24,5,8,18,18,17,11
1953,4,3,12,4,9,4,8
1954,27,21,11,19,11,24,18
1955,12,18,24,24,16,29,19
1956,2,3,2,7,6,10,6
1957,0,0,0,2,2,3,3
1958,0,4,0,5,2,2,6
1959,4,9,4,7,6,8,15
1960,42,49,46,46,48,55,45
1961,0,3,1,0,1,0,0
1962,0,3,3,2,2,1,0
1963,1,0,2,2,2,1,1
1964,1,2,0,5,0,0,3
1965,6,3,5,4,3,9,6
1966,4,4,2,1,1,0,2
1967,8,0,4,4,3,3,1
1968,1,2,3,3,4,4,1
1969,14,16,12,13,12,14,10
1970,2,0,2,3,1,1,3
1971,0,1,3,0,2,0,2
1972,19,22,19,18,28,26,13
1973,11,12,10,19,9,9,18
1974,1,1,0,0,2,1,1
1975,6,6,20,17,17,8,22
1976,20,18,16,30,17,21,18
1977,40,46,30,43,34,15,30
1978,5,2,5,3,8,1,5
1979,7,3,2,2,3,4,5
1980,44,32,45,41,36,26,17
1981,2,6,1,3,3,0,2
1982,8,5,8,6,6,9,6
1983,2,2,2,3,4,3,2
1984,2,10,7,1,3,4,5
1985,24,29,13,22,31,28,16
1986,34,24,27,23,50,35,30
1987,3,7,1,2,3,1,3
1988,34,25,24,29,41,33,35
1989,7,5,7,1,4,6,14
1990,11,9,8,16,19,11,15
1991,0,1,1,0,1,0,1
1992,89,63,77,67,83,89,82
1993,2,4,4,2,4,7,2
1994,1,3,4,2,3,4,10
1995,1,2,1,2,1,3,1
1996,3,4,2,5,2,6,0
1997,7,2,6,4,1,2,4
1998,13,16,11,24,18,16,15
1999,26,16,18,15,24,26,9
2000,16,13,19,6,9,6,8
