shop_id,2016/10/11  view,2016/10/12  view,2016/10/13  view,2016/10/14  view,2016/10/15  view,2016/10/16  view,2016/10/17  view
1,45,42,26,35,30,20,25
2,27,25,23,25,33,30,23
3,15,8,9,6,10,4,4
4,28,27,28,20,33,46,25
5,12,7,9,6,1,7,1
6,9,11,8,10,10,10,5
7,24,29,14,20,34,25,7
8,11,11,5,5,2,3,6
9,11,6,5,5,10,6,5
10,0,4,0,0,1,3,4
11,1,6,9,3,5,4,2
12,14,12,15,21,13,21,14
13,14,6,8,10,7,4,4
14,9,11,19,16,12,16,13
15,2,0,2,1,0,0,2
16,13,11,20,34,24,23,19
17,23,33,28,19,37,31,24
18,11,14,12,3,8,4,3
19,10,6,9,3,9,8,7
20,17,16,17,8,7,3,9
21,6,3,4,6,4,4,3
22,43,45,43,32,38,37,44
23,0,1,0,4,0,0,1
24,23,17,21,17,17,12,19
25,34,8,30,24,12,25,16
26,9,5,19,9,16,19,4
27,12,6,7,5,13,10,7
28,21,34,24,25,30,34,35
29,5,9,8,8,6,6,1
30,33,45,48,41,40,29,41
31,4,9,1,3,8,4,7
32,0,1,1,1,1,2,5
33,18,14,9,12,16,20,9
34,23,40,21,21,30,15,13
35,6,2,2,3,5,10,7
36,3,2,3,5,3,2,2
37,19,16,21,14,14,15,18
38,4,0,0,1,1,1,2
39,39,32,32,22,8,21,9
40,1,2,1,2,0,0,1
41,39,51,38,20,19,17,35
42,8,7,11,6,13,2,1
43,0,0,0,0,0,0,0
44,194,182,152,166,248,211,142
45,3,6,4,1,2,3,4
46,7,3,2,4,5,4,3
47,1,0,0,0,1,0,1
48,3,2,5,0,8,4,3
49,40,37,37,52,55,42,40
50,20,16,12,14,9,18,17
51,8,6,4,8,5,7,8
52,8,14,6,6,9,2,7
53,1,2,2,0,0,0,0
54,11,8,11,7,10,15,8
55,33,37,26,35,35,24,12
56,14,11,9,15,27,17,5
57,29,28,17,10,24,14,15
58,32,41,49,44,50,42,24
59,0,1,0,1,1,2,0
60,28,19,17,16,22,20,13
61,7,9,6,5,8,3,4
62,29,18,14,22,28,34,20
63,1,0,4,2,0,1,1
64,17,12,12,8,9,4,13
65,12,23,17,14,16,21,13
66,1,0,0,0,0,0,0
67,15,7,8,10,8,9,7
68,1,1,3,0,2,2,1
69,17,11,19,10,4,7,7
70,9,8,8,5,4,9,5
71,9,12,8,7,8,9,7
72,4,8,6,4,6,12,5
73,1,2,0,3,6,5,1
74,8,6,1,1,2,2,1
75,8,9,7,8,5,12,9
76,5,12,11,5,8,2,9
77,12,19,12,11,7,9,14
78,8,8,3,7,2,3,1
79,11,13,13,19,7,10,8
80,2,0,4,2,1,1,3
81,1,3,6,5,5,3,8
82,13,11,9,16,0,16,8
83,35,12,14,11,14,28,21
84,19,5,18,9,7,13,5
85,20,18,15,24,20,25,15
86,8,7,7,6,10,6,9
87,3,4,3,7,2,7,8
88,72,70,77,81,97,122,58
89,60,31,29,42,39,6,6
90,17,13,21,8,11,12,14
91,2,4,2,1,2,8,3
92,26,29,15,16,34,23,16
93,9,6,3,7,8,8,2
94,5,10,14,6,8,5,6
95,20,16,18,9,22,22,28
96,16,7,11,10,10,5,10
97,14,12,3,9,2,3,3
98,6,16,5,4,10,8,1
99,4,7,3,5,3,1,1
100,36,18,26,33,21,12,22
101,43,20,44,38,33,30,32
102,3,5,0,4,2,1,5
103,3,4,7,2,2,4,1
104,23,10,10,7,8,15,11
105,14,20,18,15,21,26,11
106,3,1,1,2,1,0,1
107,6,16,8,2,5,2,8
108,5,9,4,9,14,2,5
109,1,0,0,0,1,0,1
110,3,0,0,1,0,1,0
111,13,3,5,7,8,4,3
112,3,9,1,8,9,5,0
113,0,0,2,1,2,0,1
114,53,38,48,27,28,23,31
115,20,35,18,15,12,11,19
116,1,2,2,0,1,4,0
117,62,50,46,61,72,108,53
118,2,4,2,1,3,1,0
119,24,21,32,18,35,28,16
120,3,1,3,4,5,2,1
121,33,42,38,30,29,30,18
122,3,4,8,4,4,8,2
123,13,11,9,12,3,6,5
124,3,7,8,13,24,11,8
125,6,9,9,7,8,11,10
126,6,10,8,7,5,6,4
127,11,12,10,11,12,6,6
128,83,75,101,77,73,51,36
129,15,12,20,17,12,21,12
130,10,15,10,21,14,14,17
131,8,2,4,4,8,4,5
132,18,13,13,13,21,22,17
133,7,9,7,10,5,3,2
134,26,8,15,16,13,12,10
135,12,20,14,17,10,4,10
136,37,35,32,35,27,23,37
137,8,10,5,3,9,7,1
138,72,85,77,70,79,64,68
139,12,15,15,15,23,14,17
140,1,1,2,1,0,0,0
141,0,2,3,5,0,2,1
142,1,2,3,1,1,1,1
143,12,12,14,6,3,13,13
144,14,8,3,3,4,4,4
145,20,15,11,9,23,12,9
146,19,15,15,17,21,18,10
147,1,1,1,6,0,1,1
148,0,0,1,1,0,0,2
149,49,48,57,46,51,51,53
150,6,8,7,2,6,6,2
151,4,13,8,8,8,7,6
152,11,6,16,9,18,17,12
153,16,15,15,19,14,7,15
154,3,2,6,8,5,3,2
155,45,48,60,46,35,48,43
156,8,14,3,7,7,7,8
157,15,6,16,10,19,18,18
158,6,5,9,2,8,7,3
159,18,18,15,36,29,29,19
160,2,1,1,0,1,2,3
161,14,15,15,11,8,11,5
162,1,2,1,1,1,0,3
163,2,2,3,1,2,4,1
164,2,9,5,6,2,2,8
165,6,16,6,2,7,7,4
166,10,9,13,9,11,11,6
167,20,34,21,16,16,20,13
168,0,0,1,2,0,2,1
169,67,39,38,46,70,62,48
170,12,10,12,12,24,19,9
171,15,23,23,13,9,15,2
172,8,11,6,17,11,8,10
173,6,9,4,2,3,5,3
174,6,13,7,8,3,4,5
175,5,1,2,1,6,8,8
176,10,10,9,10,5,9,8
177,10,9,11,10,15,16,10
178,1,0,0,0,2,1,2
179,25,17,22,20,28,21,13
180,9,3,10,2,9,5,5
181,48,34,22,29,37,53,23
182,11,26,26,35,28,15,13
183,19,11,18,18,17,11,10
184,25,31,35,29,29,30,14
185,11,4,10,1,3,4,7
186,20,13,37,18,20,14,8
187,28,28,48,36,26,16,23
188,8,14,13,12,8,5,6
189,18,15,29,20,19,23,22
190,9,9,15,10,5,8,16
191,15,17,8,13,6,12,10
192,16,16,18,16,22,28,9
193,20,24,18,16,18,17,5
194,2,1,3,1,1,3,1
195,193,187,179,192,260,223,144
196,6,7,13,9,13,19,5
197,7,6,5,7,7,4,8
198,4,2,4,1,8,6,4
199,2,2,1,1,4,4,2
200,25,24,22,29,26,24,19
201,5,1,4,2,0,2,2
202,5,5,2,3,1,7,3
203,12,7,8,10,11,10,5
204,43,42,70,53,67,43,28
205,13,11,12,18,12,12,11
206,26,22,28,38,29,53,30
207,19,8,14,16,17,18,9
208,2,0,2,2,1,0,8
209,8,11,6,13,4,9,6
210,40,38,45,45,56,33,33
211,14,23,30,8,36,34,9
212,35,33,48,29,51,31,28
213,7,3,9,5,7,4,1
214,16,21,25,34,32,32,18
215,14,13,8,7,11,8,6
216,9,9,10,6,5,6,2
217,139,100,96,81,94,79,73
218,2,0,0,0,0,1,2
219,2,2,3,4,1,3,4
220,56,59,62,68,33,38,57
221,16,23,7,15,11,11,4
222,10,11,7,6,6,10,5
223,30,25,24,28,28,20,20
224,2,2,3,7,2,1,1
225,6,2,6,0,5,2,3
226,13,14,10,14,8,7,7
227,20,7,8,5,8,8,10
228,4,2,2,1,4,3,2
229,25,25,34,20,29,44,23
230,0,1,4,1,1,0,3
231,3,7,6,7,6,6,4
232,3,1,2,1,2,3,2
233,24,15,11,18,25,15,10
234,25,26,22,15,20,12,20
235,32,31,22,23,21,23,23
236,27,44,30,41,56,47,40
237,11,12,9,7,7,5,11
238,22,17,14,25,16,13,17
239,47,67,52,56,63,66,56
240,34,39,32,35,17,29,21
241,16,15,8,7,8,17,10
242,13,10,17,8,7,5,10
243,28,24,32,36,39,50,30
244,16,19,13,18,19,13,20
245,8,4,5,4,10,8,2
246,0,2,0,2,0,2,0
247,0,0,0,0,0,0,0
248,5,2,2,6,5,5,3
249,14,13,8,6,3,3,7
250,25,29,19,29,17,35,21
251,5,10,3,7,3,1,4
252,54,45,37,41,43,38,47
253,49,54,44,48,62,88,39
254,7,3,6,2,4,5,2
255,6,12,11,5,5,4,2
256,52,55,39,41,56,50,54
257,1,0,2,0,2,1,0
258,28,32,29,24,26,34,23
259,6,4,2,6,6,8,8
260,21,14,12,9,11,16,6
261,21,23,18,14,20,31,15
262,24,17,17,29,31,21,17
263,2,3,0,2,2,3,2
264,6,12,5,7,5,2,4
265,51,52,64,52,44,59,53
266,5,5,3,6,18,16,9
267,5,9,23,5,10,12,14
268,2,3,1,3,0,3,1
269,14,10,8,10,6,19,7
270,13,23,14,6,7,8,11
271,1,2,3,3,5,3,3
272,22,26,23,19,30,13,16
273,14,8,10,10,5,14,9
274,11,20,22,23,38,36,26
275,30,21,22,9,11,14,7
276,7,9,6,3,12,10,4
277,34,27,17,21,26,31,7
278,49,52,67,67,43,43,48
279,48,37,28,31,47,30,22
280,13,10,4,3,3,3,4
281,24,25,17,29,20,27,24
282,2,2,2,3,5,0,4
283,172,164,165,162,146,169,129
284,0,3,5,0,1,1,1
285,25,13,21,24,14,14,17
286,4,7,6,7,3,13,9
287,40,28,52,30,44,55,50
288,2,9,7,5,5,4,3
289,6,5,7,3,9,7,1
290,0,2,4,1,0,1,0
291,6,5,4,7,2,4,2
292,2,0,0,1,2,1,4
293,9,8,9,9,5,15,2
294,12,20,14,2,7,6,4
295,7,6,8,10,5,9,10
296,22,19,31,28,44,34,30
297,19,25,16,24,13,14,15
298,49,38,31,42,52,41,28
299,44,55,43,52,74,84,32
300,1,6,10,8,7,1,5
301,0,1,1,0,1,1,0
302,0,0,2,3,3,0,1
303,21,8,6,14,12,13,10
304,47,47,27,43,55,32,29
305,36,26,39,35,28,27,29
306,7,14,14,7,4,8,5
307,7,9,10,14,10,15,8
308,8,3,8,3,2,6,2
309,7,7,11,10,6,6,7
310,12,13,9,15,20,19,21
311,14,8,11,7,5,3,3
312,22,26,15,13,22,31,20
313,14,11,10,6,2,4,9
314,3,5,2,7,3,1,1
315,18,18,16,27,26,18,17
316,6,12,2,10,5,5,5
317,2,3,3,1,1,3,3
318,17,22,18,15,24,23,21
319,9,10,15,20,12,24,11
320,62,71,45,46,85,87,42
321,3,15,11,7,8,4,5
322,6,11,8,2,8,1,3
323,11,32,14,24,20,22,14
324,10,9,5,3,5,7,5
325,38,57,37,42,22,33,23
326,282,240,218,247,233,274,237
327,13,5,2,9,1,4,7
328,28,17,22,24,29,19,21
329,1,3,1,2,3,4,0
330,26,40,21,47,100,81,31
331,4,4,4,8,1,3,2
332,13,24,14,31,24,29,13
333,5,5,8,6,12,7,4
334,3,9,5,1,5,6,5
335,59,66,53,70,48,33,26
336,286,265,267,241,254,278,248
337,18,13,8,16,12,23,7
338,19,23,21,18,42,37,22
339,10,11,14,12,18,12,6
340,9,6,2,7,3,2,1
341,24,21,31,20,24,31,26
342,6,13,6,9,9,5,9
343,31,44,51,34,32,42,22
344,43,46,52,40,39,39,40
345,21,22,18,25,36,23,19
346,1,9,3,2,2,3,0
347,44,33,42,43,41,46,38
348,10,12,13,7,18,9,10
349,0,1,0,2,0,0,0
350,2,0,1,1,1,0,0
351,6,11,10,7,4,0,7
352,3,3,5,5,1,0,3
353,2,1,5,1,4,3,1
354,0,1,1,0,0,0,2
355,12,9,10,12,6,10,10
356,25,33,25,39,19,33,22
357,0,0,0,0,0,0,1
358,9,35,23,9,7,16,15
359,16,24,21,20,15,20,10
360,23,21,17,16,22,22,7
361,9,13,5,6,4,4,0
362,8,13,5,14,19,13,6
363,2,7,5,5,2,2,12
364,172,164,146,138,162,196,135
365,18,20,25,19,26,25,13
366,3,4,3,0,0,3,2
367,0,0,0,0,0,0,0
368,4,2,5,0,0,0,0
369,48,35,30,45,47,45,28
370,5,16,5,6,14,11,12
371,3,1,3,0,3,1,1
372,0,0,2,0,0,0,0
373,10,12,16,22,22,17,11
374,7,2,0,5,1,0,2
375,76,90,129,118,119,103,73
376,13,18,16,13,21,8,11
377,2,1,3,7,3,1,3
378,22,17,22,10,12,9,9
379,15,16,13,12,17,11,5
380,53,47,38,32,46,54,31
381,4,4,3,3,3,1,4
382,6,8,2,2,3,4,13
383,7,16,10,8,3,4,12
384,13,15,12,10,10,3,7
385,26,18,32,16,14,27,21
386,22,14,12,10,20,26,7
387,9,2,8,10,11,6,9
388,13,11,10,5,5,11,6
389,6,7,6,14,3,6,11
390,6,1,3,3,9,2,2
391,20,17,19,18,17,18,18
392,1,1,0,0,0,1,2
393,2,4,3,4,12,7,1
394,14,19,16,17,22,26,17
395,27,32,28,18,19,18,17
396,21,9,9,5,9,8,6
397,12,8,10,17,6,11,9
398,12,15,12,7,11,9,12
399,20,21,26,26,18,29,9
400,3,1,3,2,2,5,6
401,5,10,6,16,1,3,4
402,19,14,9,11,9,3,4
403,199,210,184,206,168,212,171
404,39,25,25,23,56,61,30
405,0,0,1,2,0,1,0
406,6,14,11,7,6,4,4
407,21,26,14,18,16,27,20
408,64,76,68,61,61,78,60
409,6,2,5,4,1,2,2
410,4,8,3,2,5,1,7
411,3,4,2,4,4,0,4
412,14,7,12,11,8,8,1
413,10,8,11,9,8,8,9
414,23,19,21,26,25,42,25
415,2,1,1,2,2,0,3
416,39,52,35,42,49,37,38
417,5,8,7,5,18,10,9
418,30,29,25,32,38,36,28
419,7,18,12,6,6,9,8
420,0,0,2,0,1,0,0
421,57,26,17,71,51,61,44
422,14,15,19,25,26,13,14
423,6,6,6,7,5,3,4
424,3,0,4,3,3,8,3
425,121,100,101,155,145,131,133
426,26,17,25,18,12,12,6
427,10,10,6,4,8,4,4
428,6,10,3,5,5,7,5
429,15,28,7,3,15,28,22
430,8,3,3,10,6,5,5
431,67,63,61,49,53,62,59
432,19,10,11,12,11,10,13
433,0,1,2,1,0,2,2
434,8,10,11,10,9,12,6
435,13,20,16,15,19,16,19
436,59,51,68,44,32,63,40
437,23,8,8,7,7,7,11
438,7,11,11,6,9,4,7
439,24,16,14,8,13,7,9
440,2,5,0,3,1,0,3
441,18,12,13,17,17,23,17
442,15,16,17,21,21,15,9
443,5,3,8,1,5,3,6
444,3,3,1,5,2,0,3
445,32,18,15,27,25,16,27
446,19,21,18,24,25,18,8
447,151,120,80,99,66,50,71
448,0,2,0,0,0,2,0
449,5,4,10,6,4,6,4
450,0,1,1,0,1,0,1
451,106,122,103,86,119,132,94
452,4,1,2,3,2,1,0
453,7,5,3,0,1,2,2
454,5,4,1,5,3,3,2
455,14,11,30,37,37,19,20
456,32,17,31,29,39,41,17
457,6,2,1,3,3,1,0
458,16,15,9,21,10,16,14
459,30,29,37,47,66,54,27
460,10,13,10,7,0,3,6
461,0,1,4,8,4,4,0
462,8,8,11,11,13,10,7
463,3,3,2,5,1,5,5
464,17,14,10,10,8,8,11
465,11,11,0,9,10,10,8
466,29,15,26,19,17,22,12
467,36,31,14,28,23,15,19
468,21,16,25,10,27,22,10
469,6,0,2,1,2,0,0
470,6,9,2,5,3,2,3
471,7,9,10,4,3,2,1
472,55,39,45,34,43,51,22
473,1,1,1,0,3,0,2
474,6,3,6,3,2,4,2
475,84,41,80,79,57,16,12
476,12,6,9,6,6,4,5
477,12,7,10,5,16,7,5
478,7,4,2,4,3,7,2
479,1,2,0,0,6,1,1
480,14,9,5,7,4,6,5
481,5,8,5,2,5,6,3
482,37,24,18,21,31,28,29
483,0,2,1,3,1,0,1
484,17,16,16,5,9,9,5
485,4,3,5,8,5,1,6
486,1,0,0,1,0,1,0
487,3,1,2,2,4,2,1
488,0,1,0,1,1,0,0
489,2,3,3,2,1,0,3
490,31,36,28,21,27,37,28
491,1,7,5,2,4,2,2
492,9,2,3,2,2,4,3
493,4,2,2,5,4,0,2
494,29,16,27,25,27,15,28
495,10,11,5,7,11,8,6
496,48,62,61,64,28,33,24
497,31,26,48,41,34,37,37
498,1,1,4,1,2,7,3
499,28,24,12,16,14,26,10
500,93,77,101,72,136,145,73
501,44,35,35,26,29,20,23
502,16,16,16,12,31,35,14
503,8,17,13,22,14,15,12
504,5,1,1,4,3,3,4
505,4,5,7,2,0,1,4
506,15,10,4,16,15,14,12
507,8,6,7,3,5,3,2
508,0,3,1,0,0,0,1
509,34,43,41,45,37,44,41
510,0,2,2,0,2,2,3
511,44,40,34,43,30,40,25
512,11,11,2,8,4,2,1
513,17,35,23,15,18,7,9
514,4,4,2,1,3,0,2
515,4,2,2,2,2,2,2
516,8,11,4,6,3,6,5
517,36,52,43,32,46,57,33
518,9,10,10,7,5,11,4
519,27,17,28,20,20,23,25
520,72,76,52,63,63,61,61
521,20,11,10,9,11,11,10
522,156,166,147,177,180,188,157
523,5,4,5,1,6,3,3
524,1,5,3,2,2,3,4
525,4,4,4,7,9,4,1
526,20,27,21,12,18,18,18
527,7,11,13,6,3,1,6
528,19,14,12,20,19,19,21
529,19,12,9,5,5,4,9
530,15,12,20,9,14,8,12
531,30,17,16,31,29,19,24
532,14,4,3,2,5,1,5
533,1,2,1,0,0,1,2
534,4,6,5,4,7,11,1
535,13,12,15,6,17,15,12
536,3,1,0,1,2,2,1
537,79,59,57,72,67,68,51
538,3,1,2,5,4,3,6
539,25,18,19,15,13,19,10
540,3,2,4,2,3,3,4
541,6,6,10,4,4,6,3
542,14,9,11,8,7,6,1
543,8,4,9,8,4,4,4
544,9,11,5,8,14,13,12
545,7,9,10,3,9,4,7
546,22,24,19,21,21,14,15
547,5,5,4,2,1,8,3
548,22,20,16,11,15,18,12
549,31,16,23,23,26,18,4
550,26,26,26,30,15,20,22
551,11,12,8,6,16,4,6
552,11,11,8,7,6,14,7
553,5,7,7,13,14,10,6
554,84,93,102,106,146,129,109
555,19,22,21,17,7,11,15
556,4,6,5,4,9,9,2
557,29,24,25,25,17,6,24
558,3,4,7,8,3,8,8
559,8,17,16,12,7,11,14
560,49,52,39,41,41,40,31
561,0,0,0,0,0,0,2
562,3,8,4,7,1,2,3
563,13,8,14,16,17,13,13
564,33,50,41,42,62,51,36
565,36,29,26,30,26,22,17
566,12,14,15,16,19,21,9
567,0,0,5,0,0,0,1
568,19,19,36,32,28,39,14
569,5,6,9,5,5,4,3
570,39,30,25,34,36,22,32
571,9,10,4,5,3,1,3
572,35,24,26,20,11,11,9
573,6,8,9,8,9,8,1
574,7,4,5,5,4,2,2
575,4,16,10,9,12,5,5
576,14,12,14,10,9,18,10
577,38,44,32,29,33,38,29
578,0,0,0,1,1,2,0
579,8,16,7,9,8,8,6
580,54,50,56,57,55,64,32
581,0,1,0,1,0,0,0
582,3,3,4,4,7,4,5
583,9,7,7,11,13,10,5
584,24,37,43,35,35,36,27
585,8,8,7,2,4,2,1
586,3,2,3,2,2,3,3
587,12,13,9,17,20,19,14
588,11,14,15,16,17,10,19
589,12,10,14,7,9,25,16
590,1,0,2,5,4,2,1
591,15,15,24,12,35,24,11
592,47,37,31,33,25,41,30
593,14,18,13,5,3,6,5
594,22,11,9,5,6,14,6
595,10,10,12,17,3,3,4
596,16,8,17,10,24,17,14
597,9,9,12,8,6,6,6
598,5,0,0,1,1,1,1
599,6,4,1,3,1,4,3
600,15,11,13,16,5,3,8
601,3,5,0,5,5,2,1
602,0,2,0,0,0,2,1
603,2,0,1,1,0,2,0
604,1,2,3,4,3,2,2
605,23,15,13,22,17,15,16
606,50,51,37,43,42,42,44
607,9,10,3,5,6,5,7
608,4,2,2,5,4,4,1
609,0,0,0,1,0,3,2
610,12,14,24,10,27,17,11
611,3,2,2,1,3,3,3
612,15,5,8,5,6,10,2
613,3,8,12,6,11,13,6
614,53,56,49,91,83,71,66
615,28,35,26,24,27,26,35
616,35,48,36,31,38,33,27
617,2,10,10,6,5,8,4
618,20,6,13,10,10,6,16
619,94,105,97,93,125,126,106
620,9,12,23,12,24,11,14
621,9,5,6,3,2,2,1
622,23,29,18,13,30,24,11
623,15,8,12,3,5,7,15
624,3,4,3,1,4,6,3
625,6,6,13,12,11,17,10
626,0,2,1,2,1,4,2
627,0,1,0,1,1,0,2
628,14,17,18,14,20,25,14
629,10,9,9,13,12,12,19
630,2,7,5,4,2,10,10
631,2,1,2,0,2,0,1
632,5,8,3,1,1,5,5
633,6,4,8,3,8,4,3
634,1,0,1,0,0,1,0
635,10,1,2,6,6,1,0
636,7,15,14,7,8,3,3
637,10,4,10,7,4,3,4
638,23,29,31,17,19,22,14
639,23,10,19,10,13,10,9
640,39,44,37,37,42,27,35
641,0,2,1,7,0,3,2
642,11,8,5,3,3,4,6
643,5,0,7,2,1,5,4
644,7,8,8,6,7,5,5
645,1,2,0,1,3,4,4
646,7,1,2,4,3,2,2
647,152,140,118,124,126,124,122
648,4,1,5,8,5,6,4
649,2,0,2,0,4,2,2
650,5,7,5,5,7,11,3
651,25,20,19,16,8,9,6
652,9,11,14,13,26,18,10
653,1,2,0,3,3,4,1
654,22,14,18,14,17,12,12
655,11,5,3,7,3,3,6
656,17,25,21,12,4,4,5
657,9,8,6,7,9,7,3
658,13,6,12,4,11,8,12
659,3,10,16,7,8,12,10
660,8,4,2,5,2,4,1
661,27,19,37,27,23,21,23
662,8,8,4,5,3,2,3
663,2,5,4,4,2,3,4
664,11,13,12,16,12,14,18
665,33,28,29,40,62,86,29
666,10,17,8,7,14,7,14
667,15,18,23,21,14,12,16
668,20,17,15,17,30,38,13
669,41,43,40,41,43,44,44
670,10,27,12,7,10,15,14
671,61,43,39,53,70,58,48
672,21,9,14,6,16,11,13
673,17,10,11,13,10,6,6
674,11,19,7,12,11,4,10
675,58,89,69,85,69,68,71
676,28,16,15,16,39,27,23
677,20,20,12,12,10,15,8
678,1,1,0,0,0,0,0
679,40,26,28,32,53,29,17
680,3,4,5,10,6,6,3
681,21,25,27,29,22,16,17
682,8,4,15,11,7,5,18
683,16,32,16,32,27,25,29
684,8,16,14,5,21,5,15
685,2,3,1,3,1,3,1
686,7,13,10,6,10,12,4
687,3,8,11,8,14,17,7
688,0,2,0,1,0,1,3
689,12,11,2,6,4,16,7
690,3,3,3,3,0,4,2
691,3,2,6,1,4,3,2
692,16,24,28,26,44,29,19
693,6,4,9,8,7,3,3
694,3,4,4,1,3,0,0
695,134,102,114,109,171,123,87
696,1,1,1,0,0,4,0
697,14,12,8,11,17,12,5
698,0,1,0,1,1,2,0
699,1,0,5,3,3,4,0
700,0,0,0,0,0,0,0
701,13,3,10,18,5,4,1
702,17,8,18,10,20,24,7
703,0,0,0,0,0,0,0
704,10,10,14,10,7,3,8
705,22,18,27,26,22,34,17
706,17,9,6,9,11,8,10
707,5,5,4,6,1,2,5
708,18,12,13,8,21,10,8
709,1,7,13,9,8,8,4
710,18,22,12,10,11,14,19
711,13,15,12,10,14,8,9
712,28,21,19,19,20,35,30
713,13,9,10,11,12,12,6
714,14,14,19,12,11,20,18
715,64,45,47,49,63,71,44
716,12,7,11,9,6,4,12
717,8,18,8,12,10,9,8
718,13,6,11,6,3,7,7
719,5,4,7,8,6,9,5
720,1,0,2,1,2,0,1
721,7,7,18,8,7,13,5
722,14,4,9,7,1,7,4
723,7,11,8,1,5,10,5
724,20,41,17,27,40,20,19
725,23,19,16,23,10,11,8
726,10,8,14,8,6,7,7
727,102,106,102,71,65,56,41
728,3,6,2,2,1,1,2
729,58,53,61,59,45,71,55
730,6,3,3,2,1,5,2
731,12,10,8,14,14,14,16
732,16,17,7,13,9,10,11
733,5,1,4,4,5,8,1
734,25,27,11,30,35,33,29
735,32,32,11,20,14,23,14
736,1,4,0,2,1,1,2
737,71,83,99,71,59,39,74
738,18,26,23,10,26,24,16
739,4,13,8,7,4,5,3
740,17,28,14,20,15,15,18
741,6,7,7,4,3,3,5
742,14,15,8,18,17,15,19
743,0,0,2,1,0,0,0
744,20,32,30,18,31,15,5
745,1,6,6,0,2,1,1
746,31,37,39,29,46,43,24
747,30,30,28,38,33,31,20
748,30,20,25,16,15,18,11
749,1,0,2,0,0,0,0
750,25,28,21,28,23,36,26
751,15,6,11,10,14,7,12
752,11,23,10,9,12,9,7
753,6,9,8,10,7,5,4
754,5,7,0,0,2,2,0
755,28,22,19,23,15,26,26
756,23,17,22,14,21,9,16
757,15,21,21,20,27,29,26
758,1,1,0,1,0,3,2
759,11,17,5,4,5,3,2
760,6,10,5,4,6,3,7
761,11,6,11,10,14,5,10
762,6,3,6,6,5,4,3
763,31,32,34,29,24,13,22
764,6,11,3,11,11,4,2
765,5,2,4,2,4,6,2
766,5,5,4,6,5,7,8
767,76,60,59,58,69,75,57
768,16,8,8,7,5,3,6
769,13,18,13,21,29,17,14
770,5,5,5,2,8,3,4
771,27,24,31,16,28,34,25
772,34,24,30,47,34,24,32
773,44,30,33,23,35,41,20
774,64,65,60,58,62,47,59
775,23,29,31,24,32,33,19
776,27,31,27,26,31,25,12
777,7,5,5,7,11,3,3
778,9,5,13,7,3,11,2
779,19,19,19,12,12,24,11
780,1,3,3,1,2,1,2
781,33,28,29,32,50,51,23
782,31,20,31,31,30,41,28
783,9,5,11,7,6,5,6
784,15,16,27,23,17,35,28
785,5,3,1,1,5,5,2
786,26,8,9,19,29,24,13
787,23,47,35,27,36,31,28
788,11,12,8,7,7,9,2
789,17,17,17,19,14,7,9
790,1,10,10,7,5,5,3
791,17,12,19,12,21,20,12
792,2,0,0,0,0,0,0
793,3,2,5,4,9,3,5
794,3,2,5,1,2,1,1
795,7,5,0,2,2,1,1
796,8,13,6,6,7,9,6
797,35,36,26,42,33,31,22
798,12,6,10,10,5,9,5
799,468,578,656,583,636,622,581
800,13,7,15,4,3,7,6
801,8,7,1,4,11,1,4
802,46,25,29,27,34,28,28
803,2,8,1,1,1,2,1
804,55,48,56,44,43,36,27
805,1,0,1,2,0,0,1
806,4,7,8,10,15,12,5
807,15,29,23,19,40,37,14
808,35,48,55,57,46,46,56
809,1,0,0,3,0,1,0
810,0,2,0,1,2,1,0
811,12,9,15,11,9,14,7
812,2,11,12,5,3,4,3
813,11,11,5,8,13,6,8
814,8,11,3,8,6,8,3
815,4,3,6,6,10,16,7
816,54,38,40,40,44,45,36
817,15,13,17,12,17,13,5
818,6,10,7,6,2,5,2
819,14,9,5,7,7,7,8
820,9,7,10,8,7,12,2
821,1,0,1,0,0,3,2
822,30,29,27,13,20,22,15
823,3,1,3,3,5,5,3
824,7,9,5,6,6,11,6
825,3,5,0,8,6,8,1
826,7,8,3,13,8,3,10
827,1,0,0,1,0,0,0
828,2,2,6,9,16,11,2
829,31,22,10,15,12,9,10
830,9,12,18,12,19,23,9
831,21,19,23,19,14,11,20
832,0,0,0,0,0,1,1
833,4,9,3,4,7,3,4
834,5,10,9,12,12,15,4
835,6,13,12,9,8,3,11
836,18,20,27,19,8,21,13
837,2,3,0,10,5,0,0
838,0,1,2,2,0,3,1
839,57,54,53,51,58,46,48
840,19,21,20,22,12,25,12
841,6,4,5,3,4,2,1
842,7,8,3,17,15,4,10
843,11,11,6,13,16,11,11
844,91,100,95,122,165,164,84
845,4,6,5,2,4,3,6
846,9,14,10,6,7,9,6
847,8,6,4,12,5,5,7
848,20,36,12,17,23,27,20
849,11,6,6,4,3,1,1
850,40,36,26,29,18,23,28
851,3,2,1,2,6,3,5
852,115,115,144,142,256,258,113
853,25,14,13,18,27,25,10
854,26,11,12,12,7,18,14
855,4,5,9,5,4,10,8
856,0,1,1,1,4,1,2
857,43,28,26,29,50,32,31
858,8,10,7,3,10,4,6
859,4,3,2,0,2,3,0
860,2,1,6,7,4,2,2
861,16,8,13,6,18,10,10
862,12,5,7,9,12,12,5
863,1,3,4,2,4,3,4
864,15,21,16,19,24,23,25
865,18,8,10,8,15,10,11
866,2,1,0,7,1,3,8
867,18,16,12,7,7,7,8
868,23,23,27,21,23,17,18
869,10,6,5,4,6,4,3
870,14,28,17,8,11,14,11
871,12,12,14,13,12,20,11
872,8,10,19,7,9,10,14
873,8,16,14,11,8,15,6
874,0,1,0,1,0,0,2
875,2,0,1,0,2,2,0
876,9,10,11,6,13,4,14
877,38,37,26,36,37,32,30
878,1,2,1,1,3,0,3
879,12,8,11,9,6,5,4
880,4,5,3,3,1,2,7
881,6,5,8,6,9,8,9
882,15,16,12,12,12,10,13
883,14,14,6,7,4,2,5
884,14,10,9,12,5,5,7
885,181,207,170,174,265,212,192
886,6,5,15,4,11,7,6
887,115,110,125,149,331,298,116
888,2,2,3,5,4,2,3
889,8,9,7,13,17,14,11
890,5,9,6,18,14,13,12
891,43,53,53,57,53,60,34
892,6,9,10,6,9,8,5
893,17,11,18,18,17,9,5
894,34,39,42,41,39,45,35
895,10,15,12,5,0,9,6
896,0,3,3,1,1,4,1
897,88,102,49,50,93,103,34
898,66,60,56,58,29,33,31
899,0,1,1,1,2,1,2
900,24,10,10,18,20,21,12
901,0,2,1,1,1,0,1
902,8,18,6,11,5,8,6
903,6,13,3,11,6,6,7
904,41,41,49,33,43,36,31
905,1,0,1,2,2,2,3
906,1,1,0,2,2,1,2
907,11,10,6,11,7,5,5
908,7,2,2,0,1,2,2
909,11,17,21,14,23,22,15
910,10,7,10,8,8,7,7
911,18,13,14,11,14,23,23
912,6,5,15,11,6,12,11
913,3,6,1,2,5,5,3
914,12,12,16,13,14,10,6
915,14,11,12,13,14,12,20
916,51,66,42,35,38,30,26
917,0,1,0,1,1,0,1
918,7,18,6,11,20,17,10
919,10,10,3,4,10,5,5
920,12,5,4,3,1,2,2
921,20,13,8,19,19,10,11
922,8,14,12,12,5,24,4
923,14,12,9,11,7,17,6
924,5,6,0,1,2,2,0
925,6,7,16,10,7,5,6
926,13,14,26,18,19,27,6
927,3,12,10,18,8,10,11
928,90,123,89,73,47,51,44
929,13,14,7,11,10,23,14
930,6,4,1,3,3,6,2
931,18,10,9,14,8,3,9
932,9,4,7,8,3,2,8
933,3,2,2,9,7,7,3
934,8,10,11,25,15,9,8
935,25,23,30,23,23,19,13
936,19,24,13,12,28,23,6
937,18,16,9,13,10,9,11
938,0,1,0,0,0,0,0
939,5,5,5,4,2,1,8
940,1,0,0,1,0,0,0
941,9,8,5,4,10,5,7
942,7,4,5,3,3,4,9
943,9,14,3,4,5,6,1
944,30,21,21,33,20,22,79
945,20,11,15,12,14,21,5
946,2,4,2,5,2,3,2
947,0,2,1,1,3,1,0
948,10,8,8,3,5,6,4
949,10,15,11,12,11,11,3
950,0,1,1,3,3,4,2
951,11,5,1,10,2,2,2
952,13,13,10,12,10,8,14
953,17,17,13,16,5,7,11
954,137,153,111,110,82,99,123
955,9,12,5,6,9,19,9
956,3,0,4,5,0,3,7
957,10,17,12,15,13,16,12
958,13,18,14,17,11,8,16
959,23,11,9,5,13,4,3
960,15,7,9,6,5,9,7
961,16,29,26,18,16,26,29
962,13,16,20,7,10,13,13
963,4,12,2,2,2,3,0
964,16,11,11,27,16,22,23
965,13,7,10,12,8,3,9
966,7,10,3,5,9,3,7
967,1,2,1,4,4,0,4
968,1,4,0,1,0,1,0
969,103,109,111,116,134,123,72
970,0,1,0,1,0,0,0
971,5,4,8,2,13,5,13
972,26,24,30,33,21,32,27
973,1,0,1,0,2,0,0
974,9,9,7,6,12,3,9
975,19,19,4,9,13,19,8
976,1,0,2,0,0,2,0
977,10,9,13,10,8,16,10
978,0,2,7,5,4,1,1
979,14,5,10,10,5,12,7
980,20,8,16,19,17,14,11
981,16,30,18,13,11,13,4
982,12,14,11,7,18,4,10
983,3,4,8,5,5,3,6
984,16,20,20,13,24,19,11
985,0,0,0,0,0,3,0
986,4,7,4,4,5,3,4
987,16,8,6,7,5,3,4
988,23,25,26,33,31,41,27
989,12,19,9,7,14,6,10
990,11,13,15,18,10,15,14
991,3,3,3,0,0,2,0
992,9,9,9,8,5,10,2
993,17,8,11,11,6,7,7
994,8,19,11,4,7,15,3
995,5,8,2,3,5,2,4
996,1,3,3,4,1,2,4
997,130,146,128,133,151,114,128
998,4,0,2,1,3,2,3
999,41,44,49,50,21,13,39
1000,38,54,39,44,64,70,42
1001,26,27,13,16,24,19,17
1002,4,1,2,0,4,6,8
1003,5,8,4,4,5,9,3
1004,7,4,2,3,1,1,5
1005,3,14,5,5,15,2,5
1006,35,13,32,16,33,28,21
1007,0,2,0,0,2,1,0
1008,67,94,69,79,81,84,69
1009,7,8,7,7,11,7,2
1010,6,8,3,8,6,2,7
1011,2,1,7,0,1,2,1
1012,5,2,7,7,5,2,5
1013,0,0,0,1,1,0,0
1014,4,5,7,7,8,10,6
1015,10,3,1,2,2,4,1
1016,5,3,6,6,0,6,3
1017,110,101,91,85,124,104,86
1018,9,7,5,7,11,3,9
1019,22,27,18,21,18,27,10
1020,0,1,0,1,1,0,1
1021,1,0,0,0,0,0,0
1022,1,0,1,0,0,0,4
1023,13,18,11,11,17,23,11
1024,1,0,1,1,0,0,0
1025,23,18,22,19,27,20,21
1026,11,12,9,10,15,11,10
1027,20,11,10,7,10,4,11
1028,0,0,0,0,0,0,1
1029,4,12,13,5,4,7,2
1030,14,17,8,26,19,20,16
1031,30,27,23,22,20,25,21
1032,3,5,0,2,10,6,20
1033,22,16,15,20,18,22,19
1034,33,36,36,27,34,26,24
1035,21,20,27,28,34,26,21
1036,10,11,4,9,10,2,6
1037,33,23,36,23,43,46,35
1038,1,1,1,2,2,1,1
1039,6,13,12,6,9,16,12
1040,14,13,12,10,16,12,14
1041,24,22,20,25,30,33,19
1042,11,8,6,4,11,13,9
1043,36,49,22,30,13,31,29
1044,4,7,8,5,11,9,4
1045,1,3,2,2,1,1,1
1046,4,0,0,0,0,1,1
1047,7,8,8,0,2,2,7
1048,0,0,0,1,0,0,0
1049,19,28,25,22,26,15,12
1050,2,5,5,7,5,7,4
1051,3,4,7,2,8,1,2
1052,17,12,8,5,25,31,7
1053,1,0,0,1,1,2,0
1054,12,9,4,7,6,5,6
1055,7,9,5,6,6,3,8
1056,8,1,5,4,8,2,2
1057,12,9,5,6,15,13,2
1058,5,5,7,5,5,4,2
1059,11,6,5,5,6,8,7
1060,8,5,4,6,3,1,6
1061,27,34,33,26,43,69,41
1062,28,36,29,18,11,11,23
1063,37,39,30,44,35,35,33
1064,0,2,1,5,1,1,0
1065,11,16,19,12,17,9,6
1066,21,9,8,13,8,13,16
1067,4,4,5,6,1,1,3
1068,6,9,3,5,4,8,4
1069,24,18,23,15,19,21,25
1070,3,8,2,1,1,5,1
1071,8,7,6,11,6,4,2
1072,14,9,8,12,11,8,12
1073,1,3,1,1,6,4,1
1074,4,2,4,7,6,2,4
1075,29,22,25,28,25,20,20
1076,5,8,3,4,3,1,2
1077,23,15,15,11,20,9,20
1078,16,16,5,13,13,11,5
1079,10,10,13,6,5,10,9
1080,8,10,7,6,7,8,12
1081,1,1,3,3,0,2,0
1082,5,2,11,7,10,15,4
1083,8,7,5,9,4,6,10
1084,13,17,13,15,15,13,12
1085,24,18,32,16,30,23,22
1086,6,5,7,7,3,4,2
1087,39,51,37,45,62,76,43
1088,12,12,8,5,16,9,5
1089,6,5,6,8,7,6,2
1090,4,1,1,0,2,2,2
1091,3,7,3,7,4,9,8
1092,14,24,4,12,15,22,16
1093,15,11,14,8,5,4,12
1094,22,21,42,32,32,29,24
1095,0,0,1,3,0,2,0
1096,4,7,9,2,3,4,4
1097,19,0,8,5,10,7,15
1098,3,2,5,6,1,1,4
1099,14,11,14,11,11,11,11
1100,2,9,3,4,1,1,1
1101,8,18,17,24,28,16,14
1102,66,45,54,56,82,70,39
1103,7,4,1,4,7,4,7
1104,15,17,9,18,27,22,13
1105,15,15,10,6,4,11,8
1106,3,2,5,3,3,2,1
1107,6,10,0,3,7,5,3
1108,114,142,132,190,196,179,112
1109,12,14,4,14,16,13,7
1110,8,19,13,11,14,4,6
1111,0,0,0,1,1,0,2
1112,14,17,10,16,16,16,17
1113,6,5,1,6,5,3,8
1114,8,9,14,9,6,9,4
1115,4,1,6,11,11,3,5
1116,9,14,10,10,8,9,12
1117,88,81,79,102,55,39,64
1118,29,14,23,33,44,29,22
1119,11,10,15,12,7,9,10
1120,8,7,10,14,13,18,10
1121,39,34,33,28,33,28,17
1122,4,8,14,8,9,5,2
1123,47,46,51,36,66,64,44
1124,3,7,2,6,11,12,8
1125,25,35,39,28,27,25,23
1126,28,19,30,19,40,40,22
1127,14,12,6,13,14,24,15
1128,63,53,64,83,86,94,72
1129,36,32,50,30,35,64,20
1130,2,2,2,4,5,0,2
1131,21,14,16,10,13,4,9
1132,0,1,1,2,0,1,2
1133,1,0,2,0,2,0,1
1134,9,14,7,15,14,7,12
1135,12,20,13,16,24,27,21
1136,7,6,2,4,2,5,4
1137,1,1,0,5,4,4,2
1138,4,3,6,4,6,5,5
1139,18,26,20,28,21,31,14
1140,11,15,7,6,6,5,7
1141,21,20,12,12,26,23,13
1142,297,302,317,289,327,304,270
1143,7,9,11,7,12,8,7
1144,0,1,3,2,10,5,3
1145,2,5,4,1,0,5,2
1146,7,11,10,7,7,3,5
1147,26,21,19,19,22,10,9
1148,1,1,0,2,1,4,0
1149,14,10,10,9,15,10,15
1150,13,16,6,19,16,9,18
1151,15,9,23,14,19,14,19
1152,12,13,6,5,11,6,4
1153,13,9,24,10,16,7,10
1154,6,10,3,5,8,6,7
1155,6,7,6,1,2,4,2
1156,47,58,50,75,53,42,29
1157,5,1,2,0,2,2,0
1158,0,1,1,1,1,3,2
1159,20,13,13,23,20,17,18
1160,3,0,0,1,0,1,0
1161,19,13,18,19,28,26,10
1162,5,5,4,4,6,5,6
1163,6,6,10,3,3,7,4
1164,6,10,8,13,6,7,6
1165,9,8,16,11,18,15,15
1166,22,19,26,16,16,22,7
1167,20,18,18,25,17,33,30
1168,29,44,40,28,48,47,27
1169,7,6,10,6,12,7,6
1170,2,0,1,0,6,2,0
1171,35,29,28,23,48,33,26
1172,153,121,156,139,158,111,127
1173,17,27,23,12,12,20,14
1174,0,4,0,1,3,1,2
1175,35,30,22,33,29,19,28
1176,3,6,2,3,4,5,3
1177,6,5,6,8,1,6,1
1178,15,9,13,16,10,14,15
1179,15,8,11,5,1,6,5
1180,11,15,5,8,1,6,3
1181,42,36,50,44,36,71,34
1182,4,6,5,11,4,1,8
1183,0,1,0,0,1,3,0
1184,11,15,19,16,9,9,7
1185,2,0,2,2,0,0,0
1186,0,0,0,0,0,0,0
1187,9,4,14,25,11,12,7
1188,16,12,7,12,7,5,10
1189,7,3,6,5,3,2,3
1190,72,67,54,67,92,79,57
1191,0,0,0,0,2,1,0
1192,18,9,6,12,16,13,9
1193,7,10,8,1,4,2,1
1194,2,4,7,4,5,1,1
1195,22,11,14,12,30,30,19
1196,17,16,18,8,13,18,11
1197,15,14,15,8,9,12,10
1198,5,3,2,2,5,3,4
1199,0,0,0,1,0,0,2
1200,1,1,0,2,1,2,0
1201,6,5,5,5,5,5,3
1202,49,61,48,53,51,50,42
1203,19,17,11,5,6,7,9
1204,3,3,3,6,4,5,0
1205,113,108,104,104,93,132,123
1206,0,1,1,1,1,0,1
1207,10,9,9,5,9,3,4
1208,14,13,9,16,22,14,4
1209,9,7,9,10,7,15,3
1210,55,35,38,55,33,41,40
1211,26,12,15,10,12,28,10
1212,0,1,0,2,2,0,2
1213,17,13,12,20,17,8,15
1214,2,0,2,2,1,2,1
1215,1,2,1,0,1,0,2
1216,3,7,10,11,7,5,3
1217,33,36,35,23,28,17,21
1218,1,2,0,1,1,1,0
1219,8,13,12,11,10,12,7
1220,0,3,0,0,1,0,0
1221,50,54,36,48,42,39,169
1222,7,8,10,9,8,4,5
1223,10,6,5,7,7,4,0
1224,15,9,16,10,8,13,12
1225,9,8,9,6,4,4,6
1226,10,15,12,12,15,12,10
1227,1,4,1,4,6,10,7
1228,2,11,5,3,2,1,1
1229,5,5,15,11,16,13,13
1230,4,4,10,3,9,1,5
1231,62,58,47,55,52,44,42
1232,1,2,2,1,3,0,0
1233,7,8,9,18,10,11,7
1234,17,10,12,17,12,11,4
1235,5,4,3,9,5,1,10
1236,0,0,1,1,1,2,3
1237,5,1,5,4,9,3,4
1238,2,0,2,0,2,0,2
1239,1,1,0,0,1,1,2
1240,0,1,2,1,1,1,2
1241,4,5,3,3,4,0,5
1242,67,57,42,46,61,61,44
1243,6,3,6,8,3,4,7
1244,28,30,25,15,33,22,20
1245,0,0,3,0,1,0,0
1246,6,5,5,3,3,3,6
1247,11,18,16,4,11,10,3
1248,0,0,1,0,2,0,0
1249,15,18,18,21,11,7,10
1250,2,3,2,0,2,0,4
1251,14,12,3,5,12,8,4
1252,24,35,30,38,44,29,33
1253,0,4,0,0,2,2,1
1254,3,3,2,0,1,2,7
1255,13,6,11,11,13,25,11
1256,1,3,3,0,3,0,3
1257,10,9,4,17,17,11,7
1258,19,22,15,27,7,10,15
1259,6,16,4,5,5,4,8
1260,13,14,11,13,6,9,6
1261,26,20,6,6,6,6,9
1262,4,6,7,4,7,7,3
1263,25,25,26,27,27,25,19
1264,19,32,22,29,42,20,19
1265,5,3,11,8,10,19,7
1266,1,0,0,0,2,2,0
1267,1,3,1,2,0,5,1
1268,4,6,4,3,8,8,6
1269,2,5,0,2,3,3,8
1270,18,10,12,33,37,20,11
1271,15,14,15,8,17,16,12
1272,6,8,3,0,3,4,1
1273,13,27,10,12,26,21,11
1274,2,3,3,1,0,1,0
1275,19,17,24,14,30,23,14
1276,15,17,17,10,9,11,10
1277,5,6,10,7,10,11,7
1278,6,11,6,5,9,8,7
1279,2,0,3,2,4,2,4
1280,2,9,5,4,4,2,6
1281,11,14,5,7,11,6,7
1282,39,26,28,45,27,35,24
1283,6,10,3,13,9,9,6
1284,26,22,20,16,24,19,14
1285,2,6,2,6,4,6,3
1286,28,17,31,17,18,24,20
1287,9,5,13,7,10,8,7
1288,18,17,19,11,13,12,3
1289,12,13,22,24,15,16,9
1290,18,15,20,14,5,13,8
1291,42,42,35,69,69,41,29
1292,43,53,53,46,36,35,54
1293,11,8,3,8,12,11,6
1294,26,13,11,19,17,15,22
1295,11,10,19,13,13,9,4
1296,25,17,16,16,30,28,29
1297,18,38,18,22,20,16,15
1298,15,13,22,12,8,8,8
1299,41,26,16,28,27,20,20
1300,4,7,9,4,4,4,3
1301,33,28,27,35,36,34,37
1302,19,22,18,22,32,19,25
1303,0,1,3,0,0,0,0
1304,9,13,13,9,9,15,8
1305,2,3,11,9,0,3,3
1306,5,10,6,2,1,8,15
1307,5,13,9,7,10,11,7
1308,18,21,21,12,24,11,12
1309,11,31,11,10,12,10,7
1310,14,18,18,9,17,13,11
1311,141,103,108,112,121,98,65
1312,39,45,41,25,41,23,24
1313,44,40,39,61,41,52,43
1314,25,31,31,17,26,21,17
1315,22,17,8,11,14,25,13
1316,5,5,2,2,4,6,2
1317,5,9,5,9,13,8,3
1318,9,7,7,0,6,5,1
1319,10,7,9,7,5,12,9
1320,6,2,2,3,0,1,1
1321,4,6,10,2,3,2,2
1322,463,483,459,490,554,559,448
1323,9,3,9,9,11,8,2
1324,20,18,14,20,19,9,10
1325,31,13,18,14,12,21,11
1326,4,7,4,5,15,5,4
1327,7,10,5,11,12,15,4
1328,15,25,17,26,19,21,11
1329,0,0,1,0,0,1,0
1330,25,15,24,19,19,18,21
1331,4,4,9,4,3,4,2
1332,32,32,28,16,38,45,23
1333,4,5,4,3,1,5,5
1334,4,3,2,0,1,2,3
1335,10,18,10,11,7,13,7
1336,0,0,0,0,0,0,0
1337,15,14,12,21,19,15,13
1338,17,23,19,28,25,29,19
1339,10,16,12,13,18,20,12
1340,52,28,32,52,43,44,33
1341,8,7,11,2,8,7,19
1342,9,11,6,7,7,9,11
1343,1,6,4,11,7,2,4
1344,6,3,1,1,3,3,1
1345,10,11,6,3,6,5,11
1346,25,27,42,25,49,40,24
1347,10,17,14,9,12,11,16
1348,20,17,11,20,9,15,18
1349,14,22,9,27,24,16,6
1350,59,54,38,40,83,46,22
1351,6,12,5,5,4,4,4
1352,11,6,12,14,15,10,10
1353,18,21,16,14,14,13,7
1354,20,23,21,13,10,9,13
1355,28,57,43,47,48,60,41
1356,22,32,33,34,42,55,24
1357,15,18,23,14,17,18,19
1358,14,17,17,13,21,15,18
1359,1,2,11,4,12,5,4
1360,6,3,1,5,7,6,7
1361,0,3,0,0,1,0,0
1362,72,64,58,69,73,71,72
1363,9,20,10,11,16,6,2
1364,15,9,8,13,8,16,12
1365,26,42,27,69,41,37,15
1366,7,7,4,2,2,2,3
1367,9,7,8,7,9,4,9
1368,2,0,0,0,1,0,1
1369,4,2,3,6,2,2,6
1370,8,7,13,10,7,5,6
1371,15,10,15,12,6,6,3
1372,30,32,16,19,21,19,12
1373,7,14,10,15,9,22,6
1374,17,26,11,12,15,13,14
1375,5,1,2,4,3,6,2
1376,14,17,25,13,15,12,20
1377,43,47,38,29,48,41,18
1378,8,9,3,4,5,1,1
1379,0,0,0,0,0,0,1
1380,7,9,16,11,12,16,16
1381,4,4,7,2,5,5,6
1382,0,0,0,1,1,1,0
1383,13,14,18,6,2,2,5
1384,4,5,5,0,7,5,4
1385,2,1,0,2,0,1,0
1386,11,4,4,7,1,6,6
1387,5,10,4,1,7,2,3
1388,29,28,32,30,53,57,31
1389,9,8,10,12,15,9,9
1390,4,2,1,1,4,4,1
1391,4,1,2,1,0,1,0
1392,29,34,20,24,23,14,19
1393,12,16,13,19,33,32,20
1394,7,3,1,3,3,1,3
1395,24,22,22,18,19,18,9
1396,3,3,5,2,0,2,2
1397,43,52,38,20,46,51,25
1398,3,2,6,8,4,6,1
1399,29,15,16,14,12,18,7
1400,1,3,3,0,2,3,0
1401,25,24,15,18,22,12,13
1402,4,16,17,14,4,5,9
1403,1,1,0,0,4,0,1
1404,9,4,8,6,5,7,4
1405,3,6,4,8,3,4,2
1406,5,2,2,4,3,5,4
1407,18,12,10,13,5,6,0
1408,1,12,4,8,6,4,5
1409,61,53,68,60,57,68,51
1410,22,18,21,14,42,25,9
1411,35,36,29,30,25,31,19
1412,18,20,19,19,29,29,13
1413,8,6,14,3,7,8,2
1414,0,2,1,0,2,1,1
1415,0,1,0,0,1,1,0
1416,4,3,8,2,2,7,3
1417,6,9,2,5,5,11,8
1418,2,0,5,1,5,4,2
1419,6,6,5,10,8,5,3
1420,1,0,1,4,1,0,0
1421,9,13,11,10,6,7,12
1422,14,27,18,20,29,24,28
1423,10,2,4,4,3,9,2
1424,50,34,32,20,18,19,17
1425,1,1,1,0,0,0,0
1426,2,2,2,3,1,3,5
1427,17,17,182,190,212,214,221
1428,17,16,21,16,16,20,19
1429,3,10,7,2,4,7,5
1430,1,6,2,1,0,0,1
1431,16,13,13,5,11,9,11
1432,38,47,31,35,34,43,25
1433,6,4,7,1,0,3,7
1434,18,33,20,19,14,9,7
1435,4,10,12,10,11,6,13
1436,16,23,17,28,19,20,16
1437,15,15,21,20,21,21,15
1438,59,61,52,61,74,96,49
1439,15,7,14,8,4,7,9
1440,36,31,31,27,29,39,22
1441,2,3,3,3,6,5,3
1442,3,6,12,4,7,5,5
1443,15,10,19,15,7,19,9
1444,6,8,2,2,10,5,10
1445,2,3,6,8,5,3,5
1446,1,0,1,0,1,3,3
1447,5,10,7,2,0,2,1
1448,39,45,52,41,48,42,43
1449,20,24,28,20,27,22,23
1450,14,10,11,12,9,15,14
1451,25,25,27,21,17,8,15
1452,29,26,4,36,45,51,22
1453,29,46,43,29,37,31,23
1454,26,29,33,26,18,25,20
1455,1,0,1,3,2,2,4
1456,24,33,21,15,15,27,14
1457,7,13,9,3,8,4,1
1458,15,32,33,40,39,52,40
1459,25,22,32,13,25,20,11
1460,16,15,11,18,29,20,7
1461,44,38,27,34,30,43,22
1462,4,2,0,1,1,5,2
1463,12,6,3,4,5,8,0
1464,0,1,4,1,0,1,1
1465,15,8,17,15,12,21,24
1466,11,6,7,8,7,3,7
1467,48,69,50,39,50,56,41
1468,2,0,2,2,6,5,0
1469,102,74,101,118,118,130,69
1470,24,17,10,17,2,10,10
1471,19,9,16,6,19,30,13
1472,30,36,23,19,18,11,16
1473,8,9,9,13,6,10,0
1474,18,9,14,12,10,8,5
1475,28,26,32,21,28,28,22
1476,0,1,1,1,4,0,0
1477,33,25,35,31,19,14,31
1478,287,273,319,264,233,295,272
1479,11,11,9,15,17,14,9
1480,29,21,24,27,19,24,40
1481,28,32,19,22,28,13,7
1482,13,15,14,12,23,13,15
1483,25,19,24,24,24,19,10
1484,27,29,29,27,34,33,36
1485,16,17,17,18,17,21,18
1486,7,6,3,4,7,7,4
1487,4,1,1,2,0,2,2
1488,0,2,1,1,1,2,0
1489,32,24,47,33,27,30,26
1490,37,32,41,32,35,42,28
1491,30,37,22,25,36,35,21
1492,6,4,2,5,0,1,0
1493,2,4,2,1,2,1,4
1494,8,8,12,9,5,3,10
1495,0,0,0,0,0,1,1
1496,5,2,2,3,8,6,3
1497,3,0,1,2,1,0,0
1498,3,8,2,2,6,6,7
1499,2,0,2,0,0,2,0
1500,3,5,4,2,1,1,2
1501,28,14,15,18,14,11,30
1502,9,1,3,5,2,4,4
1503,18,23,10,16,12,10,13
1504,17,2,7,7,4,3,3
1505,2,0,1,0,0,1,0
1506,71,56,62,67,75,74,72
1507,8,3,4,1,4,3,7
1508,2,0,1,1,2,4,1
1509,17,20,19,13,7,28,15
1510,0,5,6,3,3,3,2
1511,10,5,8,7,14,8,8
1512,33,42,48,48,45,57,47
1513,29,21,41,25,20,33,29
1514,10,8,5,5,4,2,7
1515,4,3,3,6,3,3,5
1516,0,4,1,3,1,1,2
1517,9,11,5,11,21,17,6
1518,77,83,74,75,59,89,62
1519,4,6,5,6,14,10,13
1520,2,5,0,3,1,6,0
1521,16,11,15,18,11,10,9
1522,0,1,1,3,0,0,0
1523,11,8,10,9,5,7,7
1524,29,44,36,23,17,48,39
1525,90,106,90,92,112,113,108
1526,0,2,3,5,3,4,6
1527,22,21,29,24,22,32,24
1528,22,26,18,25,28,27,23
1529,6,5,3,6,4,4,0
1530,16,19,23,34,20,23,19
1531,6,14,13,15,10,5,6
1532,14,16,13,12,10,5,7
1533,27,17,8,15,26,15,6
1534,0,2,0,1,3,1,0
1535,30,30,36,60,43,52,36
1536,1,0,2,3,0,4,2
1537,17,25,18,13,25,29,13
1538,31,32,24,36,30,36,22
1539,543,556,547,608,656,622,539
1540,17,25,23,18,18,32,26
1541,5,5,8,6,8,18,10
1542,8,11,13,15,10,20,7
1543,2,3,2,0,1,2,0
1544,16,11,8,10,19,17,11
1545,6,4,4,7,3,5,3
1546,6,13,5,10,4,4,4
1547,43,38,49,46,57,46,37
1548,5,3,5,2,3,1,0
1549,12,8,1,3,1,4,0
1550,13,8,5,7,9,5,10
1551,21,23,26,33,34,20,22
1552,30,29,26,29,32,26,16
1553,61,47,44,56,49,92,51
1554,13,16,13,10,6,12,7
1555,20,7,10,8,10,2,13
1556,27,17,14,11,9,15,12
1557,91,78,65,65,65,77,49
1558,4,11,4,2,4,8,5
1559,47,45,53,73,52,79,70
1560,40,60,39,44,50,82,47
1561,18,17,5,6,8,2,4
1562,7,4,8,3,4,8,4
1563,5,12,9,12,7,8,5
1564,18,23,13,34,32,23,14
1565,2,4,2,0,1,6,8
1566,1,0,0,1,1,3,1
1567,5,5,10,6,0,6,1
1568,24,22,31,26,41,31,31
1569,1,3,2,0,1,0,0
1570,0,2,2,0,0,0,3
1571,9,8,14,5,5,8,7
1572,43,28,27,31,24,30,17
1573,4,4,6,2,7,5,4
1574,15,9,5,7,25,18,9
1575,2,7,14,6,9,13,8
1576,63,39,29,38,47,46,35
1577,7,12,7,6,16,7,8
1578,0,0,2,0,2,1,3
1579,26,25,22,14,28,20,30
1580,1,9,3,9,13,9,9
1581,30,5,16,8,11,6,12
1582,14,5,18,5,7,16,9
1583,38,33,24,36,38,22,35
1584,3,2,1,2,2,0,1
1585,15,13,7,7,8,7,7
1586,27,24,35,38,54,57,22
1587,16,10,10,12,6,16,15
1588,11,25,26,38,33,26,28
1589,1,16,7,6,6,4,1
1590,19,16,12,14,12,7,25
1591,15,29,12,13,9,11,3
1592,13,13,15,19,10,15,13
1593,19,15,10,14,22,9,21
1594,16,19,15,18,7,12,8
1595,213,227,182,194,220,369,360
1596,11,11,10,7,13,7,3
1597,12,8,14,14,7,1,11
1598,0,0,0,0,1,0,0
1599,7,9,1,4,3,8,6
1600,8,6,3,12,5,4,5
1601,3,2,7,4,3,2,5
1602,12,19,17,22,15,10,9
1603,11,21,18,14,9,9,16
1604,8,4,8,13,11,9,7
1605,13,15,14,24,13,16,14
1606,6,8,11,3,1,9,8
1607,15,17,21,14,12,9,3
1608,6,11,5,6,4,7,4
1609,13,11,5,4,7,2,10
1610,15,24,23,22,18,9,13
1611,12,12,12,8,12,21,14
1612,0,0,0,0,0,1,1
1613,2,1,2,1,0,1,0
1614,7,8,5,7,11,14,7
1615,0,0,0,2,1,0,0
1616,28,23,28,11,35,31,17
1617,0,1,0,1,2,1,0
1618,18,20,28,14,32,16,24
1619,15,17,15,8,10,11,11
1620,7,7,4,3,6,5,4
1621,7,10,9,15,6,2,0
1622,2,1,0,2,1,2,1
1623,37,55,38,51,54,41,27
1624,66,65,63,71,74,52,48
1625,0,0,0,1,3,1,1
1626,22,9,12,23,11,6,6
1627,23,22,13,21,22,29,20
1628,21,6,11,7,8,7,6
1629,74,77,94,74,114,101,72
1630,6,3,4,5,4,4,6
1631,8,21,7,7,17,7,16
1632,0,0,0,0,0,0,2
1633,15,12,23,25,23,16,25
1634,8,9,9,4,10,9,8
1635,19,17,21,17,13,11,13
1636,12,13,12,7,8,10,9
1637,5,3,6,1,6,2,2
1638,1,5,4,3,7,3,2
1639,35,26,18,36,42,39,17
1640,2,2,3,3,0,2,2
1641,7,8,1,3,6,9,6
1642,48,45,54,51,46,45,41
1643,18,25,30,16,23,17,11
1644,45,30,26,40,29,30,37
1645,30,22,19,17,16,20,17
1646,69,56,43,61,62,85,39
1647,16,29,23,23,31,23,25
1648,4,0,1,0,1,4,2
1649,16,28,12,16,15,18,17
1650,25,42,22,28,11,12,25
1651,8,31,28,22,20,11,20
1652,10,7,6,4,4,7,11
1653,1,4,2,1,0,2,1
1654,27,24,16,15,11,24,11
1655,13,14,8,7,9,8,11
1656,10,2,0,5,4,6,5
1657,2,1,3,0,0,3,2
1658,19,14,15,16,17,12,18
1659,19,9,6,21,16,13,7
1660,25,18,33,27,46,39,26
1661,13,12,12,6,9,18,10
1662,23,17,13,16,15,29,13
1663,23,17,19,13,21,15,17
1664,31,17,9,19,27,20,15
1665,0,3,0,0,0,0,0
1666,21,33,42,38,48,47,50
1667,19,25,21,20,17,16,16
1668,11,7,8,2,7,2,0
1669,3,3,4,4,3,8,6
1670,512,517,543,594,634,563,401
1671,7,11,12,11,10,7,9
1672,35,36,39,49,52,53,38
1673,19,17,18,20,21,20,20
1674,4,8,7,13,5,7,8
1675,6,4,10,9,10,7,7
1676,0,0,0,0,0,0,0
1677,754,650,704,617,691,644,618
1678,2,5,4,4,6,6,1
1679,18,12,13,6,10,14,12
1680,1,3,2,0,7,1,6
1681,4,3,3,3,6,2,2
1682,26,9,27,21,23,18,19
1683,10,11,10,4,9,12,4
1684,1,3,6,4,5,3,2
1685,10,6,18,8,6,1,7
1686,1,0,1,1,0,0,1
1687,15,18,9,9,18,16,10
1688,5,7,3,6,1,4,6
1689,32,21,12,24,27,28,18
1690,32,46,28,42,27,21,24
1691,8,5,3,5,5,9,1
1692,104,95,84,80,100,119,87
1693,10,9,7,4,3,7,6
1694,2,2,0,3,3,1,2
1695,8,10,6,5,12,13,11
1696,0,0,0,0,1,0,0
1697,9,7,6,5,7,14,9
1698,6,1,2,3,2,1,2
1699,12,40,17,27,24,28,18
1700,15,19,23,22,16,13,23
1701,5,2,6,10,7,5,4
1702,0,1,0,1,1,0,0
1703,6,11,6,8,9,2,3
1704,14,6,16,9,12,10,8
1705,3,2,3,5,7,4,2
1706,0,0,0,1,1,0,0
1707,22,25,25,24,15,12,13
1708,3,2,1,2,0,3,0
1709,2,0,3,0,2,0,2
1710,5,6,10,6,10,10,6
1711,0,0,3,1,2,0,1
1712,51,47,39,32,26,31,38
1713,3,4,12,7,8,10,9
1714,10,6,5,3,7,9,7
1715,9,6,13,10,17,11,10
1716,18,18,15,12,7,5,2
1717,25,13,28,21,35,39,23
1718,13,10,6,11,3,6,9
1719,5,9,15,10,8,9,5
1720,52,39,35,21,25,14,26
1721,5,6,4,9,5,1,3
1722,4,3,5,1,1,3,2
1723,37,40,48,38,21,38,27
1724,1,7,1,0,4,13,4
1725,9,11,11,7,5,7,8
1726,27,28,17,35,38,36,18
1727,11,14,10,9,12,2,4
1728,1,1,2,1,0,0,0
1729,13,6,8,7,4,12,8
1730,84,68,72,72,111,109,62
1731,2,0,0,1,1,0,1
1732,25,36,23,27,19,14,27
1733,13,8,4,3,4,6,4
1734,8,9,9,5,11,7,3
1735,24,8,13,11,29,29,9
1736,8,8,10,9,4,4,3
1737,14,15,6,3,2,2,4
1738,4,3,5,1,6,3,4
1739,8,14,12,12,24,18,17
1740,0,1,1,0,0,1,3
1741,0,0,0,0,0,2,0
1742,3,10,8,3,6,1,4
1743,11,6,10,11,9,11,4
1744,28,13,10,20,29,7,18
1745,38,43,50,57,54,74,47
1746,11,12,16,13,10,12,9
1747,15,10,16,16,9,15,15
1748,55,41,48,48,33,51,28
1749,6,3,1,0,5,3,2
1750,10,10,11,8,9,5,8
1751,22,31,20,17,20,23,17
1752,0,0,0,0,0,0,0
1753,4,2,5,0,5,0,2
1754,4,5,5,3,0,5,4
1755,5,15,9,6,5,3,2
1756,21,28,22,27,43,30,18
1757,0,0,0,0,0,0,0
1758,9,8,12,8,13,8,7
1759,1,0,3,2,3,5,2
1760,18,25,15,11,16,17,18
1761,37,27,39,41,41,23,24
1762,8,7,4,2,3,6,2
1763,6,16,13,11,14,11,8
1764,1,0,0,0,1,0,0
1765,38,32,24,34,44,21,14
1766,7,9,6,13,7,11,11
1767,11,11,14,13,13,15,13
1768,1,0,2,1,0,2,3
1769,4,4,2,0,0,0,0
1770,12,8,6,9,7,10,9
1771,13,9,2,4,0,1,2
1772,3,6,7,5,1,2,5
1773,19,13,4,7,11,10,12
1774,8,6,5,6,4,6,3
1775,50,52,39,37,36,45,27
1776,12,19,18,10,19,11,8
1777,7,4,3,0,3,1,2
1778,0,2,3,0,2,0,1
1779,18,22,13,21,5,15,16
1780,21,11,9,7,13,22,18
1781,4,10,13,9,4,7,8
1782,0,1,0,1,0,2,2
1783,51,44,47,45,52,66,44
1784,59,28,27,26,47,22,32
1785,0,0,2,0,0,4,1
1786,236,208,238,214,208,213,203
1787,10,9,8,10,8,9,7
1788,79,54,49,55,83,92,70
1789,10,4,8,6,3,1,0
1790,24,14,25,14,15,26,19
1791,19,8,12,6,11,16,19
1792,18,10,5,20,10,11,15
1793,0,0,2,0,1,1,0
1794,8,8,2,5,10,9,7
1795,5,4,7,5,9,9,3
1796,18,13,16,18,8,7,4
1797,4,2,9,4,0,5,5
1798,10,6,7,5,6,2,6
1799,3,5,6,2,3,3,2
1800,24,10,23,25,18,24,12
1801,53,54,48,52,90,68,52
1802,8,11,7,2,7,7,9
1803,2,11,8,6,8,9,5
1804,23,25,37,35,35,48,15
1805,29,17,20,13,33,9,14
1806,0,1,0,0,0,2,2
1807,26,22,24,16,25,46,21
1808,7,6,4,9,3,10,3
1809,16,12,5,20,14,12,13
1810,7,7,8,6,6,5,11
1811,1,4,1,5,0,4,1
1812,16,9,9,6,18,15,3
1813,8,8,7,10,4,8,6
1814,3,7,12,5,6,4,8
1815,3,8,2,4,3,8,7
1816,8,7,3,6,9,9,2
1817,22,14,20,19,13,22,11
1818,15,10,8,15,12,8,12
1819,5,6,2,6,4,6,3
1820,20,18,26,16,24,30,10
1821,56,51,57,49,61,71,50
1822,5,4,1,2,3,7,6
1823,229,206,227,213,273,272,161
1824,5,7,8,4,8,9,2
1825,5,6,7,13,7,10,7
1826,18,15,10,16,14,20,13
1827,9,8,1,3,6,2,2
1828,20,24,21,17,31,22,30
1829,23,16,18,22,22,28,13
1830,36,21,12,20,31,27,31
1831,19,15,12,8,12,13,6
1832,0,0,0,0,2,1,2
1833,12,6,5,3,10,7,5
1834,0,0,4,2,1,1,1
1835,13,8,5,11,6,8,5
1836,44,25,29,34,31,34,29
1837,8,0,5,9,6,8,2
1838,0,1,0,2,2,3,0
1839,17,15,17,21,15,25,16
1840,8,8,2,9,7,5,4
1841,10,12,11,14,21,16,15
1842,9,16,9,10,8,10,4
1843,0,3,0,0,1,1,0
1844,26,21,18,24,25,22,15
1845,0,0,1,0,2,0,0
1846,25,15,21,16,44,36,17
1847,3,2,3,5,2,4,0
1848,38,67,59,53,49,41,45
1849,2,2,0,1,3,4,3
1850,3,2,1,0,5,1,1
1851,13,6,8,11,8,6,1
1852,4,0,2,2,1,6,2
1853,15,22,13,12,9,8,13
1854,2,1,0,0,1,8,0
1855,1,0,1,1,1,1,0
1856,1,3,3,5,0,1,3
1857,8,4,5,3,7,7,6
1858,11,10,3,2,1,2,1
1859,43,44,42,51,36,25,39
1860,8,5,5,2,10,5,9
1861,28,33,21,18,24,24,18
1862,7,2,1,2,6,5,4
1863,5,8,5,12,6,7,6
1864,0,0,0,1,1,5,1
1865,17,23,10,15,18,16,11
1866,11,13,14,11,9,7,4
1867,7,8,8,7,3,5,2
1868,37,42,24,25,39,23,36
1869,59,59,51,59,63,59,57
1870,3,20,6,1,6,5,2
1871,14,17,7,6,10,14,6
1872,19,7,5,13,12,11,13
1873,6,10,5,5,1,7,2
1874,51,50,39,38,53,38,36
1875,3,1,1,7,0,2,1
1876,46,40,36,34,38,41,37
1877,19,17,19,20,19,16,15
1878,2,0,2,3,0,2,2
1879,1,2,1,2,2,3,4
1880,14,20,12,4,9,7,7
1881,20,21,24,21,12,9,15
1882,32,20,32,27,41,26,32
1883,80,82,90,97,125,122,81
1884,9,6,15,13,14,14,7
1885,3,5,6,4,6,4,4
1886,69,60,42,44,63,18,14
1887,5,5,8,6,10,3,3
1888,3,5,2,6,3,6,1
1889,1,1,1,1,0,0,2
1890,1,2,1,1,1,0,1
1891,9,12,13,11,8,9,6
1892,41,42,34,12,49,35,25
1893,16,11,9,12,14,14,12
1894,0,0,0,3,0,1,0
1895,22,29,21,21,21,17,13
1896,0,2,3,4,1,5,0
1897,7,2,8,9,14,10,5
1898,33,31,37,36,44,41,22
1899,7,5,11,4,9,5,4
1900,0,0,1,0,1,1,0
1901,5,7,4,0,1,3,2
1902,10,16,9,11,9,5,8
1903,29,55,38,50,44,55,30
1904,8,6,10,5,10,9,6
1905,4,1,0,0,4,1,0
1906,46,51,35,42,72,42,47
1907,1,4,1,1,3,2,1
1908,24,26,22,15,20,15,12
1909,9,19,16,9,10,4,4
1910,4,2,1,5,3,1,1
1911,722,684,643,725,800,698,631
1912,16,10,12,26,14,9,7
1913,5,4,6,7,5,10,4
1914,1,1,0,2,1,2,2
1915,9,10,8,9,5,5,6
1916,0,2,1,1,0,2,0
1917,19,22,15,22,13,10,12
1918,3,3,1,2,2,1,2
1919,29,53,17,22,20,26,18
1920,3,1,1,1,3,1,3
1921,23,14,12,15,15,20,19
1922,10,0,4,4,5,9,2
1923,14,6,13,6,2,4,6
1924,32,31,23,34,44,40,23
1925,6,6,6,3,9,5,2
1926,8,17,16,9,11,6,12
1927,14,6,12,4,3,6,4
1928,55,58,37,63,60,63,41
1929,0,2,0,0,1,0,0
1930,33,28,20,21,18,23,17
1931,18,15,10,13,11,9,8
1932,6,4,2,2,1,2,2
1933,15,5,9,4,6,7,3
1934,34,32,19,44,22,56,30
1935,293,264,351,293,298,324,276
1936,34,17,16,15,32,48,19
1937,2,0,5,5,4,2,2
1938,13,30,21,35,33,21,10
1939,5,9,7,5,11,8,2
1940,13,21,15,26,26,27,15
1941,20,17,13,9,15,3,6
1942,21,16,11,27,22,46,13
1943,8,11,16,7,5,6,13
1944,25,16,17,16,18,17,17
1945,33,22,25,24,15,22,14
1946,8,5,6,4,7,7,4
1947,0,0,0,1,5,0,0
1948,3,3,5,2,5,6,4
1949,11,9,5,0,1,2,1
1950,25,17,22,24,26,31,16
1951,62,24,45,40,41,56,25
1952,12,10,15,19,19,13,8
1953,12,20,10,19,24,14,17
1954,11,8,9,10,16,11,15
1955,16,10,22,18,41,28,9
1956,3,1,5,6,4,8,4
1957,0,2,3,0,0,1,0
1958,13,5,17,7,6,3,5
1959,42,16,22,11,22,13,18
1960,85,79,64,55,61,57,63
1961,2,1,2,0,1,2,2
1962,10,4,10,10,3,6,3
1963,0,2,2,2,2,0,1
1964,1,3,5,4,7,3,1
1965,3,13,8,16,8,11,4
1966,11,11,15,4,3,6,3
1967,0,6,3,1,1,4,3
1968,4,3,5,6,4,4,3
1969,8,11,17,7,12,11,9
1970,0,1,0,2,2,6,1
1971,11,16,8,3,6,5,5
1972,17,54,26,14,30,37,26
1973,12,7,5,6,4,13,12
1974,12,7,5,1,7,5,3
1975,15,23,27,21,45,27,37
1976,18,24,41,50,60,52,62
1977,46,45,35,43,43,32,40
1978,15,10,9,20,6,5,6
1979,8,10,4,8,5,4,6
1980,24,22,18,15,19,16,17
1981,10,13,10,6,8,5,5
1982,11,13,13,12,9,9,9
1983,9,11,4,11,7,4,10
1984,1,7,5,9,2,5,6
1985,39,49,41,35,47,39,34
1986,23,20,19,20,40,35,20
1987,1,10,4,3,4,0,2
1988,42,30,25,28,30,38,31
1989,8,12,9,16,4,4,5
1990,33,31,24,20,24,18,19
1991,1,2,1,1,2,0,1
1992,85,80,81,86,94,90,98
1993,7,10,6,4,6,6,7
1994,6,12,6,4,4,4,3
1995,0,0,2,2,1,3,2
1996,7,7,13,12,7,10,8
1997,11,12,6,12,7,7,5
1998,38,37,25,23,25,15,18
1999,27,23,22,25,33,27,21
2000,24,33,35,14,9,4,16
