shop_id,2016/10/25  view,2016/10/26  view,2016/10/27  view,2016/10/28  view,2016/10/29  view,2016/10/30  view,2016/10/31  view
1,21,23,24,21,32,40,14
2,12,10,16,11,29,41,28
3,6,3,4,2,7,8,3
4,13,14,14,12,31,21,20
5,13,13,8,3,5,5,5
6,4,5,7,4,6,13,6
7,10,13,21,34,21,33,10
8,5,2,3,6,1,3,3
9,2,2,2,6,3,11,3
10,1,1,1,3,2,0,2
11,5,4,5,1,3,4,4
12,10,8,29,22,21,16,11
13,0,1,5,1,6,0,10
14,8,9,11,11,8,14,9
15,0,0,1,0,1,8,0
16,12,12,12,18,24,24,23
17,28,36,21,17,33,31,19
18,5,6,11,4,12,6,7
19,7,1,3,3,3,7,1
20,7,4,8,7,9,7,2
21,2,3,4,5,4,9,0
22,38,43,30,43,40,38,38
23,1,0,1,0,0,0,3
24,15,31,59,21,14,26,12
25,13,24,13,24,32,37,16
26,6,4,5,7,8,8,17
27,5,8,9,5,7,7,11
28,13,14,17,25,23,41,26
29,7,0,3,3,4,5,4
30,28,39,38,41,39,47,42
31,3,1,6,2,5,15,5
32,1,1,3,2,0,3,1
33,9,9,13,11,18,13,14
34,18,19,11,9,18,24,11
35,31,14,24,13,19,22,20
36,3,5,3,4,8,3,5
37,6,18,9,16,24,16,24
38,0,2,0,1,0,0,1
39,12,15,10,11,8,24,8
40,2,1,2,0,1,0,0
41,10,27,15,14,19,21,34
42,0,1,7,6,1,3,0
43,0,14,20,31,37,38,30
44,174,144,184,230,305,263,209
45,4,4,0,4,3,4,3
46,3,2,5,0,3,3,0
47,0,0,0,2,0,4,1
48,4,5,5,5,7,6,4
49,15,22,17,37,36,34,46
50,10,7,11,4,7,9,10
51,6,5,8,10,7,5,14
52,10,3,6,10,10,10,7
53,1,0,0,0,0,0,3
54,8,8,7,7,13,10,9
55,9,2,20,13,40,29,21
56,9,8,7,2,10,15,14
57,16,8,13,16,9,14,3
58,21,12,25,30,48,32,51
59,0,0,0,2,1,5,3
60,11,8,13,26,22,25,29
61,8,0,1,1,3,3,1
62,16,9,14,13,17,16,40
63,1,4,2,1,6,2,2
64,10,12,11,3,5,7,6
65,4,14,8,21,22,28,20
66,0,1,0,0,4,2,0
67,4,5,4,1,8,10,6
68,1,0,3,2,5,2,2
69,8,9,9,8,4,2,10
70,4,9,7,14,18,15,12
71,24,7,7,10,28,21,36
72,1,6,7,4,2,5,6
73,1,8,5,5,9,1,7
74,1,1,1,2,3,1,3
75,4,3,3,2,6,0,4
76,4,4,1,2,10,5,2
77,9,9,11,7,8,1,11
78,6,4,3,4,2,5,5
79,10,7,9,9,3,0,1
80,1,1,2,2,7,1,4
81,2,1,1,0,1,2,2
82,6,12,10,7,5,7,2
83,9,13,17,14,17,25,18
84,12,18,2,3,13,2,18
85,10,9,7,10,30,18,5
86,1,5,4,5,11,12,7
87,1,5,7,2,3,5,3
88,85,87,93,84,108,143,106
89,26,29,24,22,65,5,26
90,6,13,15,6,10,6,4
91,1,1,2,2,4,1,1
92,10,10,8,5,15,11,13
93,2,6,1,3,4,1,2
94,3,6,6,4,4,4,1
95,17,17,16,34,30,20,62
96,7,3,2,5,10,12,5
97,1,6,2,4,5,8,6
98,7,3,2,2,3,2,2
99,9,4,8,7,8,6,8
100,17,26,14,15,13,14,55
101,14,21,18,13,19,27,19
102,2,1,4,3,6,0,1
103,1,1,2,1,1,4,7
104,2,11,9,6,20,15,12
105,9,14,8,22,28,18,16
106,1,1,0,3,0,0,2
107,0,2,1,4,4,2,2
108,7,5,6,8,3,6,5
109,1,1,2,0,0,0,0
110,0,0,0,1,0,0,0
111,2,7,5,2,8,0,4
112,6,7,1,4,7,5,6
113,0,0,0,1,1,3,2
114,32,28,31,31,19,21,30
115,3,8,10,5,12,5,13
116,2,2,0,1,6,0,2
117,61,42,64,55,94,81,43
118,1,1,0,0,0,0,0
119,16,22,16,15,22,21,27
120,2,4,1,4,4,2,3
121,69,62,22,23,35,49,21
122,3,2,2,3,1,10,6
123,3,4,4,3,1,2,8
124,8,8,12,5,11,14,6
125,0,3,7,4,2,6,15
126,3,4,4,4,3,8,8
127,3,7,8,8,6,8,8
128,45,48,62,46,68,54,43
129,10,9,15,11,28,29,25
130,10,5,11,12,6,11,7
131,2,2,1,2,5,8,2
132,14,15,12,24,20,32,13
133,4,9,10,10,12,5,6
134,9,11,9,3,10,20,16
135,7,5,8,4,8,3,2
136,20,12,27,26,21,17,47
137,2,6,4,7,11,7,5
138,46,72,134,81,54,32,30
139,7,5,11,14,18,11,16
140,1,0,0,0,0,0,0
141,1,1,6,2,3,4,0
142,1,2,0,0,0,2,4
143,7,7,7,2,4,10,9
144,4,4,4,0,3,2,3
145,13,13,9,16,21,10,19
146,20,16,10,15,17,26,19
147,1,5,0,0,0,0,2
148,0,2,0,2,1,1,0
149,46,53,56,51,82,81,62
150,5,5,0,4,3,4,3
151,9,5,5,12,6,8,4
152,19,27,19,25,26,31,27
153,7,7,7,7,17,20,22
154,2,5,8,2,3,3,1
155,27,59,54,21,18,42,22
156,10,2,4,4,9,10,5
157,8,9,7,14,23,13,15
158,5,1,1,5,2,1,0
159,15,13,11,19,38,18,15
160,0,0,2,0,4,1,0
161,5,17,6,9,5,8,5
162,1,0,1,4,1,4,1
163,0,1,3,2,5,3,3
164,1,0,1,2,4,2,0
165,4,4,1,3,4,3,5
166,6,4,7,4,11,9,9
167,12,6,17,8,16,14,14
168,2,0,2,9,0,2,1
169,55,41,35,30,76,61,37
170,8,16,12,13,9,18,15
171,4,15,15,9,10,6,9
172,7,6,8,14,8,12,8
173,7,2,4,4,5,4,2
174,3,1,3,2,2,2,6
175,0,2,3,2,5,4,2
176,3,4,8,5,6,7,8
177,8,7,6,7,21,33,10
178,0,2,0,0,0,1,0
179,28,26,20,23,39,31,28
180,4,4,7,9,11,6,10
181,27,27,33,27,50,76,41
182,11,13,14,20,16,10,13
183,14,11,13,12,5,10,16
184,19,20,29,10,34,42,26
185,3,1,2,3,4,2,11
186,11,7,10,12,14,22,19
187,24,39,22,23,33,15,28
188,10,4,10,8,4,6,3
189,23,19,12,15,22,29,15
190,6,4,9,7,6,12,2
191,10,21,3,8,5,1,11
192,14,10,23,7,34,31,26
193,15,4,9,15,12,15,8
194,2,0,0,0,4,0,7
195,177,170,186,175,318,327,182
196,4,16,4,11,17,18,4
197,3,7,0,2,6,3,9
198,1,3,2,3,2,2,3
199,2,7,0,7,8,8,3
200,18,14,5,10,16,27,14
201,0,1,1,0,1,2,0
202,1,3,3,1,4,7,3
203,11,9,9,14,19,22,16
204,43,62,37,39,30,41,49
205,5,7,8,13,9,0,13
206,29,37,36,12,23,23,25
207,11,7,11,18,28,30,11
208,0,0,2,0,0,5,0
209,6,6,2,5,4,12,7
210,37,30,26,36,44,35,29
211,20,13,8,15,32,25,9
212,26,24,12,18,29,26,23
213,4,2,2,1,0,2,2
214,9,16,16,18,15,33,13
215,6,12,10,3,5,8,3
216,9,1,3,3,7,5,1
217,37,49,62,60,62,42,68
218,1,2,0,1,4,2,1
219,4,1,2,0,5,2,3
220,33,25,24,29,18,20,34
221,11,5,11,10,16,10,5
222,4,12,2,3,2,8,6
223,13,20,20,21,22,23,22
224,2,5,3,3,0,3,3
225,0,0,0,2,1,1,0
226,4,9,4,5,4,10,17
227,7,5,4,1,8,16,18
228,0,1,5,0,0,2,2
229,57,50,26,19,21,23,21
230,3,2,1,0,0,1,7
231,7,12,3,2,0,2,6
232,1,0,3,1,5,10,2
233,6,11,6,7,16,14,4
234,6,14,5,4,12,14,8
235,14,18,6,22,37,22,17
236,36,42,54,51,26,43,27
237,10,12,6,13,9,12,4
238,9,8,26,23,23,23,20
239,45,39,51,45,61,42,56
240,23,22,20,6,8,33,36
241,5,5,5,5,15,6,5
242,9,9,9,8,5,7,11
243,36,24,40,33,37,40,53
244,7,11,22,13,12,19,11
245,8,3,8,4,4,2,8
246,0,1,0,0,0,1,0
247,0,0,0,0,0,0,0
248,0,3,2,5,2,3,2
249,5,10,6,6,1,4,2
250,13,16,17,20,24,40,22
251,3,1,4,2,1,2,0
252,27,49,36,36,27,63,51
253,51,94,509,560,1356,1465,1516
254,4,3,5,5,5,2,10
255,6,4,3,3,6,4,9
256,38,29,37,63,45,64,71
257,1,1,3,5,1,1,0
258,24,28,21,35,48,41,16
259,5,9,6,9,5,6,4
260,6,14,17,10,14,18,12
261,17,22,15,21,32,22,21
262,13,8,13,21,25,36,37
263,0,3,4,1,1,0,3
264,2,4,1,5,4,1,0
265,53,40,54,52,70,67,58
266,5,9,3,7,10,20,9
267,5,4,3,3,10,4,7
268,1,2,2,0,3,2,2
269,3,6,10,4,12,5,2
270,4,12,7,5,6,11,1
271,4,5,6,2,2,6,3
272,9,19,15,7,7,9,15
273,3,7,12,10,14,19,19
274,7,4,7,11,2,8,12
275,9,5,10,7,4,5,4
276,8,11,12,7,15,8,6
277,25,6,34,29,40,64,38
278,39,46,48,38,48,61,53
279,25,31,38,32,34,47,45
280,0,1,5,6,5,3,4
281,13,21,19,22,27,27,12
282,3,1,1,2,2,3,5
283,117,114,404,412,659,590,591
284,3,1,0,1,1,0,0
285,9,7,17,12,12,9,9
286,7,8,3,4,3,5,16
287,29,33,52,30,29,32,43
288,2,0,2,3,1,2,5
289,2,2,3,3,3,8,5
290,1,4,0,3,0,0,0
291,2,3,0,2,2,8,4
292,1,2,0,3,2,1,3
293,5,7,10,20,6,6,16
294,3,10,16,9,12,3,7
295,4,1,7,4,7,2,6
296,25,17,23,22,22,46,30
297,2,8,9,5,1,13,3
298,20,16,27,30,36,56,36
299,26,20,34,24,31,43,34
300,4,5,4,2,6,3,6
301,6,1,0,5,0,2,0
302,1,2,2,1,0,0,4
303,8,2,6,12,17,15,7
304,26,22,30,34,38,38,32
305,27,27,26,20,30,32,31
306,6,5,3,6,6,7,4
307,11,7,11,14,8,15,13
308,4,4,4,1,5,5,2
309,5,9,7,3,3,3,2
310,15,17,17,13,25,30,25
311,4,2,9,8,3,1,7
312,39,44,41,20,37,46,43
313,5,8,5,3,7,7,15
314,1,2,1,1,0,2,2
315,21,13,16,11,29,8,25
316,5,3,1,2,4,7,0
317,1,4,1,2,4,4,3
318,6,14,13,16,23,14,15
319,7,4,8,10,17,12,15
320,36,47,53,49,85,103,53
321,3,11,8,6,3,4,13
322,7,7,11,7,6,7,14
323,8,11,16,11,12,9,3
324,3,4,3,2,3,7,5
325,13,20,14,4,14,27,39
326,210,241,250,254,445,483,460
327,1,1,4,4,1,3,7
328,7,5,6,9,19,9,13
329,0,0,2,1,2,1,1
330,28,17,33,32,81,73,24
331,3,1,1,2,1,2,3
332,18,11,13,16,32,20,26
333,2,4,4,5,7,4,4
334,1,2,1,3,2,0,0
335,91,66,61,83,60,60,105
336,211,275,396,379,521,450,411
337,9,10,16,9,14,11,19
338,14,14,32,31,61,56,32
339,10,11,14,7,17,10,3
340,3,6,3,4,7,5,6
341,12,15,19,15,38,22,20
342,5,5,2,1,4,3,10
343,29,41,29,35,23,28,29
344,39,46,40,35,36,44,33
345,12,14,20,17,20,28,15
346,3,2,1,3,4,1,2
347,32,55,32,40,38,53,39
348,9,18,17,6,14,18,31
349,0,1,0,2,0,0,4
350,0,0,0,0,0,0,0
351,3,6,2,2,7,11,2
352,4,6,5,4,3,2,5
353,3,1,3,0,2,0,0
354,3,1,3,2,3,9,6
355,23,7,8,16,16,15,4
356,28,16,29,28,31,18,27
357,0,0,0,0,0,0,0
358,11,7,9,9,9,9,7
359,11,9,8,5,26,9,10
360,8,11,17,8,51,41,15
361,1,7,4,5,5,0,6
362,7,6,8,8,12,17,16
363,6,3,3,4,4,5,5
364,132,163,165,198,193,223,206
365,15,15,27,16,42,44,17
366,0,0,3,0,1,2,2
367,0,0,0,0,0,0,0
368,0,3,2,0,3,3,1
369,19,36,37,22,31,24,43
370,1,9,4,4,15,12,4
371,3,5,5,6,1,1,2
372,0,0,1,1,1,4,1
373,17,13,14,12,15,20,18
374,0,0,1,0,0,2,0
375,107,77,97,94,127,119,107
376,13,4,5,11,22,29,9
377,1,3,3,6,4,6,6
378,15,23,23,15,19,23,27
379,8,7,7,8,27,11,6
380,37,36,36,28,58,56,27
381,2,1,1,6,1,7,6
382,20,25,37,27,26,40,29
383,2,6,8,7,11,9,10
384,9,12,18,16,18,13,19
385,24,25,12,12,17,20,5
386,4,16,11,16,34,29,9
387,1,2,4,3,4,9,2
388,5,1,9,7,8,10,6
389,1,10,15,8,20,7,18
390,2,0,0,1,7,2,6
391,10,8,7,13,9,9,10
392,11,18,20,0,0,1,0
393,7,8,14,6,11,6,8
394,11,19,14,8,10,13,33
395,9,24,27,14,25,27,30
396,0,2,7,7,7,3,5
397,10,7,28,17,23,19,10
398,2,17,4,7,18,7,12
399,22,12,11,14,20,39,43
400,0,3,0,2,0,0,3
401,4,2,4,7,1,10,2
402,3,7,3,4,4,2,2
403,140,166,142,150,208,240,193
404,22,20,27,29,50,76,25
405,1,0,0,0,0,0,2
406,1,3,4,5,4,2,3
407,11,10,8,11,17,11,13
408,64,59,44,66,80,93,84
409,3,3,4,4,1,1,1
410,1,3,2,1,2,6,2
411,0,0,0,4,0,0,1
412,8,5,10,8,9,2,3
413,4,5,5,0,5,8,9
414,14,12,13,15,16,22,17
415,0,0,3,0,0,0,1
416,36,26,20,35,39,39,28
417,8,4,10,9,5,13,6
418,24,54,24,18,35,20,31
419,8,9,12,11,18,12,14
420,0,0,4,1,1,1,3
421,52,51,39,65,106,103,102
422,8,5,10,3,5,12,7
423,1,1,2,5,8,6,3
424,8,13,16,7,7,4,5
425,70,116,144,128,172,164,168
426,3,19,6,2,8,10,12
427,4,2,2,6,7,4,8
428,9,9,7,18,14,9,13
429,13,4,11,15,16,15,15
430,4,5,5,0,2,4,1
431,51,68,45,40,64,43,63
432,7,7,8,2,11,13,19
433,1,0,0,2,0,0,0
434,8,10,10,8,14,14,14
435,12,16,12,8,26,31,18
436,32,49,40,18,44,69,59
437,6,7,16,7,15,5,17
438,5,6,2,0,0,2,2
439,9,4,9,15,1,17,4
440,0,0,0,3,5,1,2
441,8,13,14,21,21,23,17
442,20,10,10,8,5,11,8
443,1,4,1,2,5,3,0
444,1,2,1,5,1,2,3
445,11,23,15,7,30,17,17
446,14,22,10,14,30,20,28
447,112,137,123,148,94,63,131
448,0,0,0,0,0,0,0
449,4,1,2,1,7,4,2
450,1,0,0,1,0,0,0
451,69,101,131,121,166,130,102
452,0,3,1,1,0,2,0
453,3,3,5,5,0,8,11
454,1,7,3,2,6,5,10
455,6,11,12,10,11,12,17
456,41,52,39,42,27,38,27
457,1,1,1,1,2,2,2
458,8,7,9,13,10,16,9
459,29,38,36,49,64,58,52
460,3,1,1,2,4,8,11
461,7,6,5,5,3,1,7
462,8,6,8,9,19,15,10
463,0,2,0,3,3,0,0
464,8,6,14,3,12,10,7
465,3,3,2,2,13,23,11
466,8,15,15,13,10,15,20
467,33,24,20,20,23,29,24
468,24,27,13,13,27,19,9
469,2,1,1,0,0,3,0
470,0,1,2,2,3,9,1
471,0,7,0,0,3,1,5
472,24,24,29,22,27,46,50
473,0,0,1,1,4,0,2
474,1,2,1,1,0,0,2
475,70,40,69,35,136,29,65
476,2,3,2,1,2,4,3
477,2,3,7,3,14,3,3
478,1,1,1,3,3,3,1
479,2,0,0,3,0,4,0
480,5,6,6,6,3,8,11
481,5,5,0,0,5,3,2
482,14,19,20,19,24,25,25
483,4,3,5,8,3,3,4
484,10,10,12,6,8,7,10
485,1,0,2,3,2,0,2
486,2,1,1,0,1,0,1
487,2,0,3,4,1,1,4
488,0,1,0,2,2,0,3
489,2,1,1,1,0,1,2
490,16,19,9,9,14,22,11
491,3,5,3,4,11,3,4
492,1,4,4,7,4,2,5
493,7,1,1,0,6,4,1
494,15,16,20,15,14,19,20
495,11,10,5,11,17,14,9
496,12,13,12,21,21,22,22
497,30,32,38,28,32,34,43
498,4,2,3,3,1,2,1
499,14,13,24,14,28,29,17
500,86,92,133,95,157,126,100
501,29,26,22,28,14,21,38
502,9,11,16,12,38,27,12
503,13,12,14,8,16,14,6
504,5,0,7,1,2,2,4
505,4,6,4,8,8,4,4
506,11,6,15,11,19,11,11
507,4,1,10,4,42,1,2
508,0,0,1,0,2,0,2
509,31,32,22,55,37,43,48
510,0,1,2,1,1,3,3
511,21,23,19,25,37,31,33
512,7,6,1,2,6,1,3
513,6,10,8,8,6,11,14
514,0,1,2,2,2,2,3
515,5,9,3,2,0,6,11
516,7,4,7,8,5,2,5
517,21,19,25,22,41,74,51
518,5,5,5,2,10,5,4
519,26,12,26,18,15,22,20
520,43,51,61,42,76,61,63
521,9,7,11,4,8,11,16
522,207,208,232,230,314,327,276
523,2,1,1,5,2,3,2
524,2,0,3,1,1,2,0
525,3,3,1,2,2,1,1
526,14,14,14,15,22,34,12
527,5,3,5,5,1,4,7
528,5,19,16,19,26,27,25
529,4,3,5,3,11,4,6
530,5,9,5,4,5,5,7
531,17,9,12,22,33,37,32
532,1,2,2,1,3,3,5
533,1,2,1,4,3,10,3
534,0,0,4,1,2,2,3
535,11,4,5,8,4,26,13
536,0,0,1,0,1,4,1
537,36,35,33,42,43,45,21
538,0,2,0,5,3,1,3
539,12,18,8,11,10,19,31
540,2,5,7,6,5,1,4
541,5,3,2,7,8,5,9
542,1,6,9,5,9,4,5
543,3,1,1,0,2,3,1
544,7,5,12,10,11,21,12
545,6,3,6,5,7,4,3
546,11,17,19,8,29,15,13
547,2,2,4,3,5,0,1
548,7,12,9,7,15,4,6
549,25,29,30,38,55,40,40
550,12,29,34,7,15,10,4
551,8,7,9,6,8,19,17
552,2,6,2,20,18,9,12
553,6,5,6,4,6,5,7
554,95,101,115,107,123,104,539
555,11,17,4,8,2,13,3
556,4,6,3,3,4,4,4
557,6,19,14,17,16,11,16
558,2,1,2,3,3,1,3
559,5,9,9,10,6,7,8
560,28,37,39,43,39,24,31
561,0,0,0,1,1,0,0
562,4,4,2,5,1,1,6
563,8,11,14,16,10,8,17
564,28,35,28,45,73,72,25
565,14,21,22,18,30,37,34
566,6,11,23,12,24,26,19
567,0,0,0,1,1,0,0
568,10,15,22,28,32,43,30
569,1,4,7,1,5,5,4
570,21,33,32,21,36,23,17
571,2,3,3,3,2,3,1
572,6,13,18,10,9,11,5
573,6,2,7,3,2,9,9
574,7,3,1,0,6,10,4
575,3,6,9,4,4,6,8
576,4,5,7,3,6,5,21
577,17,19,29,42,47,51,40
578,0,2,0,1,1,2,1
579,6,1,5,5,4,4,1
580,20,37,53,58,86,103,82
581,0,0,1,0,0,1,0
582,1,1,1,2,10,2,2
583,7,8,6,5,21,16,5
584,17,20,31,55,50,70,45
585,3,3,5,3,7,4,5
586,4,1,5,1,1,5,2
587,3,17,15,16,24,31,20
588,5,7,4,8,18,16,4
589,12,9,8,8,21,20,10
590,3,0,3,1,2,2,0
591,21,8,22,8,22,13,19
592,37,20,15,30,40,43,39
593,8,1,2,6,5,10,4
594,4,8,5,8,12,5,7
595,3,2,5,3,5,3,4
596,16,16,8,7,12,10,5
597,9,5,10,12,9,3,1
598,1,0,2,0,1,0,0
599,0,1,4,0,1,0,8
600,10,3,5,9,5,6,2
601,1,2,6,3,4,4,1
602,0,0,0,0,0,0,0
603,0,0,1,1,4,1,0
604,1,1,4,4,2,7,2
605,3,8,15,5,9,24,17
606,14,22,13,31,37,42,57
607,3,6,5,5,11,4,2
608,1,5,0,1,6,1,10
609,0,1,0,0,0,0,0
610,14,11,9,14,26,24,15
611,2,3,6,3,4,3,1
612,3,7,5,6,5,2,3
613,22,12,19,24,10,29,20
614,51,63,64,77,61,69,92
615,9,18,29,23,32,37,15
616,34,31,29,27,36,42,33
617,2,3,3,4,7,1,4
618,1,0,3,1,1,2,0
619,74,54,42,62,85,86,49
620,4,12,8,9,17,9,22
621,5,5,2,4,2,1,0
622,5,6,9,15,8,33,26
623,15,14,16,4,15,16,19
624,3,4,1,1,2,1,0
625,9,11,6,6,7,8,5
626,5,5,6,3,5,3,1
627,1,0,0,0,2,0,0
628,8,7,14,5,32,18,12
629,4,4,3,6,15,5,9
630,4,4,5,1,7,8,8
631,1,2,2,1,3,1,0
632,1,5,2,0,1,5,0
633,2,3,5,4,4,2,5
634,0,1,0,3,2,0,0
635,0,1,1,1,0,0,2
636,5,9,6,0,6,2,7
637,8,3,4,7,2,5,2
638,16,18,12,8,15,7,16
639,10,12,17,13,12,22,18
640,35,38,68,63,75,67,49
641,0,1,0,0,2,0,0
642,10,3,5,11,13,17,15
643,7,1,4,2,7,4,2
644,8,1,1,1,2,13,4
645,0,3,2,2,2,1,3
646,1,2,2,2,1,2,5
647,96,112,105,135,174,181,168
648,3,1,2,0,1,1,4
649,1,0,1,0,0,1,1
650,6,12,10,5,12,15,4
651,6,9,7,2,17,3,5
652,1,1,3,7,12,14,7
653,0,2,0,0,2,3,2
654,9,8,9,4,10,14,5
655,2,4,4,10,3,6,11
656,5,10,6,10,9,3,3
657,8,13,9,6,12,13,10
658,4,3,7,6,13,12,4
659,7,13,10,5,11,4,11
660,1,0,2,0,3,0,0
661,13,13,27,20,28,40,28
662,0,3,2,2,2,3,8
663,0,6,2,2,0,3,0
664,8,18,9,11,13,22,7
665,36,38,35,32,63,67,38
666,12,11,16,8,11,4,26
667,4,4,14,12,15,12,15
668,9,6,9,12,22,28,19
669,37,46,40,49,59,48,50
670,16,6,16,15,18,23,10
671,23,19,15,13,41,39,43
672,10,9,6,8,13,11,12
673,5,8,3,10,12,13,14
674,11,6,11,4,0,10,9
675,57,67,66,66,74,72,66
676,8,15,18,22,22,32,12
677,6,8,5,7,12,16,14
678,1,1,1,1,1,1,0
679,38,24,24,46,37,51,34
680,9,9,8,5,8,2,8
681,19,12,23,21,23,23,11
682,2,4,2,1,4,7,16
683,8,27,24,21,47,34,21
684,9,18,7,4,9,12,36
685,1,2,6,2,1,1,0
686,8,1,6,4,10,6,11
687,12,7,6,6,22,22,21
688,2,1,1,1,1,3,2
689,7,13,16,6,10,17,12
690,0,1,4,0,2,10,4
691,5,5,5,2,2,4,4
692,21,18,18,16,27,15,30
693,2,1,3,0,1,2,0
694,0,1,0,2,0,2,3
695,74,95,138,116,143,143,97
696,1,3,1,1,0,2,2
697,10,5,10,8,6,10,6
698,1,2,0,2,1,1,0
699,1,4,0,2,3,0,1
700,2,1,1,1,1,0,0
701,5,6,2,4,6,6,5
702,5,9,17,6,21,12,3
703,0,5,3,0,5,2,7
704,7,4,7,4,8,6,4
705,16,24,24,13,35,19,29
706,7,4,4,6,1,8,6
707,0,3,1,3,2,2,3
708,4,10,3,8,13,2,9
709,10,10,9,8,10,21,11
710,11,10,8,6,28,17,19
711,11,10,8,11,9,4,15
712,18,13,22,33,40,40,28
713,7,18,5,19,6,10,10
714,12,9,12,23,27,21,29
715,38,37,45,29,57,57,30
716,2,17,5,2,5,6,4
717,5,10,4,5,2,10,2
718,2,2,7,1,12,3,6
719,4,2,7,13,9,6,8
720,3,0,3,0,1,0,2
721,11,3,5,5,10,8,0
722,5,2,0,1,1,3,7
723,3,2,1,5,2,12,7
724,15,28,18,23,40,16,12
725,5,9,13,12,3,15,11
726,8,5,8,5,7,4,10
727,46,34,39,46,34,46,28
728,3,2,5,4,6,2,1
729,28,29,21,32,35,37,35
730,3,5,12,5,7,2,6
731,12,5,19,18,13,17,9
732,7,7,4,7,11,13,8
733,4,5,3,5,2,4,1
734,16,12,29,13,54,43,29
735,12,40,9,9,11,4,60
736,1,0,0,0,0,3,2
737,38,57,44,40,51,61,80
738,13,12,13,8,20,19,18
739,3,2,1,2,3,4,9
740,8,11,5,9,20,17,17
741,1,0,0,2,5,4,3
742,16,27,20,20,37,32,29
743,0,0,2,1,0,0,1
744,13,12,13,14,31,22,12
745,7,0,1,1,9,1,3
746,33,39,34,34,49,40,22
747,14,20,32,41,35,37,33
748,14,9,13,11,15,18,11
749,1,2,0,0,0,0,0
750,21,21,23,23,32,36,30
751,13,7,11,4,4,7,15
752,6,7,12,14,12,8,12
753,6,9,2,7,6,7,5
754,2,1,2,0,2,1,0
755,15,17,17,16,20,30,24
756,9,10,9,5,22,7,12
757,25,15,20,23,32,18,26
758,0,0,0,1,0,1,0
759,3,4,2,2,2,1,2
760,6,5,1,4,1,3,0
761,8,4,6,5,5,2,9
762,3,2,6,1,4,4,1
763,31,41,26,8,8,13,10
764,4,5,6,9,6,3,5
765,2,4,3,0,5,0,6
766,7,7,6,2,12,7,7
767,50,50,47,47,58,58,58
768,7,5,3,12,2,3,15
769,16,32,17,12,32,34,28
770,2,6,2,0,3,1,2
771,21,21,23,23,19,29,21
772,36,22,73,68,75,63,45
773,14,30,13,25,33,30,33
774,49,51,28,51,68,74,55
775,23,23,20,12,24,22,32
776,14,22,27,12,25,25,21
777,7,2,3,1,6,3,5
778,5,10,2,1,3,3,7
779,12,12,15,10,12,20,18
780,6,1,3,6,1,3,7
781,19,26,34,30,47,32,34
782,27,31,21,21,20,24,17
783,1,3,8,4,2,0,0
784,23,49,27,20,30,30,26
785,3,4,5,9,0,9,4
786,10,10,10,15,12,19,22
787,34,29,26,27,48,36,29
788,4,4,9,4,4,4,7
789,13,5,5,10,14,4,13
790,2,3,4,7,5,6,4
791,32,11,11,8,24,31,6
792,3,0,2,1,4,1,1
793,3,3,2,4,5,5,7
794,3,4,0,3,3,3,0
795,2,0,3,0,3,0,1
796,0,6,2,2,3,4,0
797,25,15,15,24,32,24,17
798,6,9,8,3,2,5,3
799,556,565,1008,955,1080,1053,990
800,2,4,5,2,12,8,5
801,4,3,7,1,4,7,2
802,31,22,26,34,46,46,31
803,0,4,1,1,0,5,1
804,51,28,71,61,81,70,37
805,0,0,1,1,2,3,0
806,4,6,10,7,22,24,17
807,16,31,35,19,26,15,17
808,23,42,31,36,22,43,67
809,2,0,1,0,0,0,1
810,0,1,1,1,1,4,2
811,3,11,5,13,12,11,15
812,7,3,6,10,3,5,2
813,6,7,7,9,3,4,12
814,4,3,4,8,3,2,6
815,2,1,2,3,8,4,4
816,38,41,35,38,71,57,49
817,9,7,9,5,11,9,6
818,2,2,1,2,0,2,0
819,8,15,18,21,18,26,20
820,3,2,1,1,10,9,5
821,1,1,0,2,3,2,1
822,28,21,43,26,46,29,25
823,3,1,0,5,4,4,4
824,5,4,6,7,9,5,5
825,6,3,8,3,7,6,5
826,4,4,17,2,11,4,7
827,2,0,1,0,0,1,0
828,2,8,5,1,3,2,1
829,5,5,6,5,10,10,1
830,7,7,12,10,17,17,19
831,7,7,6,9,11,5,9
832,2,1,0,1,0,0,0
833,4,6,5,10,7,5,10
834,2,5,5,13,9,3,2
835,0,7,8,5,11,2,4
836,12,16,12,15,15,25,21
837,1,6,2,3,6,0,3
838,0,0,1,1,2,0,0
839,50,46,48,68,81,110,104
840,18,13,16,15,15,8,14
841,3,1,2,0,3,6,4
842,7,8,6,5,8,23,15
843,7,11,12,12,17,18,16
844,97,108,60,88,181,167,117
845,3,2,1,3,11,0,2
846,6,6,6,7,9,7,6
847,1,4,2,2,8,3,9
848,12,19,9,12,19,26,15
849,3,3,3,1,5,4,0
850,20,14,8,21,27,27,28
851,3,2,4,1,7,3,1
852,131,115,127,170,275,377,172
853,11,4,5,13,33,17,12
854,15,12,10,14,17,15,25
855,5,9,5,3,6,6,3
856,1,3,1,0,5,0,1
857,26,16,29,36,57,38,37
858,6,2,4,2,9,2,2
859,0,1,2,1,0,8,6
860,3,5,9,4,7,1,8
861,12,5,6,1,21,10,11
862,3,5,11,3,11,12,1
863,2,4,2,2,3,2,0
864,9,23,12,9,20,23,16
865,8,8,8,6,16,20,17
866,0,5,3,1,0,1,4
867,20,20,11,3,1,5,7
868,15,17,14,11,25,16,22
869,6,3,4,6,8,5,7
870,9,9,10,8,19,7,8
871,9,13,8,15,18,21,9
872,4,3,6,2,13,4,2
873,4,8,18,9,11,3,11
874,0,2,0,0,0,0,0
875,1,0,3,1,1,1,0
876,11,11,10,7,12,11,4
877,26,29,27,17,31,45,40
878,3,1,0,0,1,5,1
879,5,5,13,8,7,11,4
880,0,2,0,1,5,4,4
881,6,10,3,4,0,6,6
882,12,8,6,6,5,4,14
883,13,3,2,3,2,4,6
884,4,3,7,4,4,1,4
885,155,201,173,237,366,374,240
886,1,5,5,4,9,2,9
887,119,71,85,103,293,291,119
888,1,1,1,1,1,2,3
889,7,12,8,15,26,16,22
890,16,15,14,14,16,10,11
891,29,41,28,30,51,54,34
892,15,8,14,10,1,7,13
893,8,6,9,20,15,15,10
894,12,33,20,12,25,41,34
895,4,3,3,4,7,11,4
896,5,2,0,3,2,0,2
897,34,27,26,50,77,73,56
898,49,33,42,18,23,38,32
899,1,1,1,0,0,0,1
900,9,9,13,12,11,10,17
901,2,1,1,3,3,1,1
902,5,5,5,2,1,1,4
903,1,9,3,4,3,0,7
904,22,26,30,30,52,25,34
905,1,3,3,1,5,2,0
906,2,1,3,2,2,3,3
907,5,8,7,8,2,4,11
908,2,2,3,0,0,0,1
909,13,22,16,14,24,14,11
910,6,3,4,7,5,13,0
911,9,9,12,10,6,11,13
912,4,7,8,20,16,21,4
913,4,1,3,2,5,6,11
914,5,9,12,6,14,3,7
915,10,11,23,17,23,30,26
916,24,30,15,22,20,40,52
917,1,0,0,1,1,1,0
918,10,13,13,7,13,8,21
919,3,4,4,3,5,4,4
920,1,1,3,2,0,0,3
921,16,14,13,14,11,4,6
922,6,3,8,8,10,8,5
923,2,11,3,4,19,11,13
924,1,1,1,3,1,3,0
925,11,0,8,6,4,9,5
926,8,14,9,13,19,20,21
927,35,44,48,33,56,51,48
928,44,58,38,43,51,70,47
929,6,10,8,17,14,14,7
930,3,3,6,4,12,4,2
931,6,4,2,3,5,4,3
932,3,4,3,1,3,4,8
933,0,4,0,2,4,3,0
934,12,5,9,11,17,15,18
935,43,30,9,19,15,11,14
936,13,8,8,24,33,43,23
937,20,13,16,15,21,24,18
938,1,2,0,1,1,0,2
939,3,1,2,3,7,5,2
940,0,0,1,1,1,2,1
941,8,7,7,6,6,10,3
942,3,1,3,1,5,5,5
943,4,1,2,1,14,15,4
944,61,50,49,34,30,24,14
945,10,8,5,7,16,17,3
946,1,1,3,3,3,2,3
947,0,0,0,1,1,1,0
948,3,5,2,2,9,8,1
949,2,6,6,8,3,11,9
950,2,4,2,1,7,3,2
951,1,1,3,1,1,1,3
952,10,10,6,3,9,8,8
953,6,6,8,10,9,12,9
954,105,107,108,94,140,124,128
955,6,4,10,11,12,11,5
956,0,1,0,2,0,0,0
957,10,13,7,8,5,9,15
958,9,6,9,1,8,9,7
959,8,3,7,6,3,4,14
960,2,7,8,2,3,5,5
961,6,18,15,20,16,24,22
962,10,9,15,13,4,5,8
963,2,0,3,1,2,0,2
964,13,9,19,16,21,18,14
965,11,4,7,5,14,7,6
966,5,4,8,2,4,6,4
967,3,5,3,5,4,0,9
968,0,1,1,0,2,0,1
969,76,69,112,109,126,104,86
970,0,0,0,0,0,1,0
971,4,8,3,0,5,5,7
972,21,21,21,17,31,38,24
973,1,1,0,0,0,2,0
974,4,6,5,6,12,15,9
975,14,10,17,19,18,10,13
976,2,1,2,0,5,2,6
977,3,7,2,2,5,6,12
978,2,5,2,2,2,1,5
979,3,7,13,10,17,21,20
980,11,16,10,12,14,16,7
981,33,22,26,51,43,52,17
982,3,9,6,8,8,8,5
983,1,5,5,1,1,4,2
984,8,18,9,3,15,17,11
985,2,0,1,2,1,3,0
986,9,3,1,1,5,0,2
987,6,5,3,2,1,5,7
988,14,10,14,31,34,46,40
989,2,7,5,5,8,4,3
990,8,14,6,5,21,7,1
991,1,2,3,4,1,1,0
992,8,3,8,1,6,8,3
993,6,4,8,14,16,15,9
994,0,12,7,5,5,3,12
995,1,2,4,4,2,6,7
996,4,1,2,2,4,2,1
997,108,150,122,131,165,158,194
998,8,5,8,4,9,12,8
999,26,34,26,31,21,11,27
1000,38,50,50,45,52,70,58
1001,7,10,16,12,36,37,12
1002,2,1,5,5,5,4,3
1003,1,1,5,2,8,3,1
1004,2,1,2,5,3,0,2
1005,3,1,4,2,5,0,3
1006,26,11,21,34,20,34,30
1007,0,0,1,0,3,1,1
1008,65,66,66,60,57,86,54
1009,1,5,0,1,5,5,1
1010,4,3,4,5,4,4,4
1011,1,3,1,1,0,0,0
1012,4,4,0,3,4,3,8
1013,0,0,0,0,1,0,4
1014,3,4,8,9,3,2,6
1015,3,3,5,2,0,0,4
1016,4,2,4,6,3,2,3
1017,52,48,52,81,111,92,130
1018,7,7,5,11,11,15,16
1019,17,14,12,16,19,12,16
1020,0,0,0,0,0,0,0
1021,0,2,2,0,0,0,0
1022,1,0,1,2,0,2,1
1023,9,7,11,11,9,20,18
1024,0,1,0,1,0,0,0
1025,7,11,17,27,20,36,21
1026,13,3,13,13,8,8,22
1027,2,9,6,6,8,13,12
1028,1,0,1,0,0,0,0
1029,8,5,12,8,4,5,8
1030,11,10,12,11,3,2,23
1031,16,25,46,31,30,34,33
1032,8,9,17,16,14,19,19
1033,16,11,11,23,24,12,12
1034,18,25,24,15,23,25,31
1035,16,16,20,10,31,29,16
1036,5,5,3,4,7,8,9
1037,30,23,30,27,27,50,27
1038,4,0,2,1,5,3,2
1039,4,4,7,1,7,11,15
1040,7,5,5,11,4,5,13
1041,24,10,17,16,35,40,31
1042,5,4,7,14,23,12,8
1043,12,29,23,14,38,39,34
1044,20,30,41,21,28,53,43
1045,0,0,1,2,2,2,2
1046,0,0,0,1,1,1,2
1047,1,5,4,4,3,13,2
1048,0,0,0,1,0,0,2
1049,12,25,28,8,8,17,17
1050,0,1,2,2,0,6,6
1051,2,5,0,3,3,2,3
1052,5,7,15,14,15,31,22
1053,1,0,1,1,1,1,0
1054,9,4,8,3,8,6,1
1055,3,1,7,1,4,6,2
1056,0,5,3,3,1,3,2
1057,7,6,8,4,17,2,13
1058,4,2,3,1,0,6,3
1059,1,4,2,7,2,2,0
1060,2,3,6,2,9,7,2
1061,31,28,40,67,48,41,26
1062,10,4,5,12,10,11,50
1063,22,27,30,25,39,33,59
1064,1,0,1,2,2,2,1
1065,5,3,2,2,4,4,3
1066,9,10,12,7,15,18,7
1067,0,1,3,3,5,6,6
1068,5,5,3,1,3,1,4
1069,23,17,21,16,27,31,22
1070,6,4,6,3,2,4,2
1071,7,1,1,3,2,3,7
1072,7,8,12,14,10,15,14
1073,2,2,1,0,0,0,0
1074,1,4,3,1,4,3,3
1075,24,17,11,9,29,19,19
1076,3,1,3,2,6,0,5
1077,10,8,9,15,13,5,8
1078,8,7,14,10,15,17,16
1079,8,6,8,5,9,5,19
1080,6,8,7,19,7,3,4
1081,3,4,3,3,0,3,3
1082,4,4,8,13,7,2,5
1083,3,4,2,3,8,8,2
1084,7,10,9,7,7,24,3
1085,16,30,11,20,18,18,16
1086,1,2,3,3,9,12,7
1087,45,41,89,63,88,91,69
1088,8,6,5,4,12,9,5
1089,4,2,7,15,7,5,4
1090,1,1,2,0,4,1,2
1091,2,6,1,2,4,6,6
1092,10,9,16,16,13,16,14
1093,4,3,2,2,7,5,5
1094,26,12,20,20,28,28,21
1095,0,1,2,3,0,0,0
1096,2,3,7,3,1,2,2
1097,6,4,2,10,6,5,18
1098,1,3,5,6,2,3,0
1099,12,15,8,16,17,22,13
1100,1,2,8,2,3,1,2
1101,14,24,14,7,20,8,16
1102,47,56,51,68,56,54,43
1103,2,2,3,9,16,13,11
1104,19,11,25,12,24,45,25
1105,2,4,7,12,4,5,5
1106,2,1,1,4,3,3,0
1107,4,0,4,1,1,0,0
1108,119,140,145,139,256,200,138
1109,16,10,6,14,18,11,12
1110,4,4,8,7,3,6,6
1111,0,1,1,3,1,1,4
1112,6,18,13,23,13,28,13
1113,1,2,4,5,3,6,3
1114,3,3,11,10,4,4,9
1115,1,3,6,0,1,1,6
1116,8,10,9,7,1,15,18
1117,73,106,67,47,70,61,92
1118,18,12,21,16,36,34,13
1119,4,5,3,9,1,7,8
1120,16,8,20,13,20,9,9
1121,28,25,20,19,35,23,14
1122,7,4,7,2,13,10,4
1123,23,20,17,18,58,39,56
1124,0,7,1,0,3,4,1
1125,22,28,31,21,19,33,51
1126,21,20,30,21,27,18,12
1127,19,13,11,7,10,25,27
1128,64,79,62,67,83,117,105
1129,31,19,19,28,41,39,56
1130,2,0,7,2,2,0,1
1131,12,9,4,8,11,8,3
1132,4,1,0,1,4,0,0
1133,3,0,2,2,1,1,0
1134,7,5,6,11,9,1,11
1135,10,7,10,14,16,14,11
1136,3,2,11,3,4,4,1
1137,0,3,0,2,4,1,3
1138,1,1,2,3,5,1,5
1139,15,15,17,24,27,13,12
1140,3,6,8,8,3,2,3
1141,14,9,8,18,34,41,28
1142,233,223,332,312,478,445,433
1143,6,3,9,4,12,3,12
1144,3,1,2,4,21,6,3
1145,5,2,3,1,1,1,5
1146,1,1,9,0,5,8,7
1147,4,10,13,4,4,9,7
1148,0,1,0,0,2,2,0
1149,16,15,13,9,16,14,22
1150,5,11,17,14,17,29,36
1151,15,13,15,22,11,17,13
1152,2,5,8,5,10,7,10
1153,15,4,9,4,14,15,13
1154,2,9,9,6,8,7,4
1155,3,0,2,2,13,1,3
1156,23,24,30,34,53,79,63
1157,1,3,0,0,0,0,0
1158,0,0,0,2,0,2,0
1159,7,6,11,12,4,18,13
1160,0,0,0,1,1,0,0
1161,5,13,9,20,25,39,15
1162,3,8,7,4,4,1,5
1163,3,1,5,0,6,5,5
1164,7,13,8,3,4,6,11
1165,8,23,14,19,26,13,22
1166,19,8,11,12,15,12,11
1167,22,17,13,17,25,14,29
1168,11,23,19,21,44,41,53
1169,4,7,7,7,8,3,8
1170,2,0,3,1,1,2,0
1171,18,19,19,29,25,28,29
1172,60,58,79,51,140,76,91
1173,7,9,9,8,17,6,14
1174,1,0,0,2,0,0,4
1175,27,25,16,22,27,27,11
1176,8,2,3,5,11,7,10
1177,3,4,3,2,3,6,13
1178,8,15,11,11,8,3,11
1179,7,20,23,12,8,6,11
1180,4,0,4,4,6,6,1
1181,37,23,26,31,29,49,41
1182,3,0,2,7,3,3,1
1183,0,2,1,0,0,1,1
1184,3,6,4,7,7,4,10
1185,0,1,1,1,0,1,2
1186,3,0,0,0,0,0,0
1187,18,19,7,7,23,11,24
1188,8,2,2,4,4,8,1
1189,5,1,2,7,0,0,2
1190,43,47,60,50,60,65,62
1191,3,0,0,1,2,0,0
1192,8,7,10,10,19,20,9
1193,2,4,1,4,2,2,4
1194,1,2,5,6,3,5,4
1195,8,21,9,15,36,19,16
1196,6,8,13,5,26,24,18
1197,7,3,11,6,15,19,8
1198,2,2,0,3,1,2,1
1199,0,1,0,2,1,0,0
1200,0,0,2,0,1,2,0
1201,2,6,4,1,2,1,2
1202,36,57,47,45,54,41,44
1203,4,6,4,5,4,8,7
1204,1,2,5,4,6,6,3
1205,96,99,83,72,109,127,103
1206,0,0,2,2,0,0,0
1207,8,13,0,2,12,14,15
1208,13,13,12,13,14,12,12
1209,9,5,2,5,5,14,8
1210,36,22,35,34,35,47,30
1211,9,8,18,12,13,29,22
1212,3,0,0,0,1,3,3
1213,14,7,6,11,6,6,16
1214,2,0,1,3,3,0,2
1215,0,1,1,0,0,1,0
1216,3,3,4,6,11,4,3
1217,23,10,18,20,20,25,21
1218,1,1,0,0,0,0,0
1219,9,4,7,3,9,15,6
1220,3,0,0,0,0,0,0
1221,29,21,27,29,47,48,27
1222,7,8,1,4,2,4,2
1223,3,3,2,3,3,1,4
1224,8,5,5,10,7,2,10
1225,9,3,3,2,11,4,4
1226,5,4,9,6,14,16,16
1227,6,10,3,9,2,6,6
1228,5,4,1,4,3,5,6
1229,8,5,15,8,6,13,6
1230,9,6,3,1,1,3,5
1231,31,25,30,36,58,42,47
1232,1,0,0,1,2,1,1
1233,12,9,7,11,9,9,5
1234,3,14,5,7,13,24,8
1235,3,3,2,1,3,2,9
1236,0,0,0,0,1,0,1
1237,0,2,10,2,5,5,4
1238,1,1,1,0,0,0,1
1239,0,2,2,1,0,2,0
1240,0,2,0,1,1,1,3
1241,1,3,1,1,3,1,1
1242,73,44,139,126,111,74,63
1243,2,4,1,6,10,6,8
1244,20,35,10,20,30,27,23
1245,0,0,0,0,0,4,0
1246,5,0,4,0,2,4,0
1247,6,15,6,6,5,5,5
1248,1,0,0,0,0,0,0
1249,3,8,4,5,4,8,3
1250,0,1,1,1,1,2,1
1251,4,4,5,2,2,3,2
1252,18,18,12,27,36,37,27
1253,1,1,1,1,1,0,2
1254,14,8,8,7,13,10,8
1255,12,13,8,17,21,8,10
1256,6,1,9,5,2,6,7
1257,3,3,2,1,8,9,12
1258,6,10,8,11,8,11,13
1259,7,7,2,8,4,13,5
1260,5,2,4,5,4,9,3
1261,3,6,10,5,7,13,2
1262,2,4,3,4,5,2,2
1263,16,24,17,20,30,21,22
1264,15,17,25,17,30,24,18
1265,4,0,1,3,2,5,8
1266,1,2,0,2,3,1,3
1267,1,1,0,1,2,3,1
1268,7,3,3,2,3,6,3
1269,4,7,4,2,2,5,1
1270,30,32,23,8,15,24,11
1271,6,4,7,15,11,12,2
1272,0,2,1,3,1,0,0
1273,15,9,11,7,15,10,14
1274,0,0,2,0,1,2,0
1275,11,13,17,13,22,11,12
1276,7,8,10,4,10,7,6
1277,7,2,8,5,9,9,0
1278,1,5,5,2,3,6,3
1279,2,0,1,1,0,1,1
1280,1,1,1,4,2,8,6
1281,4,8,9,4,9,6,11
1282,33,23,22,23,33,46,29
1283,7,7,8,7,13,4,6
1284,23,23,13,7,13,32,12
1285,0,0,3,4,7,9,3
1286,9,17,33,26,15,19,20
1287,2,9,4,7,7,4,7
1288,14,23,8,4,9,4,2
1289,5,14,21,23,17,28,17
1290,9,6,8,4,6,19,6
1291,41,39,48,56,70,78,75
1292,46,53,46,50,26,68,43
1293,5,4,5,4,5,10,10
1294,10,20,18,6,11,20,22
1295,13,8,7,9,11,13,7
1296,6,7,11,14,31,36,19
1297,10,19,15,16,20,23,19
1298,3,7,8,8,3,9,13
1299,25,32,16,21,23,15,28
1300,4,3,3,3,3,3,5
1301,37,29,19,34,29,28,29
1302,14,15,30,26,34,39,28
1303,0,0,0,0,1,0,0
1304,10,5,1,4,13,6,13
1305,3,4,4,1,10,4,1
1306,1,7,3,4,5,13,0
1307,7,6,3,11,3,11,14
1308,9,9,8,6,17,13,7
1309,8,8,10,9,8,5,18
1310,18,5,11,13,7,14,15
1311,47,50,85,63,87,83,69
1312,22,25,41,22,20,27,33
1313,37,30,44,36,57,48,65
1314,14,19,28,24,12,20,14
1315,9,13,21,9,15,25,11
1316,4,6,4,1,1,6,7
1317,4,4,7,5,5,10,17
1318,0,4,1,5,2,3,2
1319,5,12,1,6,12,11,7
1320,3,2,4,3,3,3,9
1321,0,2,3,1,5,5,2
1322,431,490,780,624,822,693,541
1323,8,6,6,3,10,5,3
1324,8,15,11,6,7,6,9
1325,11,6,11,16,8,10,10
1326,6,3,8,8,19,16,5
1327,7,3,5,7,10,8,5
1328,8,7,10,12,15,19,19
1329,0,0,1,1,3,1,0
1330,22,42,18,9,24,16,17
1331,4,6,2,6,5,3,5
1332,17,22,15,7,31,31,22
1333,1,4,0,5,0,1,3
1334,0,0,1,0,1,4,0
1335,6,12,5,2,7,11,5
1336,2,0,0,0,0,1,0
1337,13,15,13,11,23,20,19
1338,18,37,27,27,21,17,26
1339,12,11,7,9,17,12,13
1340,26,26,44,45,57,50,64
1341,7,4,13,5,9,4,1
1342,6,3,4,6,12,5,5
1343,0,2,1,3,7,5,2
1344,2,0,4,1,1,2,1
1345,9,4,5,3,1,4,2
1346,27,18,22,19,41,39,35
1347,9,7,6,9,24,12,11
1348,17,7,9,27,14,29,24
1349,22,5,17,9,11,17,14
1350,35,30,32,26,78,49,43
1351,0,1,4,0,2,4,1
1352,6,20,7,8,19,6,7
1353,12,6,12,12,13,12,8
1354,2,9,10,6,19,14,3
1355,22,28,25,28,35,36,34
1356,17,30,38,19,63,52,24
1357,15,11,8,15,6,10,16
1358,9,21,26,21,18,20,13
1359,0,4,2,4,8,11,12
1360,0,0,0,3,1,2,0
1361,2,0,0,1,1,0,0
1362,71,72,72,79,109,117,108
1363,11,13,8,4,14,17,13
1364,1,5,9,8,20,18,5
1365,15,25,16,25,26,30,22
1366,0,1,2,2,2,0,0
1367,1,4,7,8,8,5,5
1368,3,2,0,1,2,5,1
1369,2,4,3,2,4,8,3
1370,6,3,3,5,8,5,7
1371,10,6,12,3,11,3,8
1372,7,8,5,9,6,5,17
1373,11,8,11,5,11,28,22
1374,14,6,12,6,7,9,10
1375,2,1,2,1,2,2,3
1376,87,98,91,83,126,98,84
1377,40,33,27,42,39,55,36
1378,2,6,9,3,10,4,6
1379,0,0,0,1,2,1,0
1380,2,2,6,6,8,10,6
1381,5,4,5,6,9,7,6
1382,1,0,4,1,0,1,1
1383,2,2,2,3,3,0,2
1384,3,3,1,7,4,3,10
1385,3,1,1,2,1,0,0
1386,1,3,5,5,1,3,3
1387,2,1,2,2,2,1,1
1388,28,24,16,22,32,37,23
1389,3,7,5,3,19,10,8
1390,2,1,0,1,0,3,5
1391,2,0,2,2,1,1,0
1392,7,1,22,10,15,14,8
1393,7,10,10,6,18,15,9
1394,3,1,3,1,0,2,1
1395,24,16,14,19,24,19,12
1396,3,1,6,1,1,1,2
1397,30,23,15,24,35,45,41
1398,3,7,5,8,5,8,4
1399,10,9,10,12,22,19,11
1400,3,7,2,0,1,1,1
1401,13,16,13,19,23,18,10
1402,5,1,3,8,6,0,5
1403,2,2,1,0,2,3,2
1404,6,6,9,8,10,3,3
1405,1,0,2,2,1,3,4
1406,1,3,4,2,2,8,4
1407,2,1,5,4,5,4,1
1408,6,2,2,2,6,3,3
1409,56,60,50,29,69,80,87
1410,9,10,8,13,13,14,15
1411,23,24,34,24,36,35,23
1412,5,14,11,15,29,29,22
1413,2,2,5,5,7,5,5
1414,0,0,3,1,1,3,0
1415,1,0,5,3,1,1,4
1416,1,10,4,1,4,6,2
1417,1,2,4,8,16,9,8
1418,2,2,8,3,3,0,2
1419,0,1,5,4,5,10,4
1420,1,1,0,2,1,0,1
1421,7,7,10,9,6,14,4
1422,7,8,13,24,33,25,20
1423,6,2,4,6,11,7,5
1424,22,16,19,12,27,33,36
1425,2,0,2,2,0,0,0
1426,2,2,5,2,0,1,6
1427,186,191,219,220,286,317,311
1428,16,13,16,4,18,13,20
1429,4,4,2,5,0,10,3
1430,0,1,0,1,0,1,1
1431,8,11,14,11,9,10,20
1432,26,31,33,15,30,29,33
1433,1,1,4,4,1,0,1
1434,4,11,11,9,7,9,9
1435,3,8,6,15,7,10,6
1436,10,10,13,6,6,15,9
1437,7,12,26,21,15,21,22
1438,21,41,44,37,49,63,53
1439,9,5,7,5,5,9,3
1440,30,31,24,29,26,18,29
1441,3,6,2,4,2,2,7
1442,5,1,5,3,8,7,3
1443,2,8,10,14,20,9,10
1444,3,6,6,6,5,6,2
1445,0,1,4,2,0,3,6
1446,1,0,3,1,0,0,3
1447,2,1,1,2,1,1,5
1448,37,53,43,37,74,76,59
1449,15,12,16,13,19,16,15
1450,14,11,11,14,22,20,19
1451,5,15,16,16,20,19,10
1452,23,24,30,24,49,45,27
1453,23,23,11,19,37,31,28
1454,16,8,20,15,28,22,19
1455,5,4,4,4,1,1,0
1456,8,8,21,13,12,10,15
1457,1,2,2,3,7,1,6
1458,23,25,35,26,43,44,39
1459,11,13,8,13,19,31,19
1460,8,14,17,7,19,28,4
1461,19,19,16,26,22,31,37
1462,3,2,2,2,4,0,3
1463,2,4,6,3,4,6,2
1464,1,5,5,4,5,3,0
1465,6,4,8,8,17,39,25
1466,6,9,3,6,2,9,5
1467,43,31,48,35,41,40,60
1468,3,3,2,0,9,2,4
1469,59,69,86,70,107,113,98
1470,2,3,9,1,10,8,1
1471,9,11,18,13,27,16,19
1472,6,7,11,6,33,23,6
1473,2,9,2,2,4,3,0
1474,2,6,10,6,5,3,7
1475,16,19,10,20,18,18,16
1476,1,1,1,0,0,1,0
1477,27,35,24,40,24,16,30
1478,333,388,293,224,251,348,262
1479,5,6,10,13,13,8,18
1480,22,41,31,24,26,27,28
1481,26,18,9,8,8,7,8
1482,15,11,24,12,28,35,8
1483,20,26,11,30,21,37,35
1484,25,34,16,27,37,36,25
1485,12,15,19,24,36,30,23
1486,7,4,6,24,17,23,21
1487,1,0,4,3,3,5,2
1488,0,1,0,0,0,0,0
1489,22,33,26,20,31,29,52
1490,30,18,19,33,55,64,62
1491,17,15,15,23,15,18,21
1492,1,3,0,2,7,0,3
1493,2,2,1,2,0,1,0
1494,5,3,8,6,9,4,7
1495,1,0,0,0,1,0,0
1496,3,2,5,5,3,0,1
1497,0,0,0,1,0,1,0
1498,1,1,1,1,6,5,1
1499,0,0,2,2,2,1,1
1500,0,3,1,4,0,0,0
1501,1,0,3,2,2,2,2
1502,4,0,5,4,8,2,3
1503,20,13,17,13,4,6,11
1504,1,2,6,3,0,11,1
1505,1,2,0,0,3,0,1
1506,48,57,58,63,84,76,72
1507,1,1,1,3,2,1,4
1508,0,0,0,0,0,0,0
1509,13,16,14,17,12,15,12
1510,2,1,0,1,2,1,0
1511,4,11,1,2,11,7,9
1512,29,34,55,50,61,55,66
1513,19,19,17,32,41,47,18
1514,6,9,8,5,6,5,8
1515,7,1,5,5,4,5,8
1516,1,3,0,2,1,0,3
1517,7,8,13,5,15,10,13
1518,54,61,55,83,101,95,82
1519,3,12,15,12,15,25,12
1520,2,0,1,1,3,0,2
1521,7,7,5,5,7,6,10
1522,1,3,1,2,5,3,2
1523,8,21,11,8,19,13,25
1524,37,27,20,15,32,36,23
1525,95,83,103,80,118,123,122
1526,5,3,2,1,2,5,2
1527,17,18,17,13,27,16,10
1528,17,10,10,11,17,21,13
1529,4,1,3,1,2,7,5
1530,13,21,25,33,17,28,19
1531,8,8,3,3,12,4,8
1532,7,13,3,6,8,8,17
1533,13,7,11,18,16,17,9
1534,2,1,0,0,0,0,0
1535,16,14,12,12,44,74,51
1536,0,4,1,7,1,1,2
1537,15,9,14,16,40,28,17
1538,19,32,23,21,34,44,30
1539,623,511,963,935,1139,1010,962
1540,9,19,25,27,31,38,25
1541,14,8,9,12,19,10,24
1542,13,14,10,2,7,14,14
1543,3,3,0,0,3,2,5
1544,11,6,9,8,16,15,16
1545,2,3,4,2,0,1,0
1546,2,4,8,2,4,4,5
1547,44,35,34,38,71,64,37
1548,0,1,1,0,1,2,0
1549,2,0,2,2,1,0,0
1550,3,2,2,3,7,0,6
1551,10,15,25,21,27,27,28
1552,18,31,24,25,26,27,19
1553,28,54,34,40,84,66,51
1554,7,10,4,4,11,11,8
1555,3,5,8,12,3,3,1
1556,4,8,4,7,5,14,8
1557,30,50,46,43,77,63,45
1558,0,1,0,2,5,0,3
1559,35,42,42,54,58,63,60
1560,26,26,36,47,58,35,37
1561,3,1,3,1,1,4,4
1562,1,6,8,5,5,4,2
1563,2,5,4,4,3,0,7
1564,16,23,17,13,16,21,21
1565,3,2,6,2,2,2,2
1566,1,0,1,1,1,0,2
1567,7,3,2,5,2,5,1
1568,34,12,10,5,51,30,19
1569,0,1,1,1,0,3,2
1570,0,0,4,1,2,1,0
1571,8,4,13,8,4,2,9
1572,29,42,26,16,27,22,19
1573,5,5,4,1,3,0,9
1574,9,10,13,6,8,21,21
1575,6,3,3,4,15,8,3
1576,23,50,43,23,35,39,29
1577,6,6,7,6,9,22,18
1578,0,3,0,0,1,3,2
1579,11,21,12,19,17,17,20
1580,4,1,3,2,11,5,4
1581,5,5,9,3,7,11,4
1582,7,12,13,8,14,11,8
1583,19,30,14,28,17,19,17
1584,4,4,2,0,2,1,0
1585,1,5,2,6,11,7,6
1586,32,24,22,30,37,37,32
1587,7,14,7,14,14,13,9
1588,21,27,18,28,20,30,14
1589,5,0,5,1,5,6,3
1590,30,20,32,27,30,33,40
1591,6,7,14,6,23,13,9
1592,8,8,12,7,6,15,7
1593,14,6,11,13,19,16,20
1594,19,7,13,24,11,12,11
1595,151,142,155,145,194,180,218
1596,11,2,5,6,4,4,3
1597,3,9,11,5,13,6,6
1598,0,0,0,0,0,1,0
1599,6,2,3,0,4,0,7
1600,4,2,2,1,4,7,1
1601,6,3,15,6,9,3,11
1602,9,8,5,9,10,8,1
1603,8,12,15,21,9,18,17
1604,10,13,9,19,11,16,10
1605,13,9,9,14,27,20,19
1606,8,9,6,5,7,2,8
1607,7,7,12,5,10,20,9
1608,5,8,4,3,3,6,0
1609,9,13,10,8,9,6,8
1610,7,5,4,9,11,12,12
1611,9,8,2,9,28,25,21
1612,0,0,0,2,1,0,0
1613,0,0,0,1,0,0,1
1614,12,11,16,11,10,19,9
1615,0,2,1,2,0,0,0
1616,11,11,11,13,25,24,25
1617,0,2,2,2,2,3,0
1618,17,14,17,16,28,25,26
1619,15,9,6,9,4,5,11
1620,3,2,8,5,6,4,10
1621,3,5,6,5,1,3,13
1622,1,0,1,1,3,0,0
1623,24,21,21,31,42,33,29
1624,43,49,51,47,53,72,48
1625,0,2,2,0,1,1,0
1626,8,3,5,8,2,18,2
1627,10,22,15,9,13,24,36
1628,1,4,1,4,3,4,1
1629,55,50,57,77,125,77,87
1630,7,5,7,5,5,13,8
1631,6,13,13,9,15,14,4
1632,2,0,0,2,0,0,1
1633,16,16,27,17,42,36,41
1634,1,4,3,7,4,9,5
1635,8,10,8,8,9,6,11
1636,6,4,10,4,4,5,6
1637,1,0,2,1,3,2,2
1638,3,4,2,3,10,7,0
1639,33,30,34,36,49,50,53
1640,1,2,0,0,2,0,2
1641,2,5,7,6,4,5,7
1642,17,12,17,19,16,17,32
1643,10,21,19,20,13,12,9
1644,17,12,26,7,10,9,11
1645,9,14,8,6,13,13,9
1646,62,60,38,50,75,89,69
1647,23,9,17,22,16,29,19
1648,1,0,0,2,3,1,3
1649,30,15,21,26,29,23,19
1650,10,5,9,5,9,12,7
1651,11,13,24,24,23,22,30
1652,4,2,3,3,7,5,4
1653,5,0,4,2,2,3,6
1654,18,13,17,22,32,26,13
1655,5,4,5,7,6,6,7
1656,2,6,13,7,9,8,5
1657,2,3,0,2,0,3,1
1658,7,9,12,6,18,11,9
1659,11,7,11,8,16,13,22
1660,21,15,18,23,22,52,25
1661,7,16,6,8,11,10,8
1662,11,10,22,11,13,39,15
1663,13,15,9,12,19,34,32
1664,13,17,18,31,29,32,9
1665,3,0,0,0,1,1,0
1666,20,18,15,24,47,48,42
1667,10,15,17,16,23,11,18
1668,2,1,1,2,2,1,6
1669,7,2,5,2,5,7,5
1670,468,500,527,601,885,708,736
1671,6,5,3,7,11,5,4
1672,38,21,43,54,70,65,68
1673,19,24,21,31,44,30,37
1674,5,3,5,7,10,9,5
1675,5,3,4,2,5,5,3
1676,1,1,0,1,0,0,0
1677,651,664,636,843,1093,1104,1014
1678,5,1,1,2,2,1,10
1679,7,5,5,6,10,5,3
1680,1,1,1,0,0,2,3
1681,2,3,3,0,6,2,2
1682,10,17,7,12,12,6,17
1683,3,13,5,5,10,7,10
1684,5,3,2,8,16,9,12
1685,6,4,12,6,9,17,8
1686,2,0,0,0,0,0,1
1687,13,8,7,7,13,18,13
1688,2,3,4,0,4,5,4
1689,21,10,14,27,42,19,15
1690,17,30,25,16,33,36,68
1691,0,1,2,2,3,6,0
1692,48,43,48,62,72,224,131
1693,2,2,1,1,0,7,2
1694,1,0,0,0,2,0,2
1695,0,3,0,0,2,0,0
1696,1,0,0,1,0,1,0
1697,2,2,6,5,6,4,6
1698,1,1,1,2,5,0,5
1699,26,23,12,9,16,21,19
1700,11,16,12,20,22,17,13
1701,2,9,3,5,3,5,3
1702,1,4,3,1,2,4,3
1703,9,3,5,2,12,2,13
1704,8,5,9,10,9,6,21
1705,1,0,0,0,0,1,2
1706,0,0,1,0,4,5,1
1707,5,9,12,11,7,12,5
1708,0,4,0,3,0,2,1
1709,4,2,0,2,0,0,0
1710,21,15,5,10,9,13,6
1711,0,1,1,4,0,1,2
1712,30,48,23,30,20,29,49
1713,2,2,6,6,12,6,6
1714,3,2,3,4,2,4,10
1715,2,9,7,18,18,20,7
1716,4,2,4,3,1,1,2
1717,17,16,12,8,15,19,21
1718,4,9,6,5,5,3,4
1719,3,9,6,7,3,5,7
1720,23,22,17,18,19,19,17
1721,3,2,1,2,1,1,0
1722,13,2,2,2,2,5,3
1723,28,35,54,28,46,24,74
1724,1,2,4,1,2,8,4
1725,8,9,10,6,11,8,8
1726,27,32,35,29,45,59,43
1727,3,4,5,2,8,4,6
1728,0,0,4,3,0,1,2
1729,4,4,7,6,4,10,1
1730,42,46,41,51,64,67,49
1731,0,1,0,0,0,0,2
1732,16,23,15,21,48,37,13
1733,2,5,2,3,1,1,2
1734,1,0,0,1,1,0,0
1735,15,8,14,12,13,31,12
1736,2,4,7,3,10,7,1
1737,7,7,2,4,5,10,5
1738,0,0,1,0,1,1,0
1739,12,15,12,15,22,6,11
1740,1,0,0,1,1,1,2
1741,1,0,1,3,3,0,1
1742,6,1,3,1,2,0,7
1743,4,8,3,4,17,7,16
1744,14,7,5,13,17,17,23
1745,44,37,31,33,68,61,49
1746,11,11,10,10,14,15,7
1747,4,3,6,4,20,11,4
1748,26,34,32,22,42,50,41
1749,0,4,5,1,2,3,2
1750,3,7,6,8,10,12,20
1751,25,15,13,15,27,24,27
1752,0,0,0,0,0,0,0
1753,2,3,3,1,1,0,0
1754,2,5,5,5,5,0,3
1755,3,3,4,2,5,6,0
1756,16,19,23,28,31,48,26
1757,0,0,0,0,0,0,0
1758,4,3,5,8,13,15,9
1759,7,6,7,1,3,4,1
1760,16,16,14,21,19,20,22
1761,31,14,16,23,32,50,9
1762,2,2,3,0,3,6,8
1763,17,7,4,7,22,9,10
1764,0,0,2,0,2,0,0
1765,18,15,18,13,17,19,31
1766,1,0,1,1,1,0,0
1767,4,6,8,19,6,16,21
1768,6,3,3,4,7,6,3
1769,1,0,3,0,15,5,0
1770,6,9,3,7,8,17,9
1771,1,0,2,3,6,3,4
1772,1,3,2,2,4,2,0
1773,12,8,18,13,9,11,9
1774,6,4,3,2,5,5,3
1775,43,17,17,19,29,44,18
1776,10,9,11,12,24,11,12
1777,1,6,5,3,6,6,3
1778,0,2,0,0,0,3,4
1779,14,7,9,7,15,5,26
1780,11,5,6,12,18,15,15
1781,1,5,3,9,0,3,4
1782,0,0,0,0,0,0,0
1783,42,43,49,58,57,76,62
1784,29,29,30,27,35,27,49
1785,3,1,1,0,3,1,3
1786,196,258,209,186,179,290,193
1787,5,7,2,3,2,9,5
1788,70,53,56,64,68,61,68
1789,5,1,3,2,3,4,2
1790,13,13,11,12,11,16,20
1791,10,7,19,8,6,15,14
1792,8,2,10,14,11,13,13
1793,0,0,0,4,0,0,0
1794,4,7,4,5,8,8,7
1795,6,1,6,2,9,8,5
1796,4,10,9,4,13,8,4
1797,3,3,1,3,1,3,5
1798,7,4,3,4,1,4,1
1799,1,3,0,1,0,1,4
1800,8,14,6,17,20,12,19
1801,47,48,41,27,59,55,30
1802,6,4,5,4,9,10,10
1803,6,4,12,12,6,8,7
1804,19,14,12,20,52,53,12
1805,20,20,14,12,17,29,18
1806,0,0,0,0,4,1,0
1807,11,14,11,14,41,51,11
1808,13,7,3,2,7,7,11
1809,8,6,3,13,12,6,19
1810,1,5,2,8,7,3,5
1811,1,0,1,0,2,0,1
1812,8,12,4,11,4,11,5
1813,3,9,7,3,12,5,1
1814,7,4,5,5,2,1,0
1815,0,0,0,0,1,0,1
1816,4,4,8,1,5,9,3
1817,15,21,22,24,17,15,13
1818,6,5,3,4,7,2,8
1819,1,5,0,7,3,4,11
1820,7,8,7,6,16,19,14
1821,26,25,39,49,101,87,83
1822,4,2,4,4,2,3,4
1823,176,193,258,267,290,303,252
1824,5,4,12,9,16,3,3
1825,6,4,6,1,11,17,6
1826,7,5,9,4,9,4,17
1827,1,10,1,2,5,1,3
1828,14,17,18,13,10,21,20
1829,24,14,10,15,34,32,25
1830,15,26,21,32,35,29,7
1831,2,11,3,5,1,12,13
1832,1,0,0,0,3,2,0
1833,3,13,10,4,13,7,15
1834,0,1,1,1,0,0,0
1835,15,11,10,6,9,16,7
1836,10,13,10,13,27,34,24
1837,5,12,8,10,9,9,4
1838,3,1,3,1,1,0,1
1839,16,11,12,9,15,16,6
1840,4,6,3,3,9,10,2
1841,7,7,16,12,19,25,17
1842,1,5,8,3,4,7,8
1843,0,0,0,1,1,0,1
1844,15,15,13,18,19,21,10
1845,0,0,1,1,0,1,0
1846,19,15,16,21,37,44,29
1847,2,2,1,0,0,4,2
1848,43,44,37,54,67,70,67
1849,1,1,0,2,5,1,3
1850,1,4,1,5,2,2,2
1851,5,6,11,3,1,12,5
1852,1,1,1,1,2,0,2
1853,17,17,10,8,15,9,13
1854,5,5,4,3,6,4,3
1855,0,0,4,2,0,2,3
1856,3,5,1,1,1,1,5
1857,4,8,4,7,8,11,6
1858,1,4,0,0,1,3,0
1859,26,44,41,29,41,45,57
1860,4,3,4,4,6,6,0
1861,16,15,14,4,6,17,24
1862,1,2,2,4,3,6,0
1863,1,2,3,4,8,4,2
1864,0,1,2,1,1,2,1
1865,4,6,15,7,20,18,15
1866,3,2,7,6,1,5,3
1867,4,10,3,1,1,3,2
1868,25,18,21,21,32,17,18
1869,42,44,35,23,49,44,36
1870,5,3,6,4,0,6,4
1871,5,13,7,12,15,25,11
1872,5,0,5,8,15,7,8
1873,10,3,7,4,8,11,5
1874,27,51,46,49,75,47,60
1875,1,4,1,0,1,1,1
1876,20,53,21,29,23,42,51
1877,12,8,10,3,11,2,5
1878,1,0,1,0,1,2,4
1879,1,0,4,3,1,5,1
1880,8,7,4,4,16,7,7
1881,11,14,12,5,17,13,12
1882,20,22,19,21,34,27,21
1883,95,74,134,142,180,146,142
1884,4,6,7,2,15,6,11
1885,1,5,8,4,11,21,5
1886,42,30,51,36,69,14,46
1887,7,2,4,3,4,5,1
1888,7,7,4,8,7,3,10
1889,0,0,0,0,0,0,1
1890,1,2,1,2,1,1,0
1891,5,1,6,2,3,4,7
1892,32,29,15,15,19,21,10
1893,18,18,12,3,16,16,8
1894,2,1,0,0,0,2,0
1895,7,7,7,10,13,16,20
1896,1,3,1,1,1,0,0
1897,6,3,11,3,3,6,0
1898,23,26,21,23,17,26,26
1899,4,6,9,5,11,8,7
1900,0,0,0,0,0,0,2
1901,2,2,1,3,6,9,3
1902,7,0,3,3,4,5,2
1903,13,19,26,32,46,74,25
1904,3,4,5,4,2,7,11
1905,1,1,1,0,2,0,4
1906,35,29,47,44,39,55,52
1907,6,6,4,1,1,2,3
1908,25,17,17,9,33,18,22
1909,4,5,3,8,2,7,7
1910,5,1,0,1,2,3,4
1911,645,717,684,749,1232,1172,1017
1912,5,14,8,8,14,21,11
1913,6,4,6,3,3,3,5
1914,2,1,1,1,1,2,0
1915,5,0,7,4,2,7,14
1916,0,2,0,2,0,0,1
1917,9,6,7,9,12,16,11
1918,2,3,3,2,0,0,1
1919,24,28,20,20,16,22,17
1920,1,3,1,2,0,1,5
1921,12,8,15,16,24,22,21
1922,7,5,9,7,16,10,7
1923,7,11,10,9,16,17,20
1924,29,17,35,51,27,40,37
1925,2,1,1,0,4,1,5
1926,11,9,2,6,7,6,11
1927,7,6,6,9,11,9,7
1928,38,39,71,104,68,59,48
1929,1,2,2,0,0,2,1
1930,41,30,7,13,23,12,5
1931,8,8,12,6,6,20,5
1932,4,3,1,0,4,6,3
1933,7,4,7,10,14,14,10
1934,25,19,25,19,38,57,48
1935,244,253,214,327,265,384,318
1936,11,17,22,17,38,34,25
1937,0,3,0,1,4,0,4
1938,20,6,16,12,43,25,16
1939,6,8,8,9,10,7,3
1940,11,16,10,10,17,15,15
1941,7,7,8,4,7,8,7
1942,10,13,9,16,35,13,15
1943,8,3,6,6,3,9,9
1944,26,22,22,29,22,34,23
1945,12,15,17,14,24,31,14
1946,1,5,6,9,5,9,3
1947,1,0,0,2,0,0,0
1948,6,3,3,6,4,4,4
1949,2,3,2,0,2,1,2
1950,8,14,8,9,22,42,26
1951,34,44,32,28,42,47,44
1952,10,13,9,11,13,13,5
1953,6,12,18,11,17,23,17
1954,5,7,9,15,5,17,5
1955,11,17,13,21,43,28,25
1956,2,4,3,4,4,3,3
1957,0,0,2,0,4,0,1
1958,5,3,3,6,1,7,1
1959,8,4,13,21,12,5,12
1960,40,46,58,51,53,68,41
1961,1,2,3,0,4,2,1
1962,10,3,8,2,3,1,0
1963,2,2,2,0,0,0,1
1964,3,3,4,7,10,17,2
1965,6,3,8,5,9,2,5
1966,0,5,7,2,2,5,2
1967,0,3,0,8,2,2,4
1968,1,1,2,0,0,2,3
1969,13,10,14,11,18,18,16
1970,8,6,8,7,2,7,2
1971,7,1,0,1,1,1,6
1972,27,10,15,17,20,38,9
1973,3,6,6,13,15,11,8
1974,5,2,4,3,2,1,0
1975,15,23,25,17,30,34,39
1976,34,49,46,66,72,67,105
1977,29,38,35,32,36,35,35
1978,7,10,12,6,4,12,12
1979,2,2,7,3,9,5,1
1980,12,13,18,22,29,16,23
1981,3,4,3,3,3,10,6
1982,11,4,9,6,9,13,19
1983,2,4,3,8,9,4,9
1984,4,2,4,1,2,3,5
1985,14,26,20,25,23,24,19
1986,21,14,10,24,33,24,31
1987,1,1,1,1,2,5,1
1988,6,10,11,7,41,45,41
1989,9,7,9,10,14,4,9
1990,20,13,21,13,18,22,27
1991,0,0,3,2,1,3,0
1992,67,63,74,90,127,158,93
1993,3,2,2,3,2,7,6
1994,1,4,2,0,5,1,1
1995,3,1,2,2,4,1,2
1996,14,6,10,2,8,8,12
1997,0,5,4,5,6,4,2
1998,35,29,29,35,16,26,38
1999,2,4,5,4,15,17,24
2000,14,13,16,12,11,3,15
