shop_id,city_name,location_id,per_pay,score,comment_cnt,shop_level,cate_1_name,cate_2_name,cate_3_name,count_user_pay_2016_10_07,count_user_pay_2016_10_08
1,0,885,8,4,12,2,0,0,0,259.0,247.0
2,1,64,19,0,0,1,1,1,1,95.0,34.0
3,2,774,5,3,2,0,0,0,2,90.0,70.0
4,3,380,18,0,0,1,1,1,1,139.0,112.0
5,4,263,2,2,2,0,0,2,3,180.0,298.0
6,5,1139,13,3,1,0,0,3,4,79.0,93.0
7,6,145,13,3,9,2,0,4,5,113.0,96.0
8,4,234,16,3,1,0,0,2,3,60.0,82.0
9,4,1120,15,4,0,1,1,1,1,263.0,227.0
10,7,98,10,0,0,0,1,1,1,93.0,100.0
11,8,134,12,3,1,0,0,5,6,46.0,81.0
12,9,786,20,1,2,0,0,6,7,111.0,56.0
13,4,286,6,0,2,0,0,4,8,232.0,217.0
14,10,862,7,1,4,2,0,4,8,61.0,65.0
15,11,101,19,0,0,0,1,1,1,182.0,133.0
16,12,510,17,3,3,2,0,5,6,59.0,49.0
17,13,707,15,2,7,2,0,4,5,89.0,89.0
18,14,260,7,4,1,0,0,7,9,82.0,63.0
19,8,701,11,3,5,2,0,0,0,179.0,150.0
20,15,251,5,2,3,0,0,8,10,100.0,157.0
21,8,860,9,3,1,0,0,3,11,127.0,67.0
22,16,777,6,2,3,2,0,3,4,79.0,86.0
23,17,645,3,3,0,1,1,9,1,2.0,18.0
24,18,1058,12,2,2,1,0,10,12,64.0,43.0
25,19,354,14,3,9,2,0,4,5,113.0,97.0
26,13,620,12,1,3,1,0,4,8,136.0,72.0
27,20,109,2,3,2,1,0,4,8,73.0,84.0
28,21,975,14,2,4,2,0,4,5,83.0,66.0
29,15,552,6,1,2,0,0,5,13,125.0,86.0
30,22,498,7,2,2,2,0,4,5,57.0,58.0
31,23,571,18,0,0,1,1,1,1,467.0,412.0
32,4,789,2,4,0,1,1,9,1,127.0,397.0
33,24,1159,20,0,0,1,1,1,1,110.0,84.0
34,25,680,4,3,10,0,0,0,2,401.0,353.0
35,26,296,18,2,0,0,1,1,1,171.0,203.0
36,22,795,17,4,0,0,1,1,1,90.0,67.0
37,8,639,9,3,4,2,0,4,5,239.0,168.0
38,15,36,2,3,0,0,1,9,1,62.0,94.0
39,8,205,9,2,6,0,0,2,3,332.0,220.0
40,0,1125,18,0,0,0,1,1,1,92.0,85.0
41,8,1054,10,3,9,2,0,4,5,264.0,132.0
42,12,198,1,3,2,0,0,0,2,105.0,81.0
43,27,102,15,2,3,2,0,4,5,159.0,114.0
44,28,1088,20,4,5,2,0,7,14,67.0,52.0
45,9,436,16,1,0,0,0,6,15,56.0,38.0
46,25,575,10,0,0,1,1,1,1,116.0,177.0
47,23,322,6,0,0,1,1,9,1,51.0,156.0
48,6,516,18,0,0,0,1,1,1,497.0,467.0
49,29,253,19,3,0,1,1,1,1,437.0,448.0
50,8,93,14,3,0,2,0,3,4,75.0,75.0
51,23,659,12,2,3,2,0,4,8,29.0,65.0
52,6,192,7,3,2,0,0,0,2,112.0,76.0
53,4,264,2,0,0,1,1,9,1,98.0,110.0
54,12,423,9,0,0,1,1,1,1,323.0,404.0
55,8,357,10,3,8,2,0,4,5,277.0,273.0
56,24,55,14,3,6,2,0,4,5,58.0,53.0
57,8,229,14,2,8,2,0,4,5,440.0,372.0
58,4,1093,19,3,2,1,1,1,1,1631.0,1664.0
59,8,229,4,0,0,1,1,9,1,274.0,216.0
60,24,730,8,3,5,2,0,3,4,147.0,128.0
61,13,203,4,3,1,0,0,5,16,61.0,78.0
62,30,872,15,3,7,2,0,4,5,96.0,74.0
63,18,158,17,0,0,0,1,1,1,231.0,217.0
64,24,197,1,4,6,0,0,0,17,108.0,143.0
65,8,731,20,0,0,1,1,1,1,0.0,289.0
66,9,58,2,1,0,1,1,9,1,96.0,61.0
67,25,297,7,1,2,0,0,5,16,64.0,55.0
68,15,490,3,0,0,1,1,9,1,54.0,68.0
69,25,422,14,3,1,0,2,11,1,106.0,116.0
70,23,667,15,4,2,2,0,3,11,78.0,45.0
71,23,761,9,3,2,1,0,3,4,120.0,140.0
72,15,552,17,4,0,1,1,1,1,486.0,498.0
73,31,780,16,0,0,0,1,1,1,100.0,100.0
74,8,898,12,1,1,0,0,4,18,93.0,101.0
75,20,1104,1,4,1,0,0,0,2,29.0,43.0
76,13,687,19,3,1,0,0,3,4,62.0,49.0
77,9,429,17,1,2,0,0,0,19,139.0,105.0
78,8,699,8,1,1,0,0,4,8,52.0,51.0
79,8,1033,15,2,3,1,0,4,8,39.0,98.0
80,32,874,17,0,0,0,1,1,1,51.0,58.0
81,8,943,3,3,0,0,0,2,3,83.0,120.0
82,15,47,6,1,4,1,0,6,20,67.0,115.0
83,33,180,12,3,5,1,0,4,5,136.0,88.0
84,8,697,11,3,3,0,0,3,4,384.0,154.0
85,31,138,12,3,5,2,0,4,5,77.0,71.0
86,24,910,19,3,0,1,1,1,1,164.0,119.0
87,14,122,5,2,1,0,0,4,8,17.0,123.0
88,18,665,13,3,13,2,0,4,5,426.0,385.0
89,16,754,17,4,0,1,1,1,1,58.0,32.0
90,8,507,15,3,6,2,0,3,4,309.0,222.0
91,14,930,18,0,0,0,1,1,1,115.0,79.0
92,24,818,19,4,0,1,1,1,1,167.0,123.0
93,10,813,5,0,1,0,0,4,8,106.0,172.0
94,10,79,10,3,1,0,0,3,21,101.0,149.0
95,20,682,4,3,1,0,0,5,16,63.0,81.0
96,12,65,1,3,2,0,0,5,16,116.0,112.0
97,34,240,4,3,0,0,0,2,3,154.0,167.0
98,15,587,12,1,1,1,0,4,8,79.0,96.0
99,35,692,5,4,1,0,0,2,3,0.0,1.0
100,25,215,8,3,13,2,0,4,5,252.0,375.0
101,18,585,5,3,3,0,0,12,22,82.0,95.0
102,4,914,13,0,0,0,1,1,1,114.0,107.0
103,23,977,4,1,1,0,0,5,6,66.0,93.0
104,14,939,13,2,5,2,0,4,5,58.0,107.0
105,31,15,14,3,7,2,0,4,5,99.0,83.0
106,15,309,2,4,0,0,1,9,1,51.0,95.0
107,4,1093,7,3,3,0,0,0,2,106.0,57.0
108,8,1010,8,2,3,2,0,4,5,112.0,96.0
109,32,622,11,0,0,0,1,9,1,108.0,90.0
110,23,982,7,0,0,1,1,9,1,102.0,158.0
111,23,430,9,3,3,2,0,0,0,61.0,72.0
112,36,204,18,3,0,1,1,1,1,147.0,129.0
113,13,1107,1,0,0,0,1,1,1,73.0,129.0
114,8,134,9,3,15,2,0,4,5,377.0,437.0
115,4,89,6,2,6,0,0,4,8,371.0,422.0
116,4,386,2,0,0,0,1,1,1,35.0,339.0
117,4,523,20,0,3,2,0,6,23,229.0,146.0
118,23,652,8,2,0,0,0,4,8,37.0,83.0
119,37,1087,10,3,2,2,0,4,5,60.0,51.0
120,4,1111,14,0,0,0,1,1,1,268.0,292.0
121,8,406,8,3,3,2,0,4,8,55.0,47.0
122,8,572,16,3,1,0,0,4,18,50.0,49.0
123,23,114,10,2,3,0,0,2,3,144.0,113.0
124,4,1094,17,3,0,1,1,1,1,379.0,400.0
125,5,877,11,4,3,2,0,4,5,79.0,60.0
126,24,112,5,3,0,0,0,5,6,90.0,85.0
127,12,317,13,1,3,1,0,4,5,110.0,71.0
128,18,665,20,2,1,2,0,10,12,62.0,35.0
129,9,46,20,4,0,1,1,1,1,210.0,193.0
130,25,130,18,4,0,1,1,1,1,264.0,330.0
131,12,917,15,4,3,0,0,2,3,68.0,58.0
132,38,768,13,3,2,0,0,4,5,65.0,59.0
133,15,494,10,2,2,0,0,4,8,53.0,89.0
134,9,764,1,3,1,0,0,5,6,250.0,335.0
135,8,828,7,4,4,0,0,0,2,171.0,162.0
136,12,510,10,3,3,2,0,3,4,106.0,61.0
137,9,436,15,3,1,0,0,3,4,62.0,73.0
138,8,642,16,1,4,0,0,5,16,187.0,227.0
139,8,244,12,3,4,1,0,4,5,89.0,65.0
140,23,1043,5,0,0,1,1,9,1,72.0,251.0
141,23,658,17,0,0,0,1,1,1,51.0,41.0
142,4,789,2,0,0,1,1,9,1,228.0,406.0
143,23,476,3,2,2,0,0,4,8,108.0,116.0
144,8,1054,5,4,2,0,0,0,2,157.0,90.0
145,39,988,15,2,5,2,0,4,5,58.0,58.0
146,14,1075,19,0,0,1,1,1,1,650.0,370.0
147,15,552,3,2,0,1,1,9,1,107.0,127.0
148,12,737,5,0,0,0,1,9,1,56.0,67.0
149,13,955,3,2,4,0,0,5,6,177.0,118.0
150,13,1080,12,4,2,0,0,0,0,98.0,33.0
151,8,809,9,2,3,1,0,4,5,68.0,84.0
152,12,557,16,3,1,2,0,2,24,56.0,53.0
153,40,515,17,0,0,1,1,1,1,83.0,74.0
154,14,330,1,1,0,0,0,2,24,0.0,83.0
155,41,635,7,3,7,2,0,4,5,151.0,119.0
156,42,334,18,0,0,0,1,1,1,156.0,143.0
157,23,1154,14,3,7,2,0,4,5,98.0,74.0
158,18,840,8,3,2,0,0,2,3,57.0,76.0
159,32,595,15,3,6,2,0,4,5,76.0,48.0
160,8,153,2,4,0,1,1,9,1,99.0,296.0
161,25,832,5,2,2,0,0,5,6,79.0,80.0
162,15,343,2,3,0,0,1,9,1,86.0,74.0
163,4,778,17,4,0,0,1,1,1,91.0,86.0
164,12,435,1,3,1,0,0,8,25,101.0,136.0
165,25,680,6,4,1,0,0,0,0,44.0,106.0
166,23,632,19,3,4,0,0,10,26,111.0,47.0
167,9,252,1,4,5,0,0,5,6,94.0,119.0
168,4,672,10,0,0,0,1,1,1,83.0,88.0
169,25,434,20,3,5,0,0,6,27,165.0,70.0
170,3,43,18,4,0,1,1,1,1,77.0,62.0
171,8,709,8,3,7,2,0,4,5,201.0,189.0
172,23,1005,19,4,0,1,1,1,1,264.0,191.0
173,25,66,16,0,0,1,1,1,1,136.0,175.0
174,18,936,2,4,3,0,0,2,3,127.0,207.0
175,12,435,18,4,0,1,1,1,1,120.0,77.0
176,43,385,6,3,3,0,0,0,2,102.0,73.0
177,8,415,11,3,5,2,0,4,5,121.0,82.0
178,8,630,16,0,0,0,1,1,1,123.0,95.0
179,44,1136,10,3,3,2,0,4,8,76.0,50.0
180,31,729,16,0,0,0,1,1,1,279.0,232.0
181,45,529,14,2,6,2,0,4,5,88.0,74.0
182,46,455,11,3,2,2,0,4,5,49.0,44.0
183,23,42,9,3,12,2,0,4,5,56.0,173.0
184,23,464,17,2,2,0,0,6,28,70.0,73.0
185,15,522,9,2,3,0,0,2,29,91.0,118.0
186,31,504,13,3,9,2,0,4,5,152.0,146.0
187,42,83,8,2,5,2,0,4,5,80.0,66.0
188,31,990,9,4,3,2,0,0,0,88.0,85.0
189,33,984,17,0,0,1,1,1,1,603.0,507.0
190,10,734,14,1,4,2,0,4,5,68.0,59.0
191,10,531,7,3,4,1,0,4,5,34.0,64.0
192,26,858,14,2,4,2,0,4,5,73.0,25.0
193,11,1070,13,3,9,2,0,4,5,163.0,124.0
194,8,1032,5,3,1,0,0,0,2,22.0,34.0
195,7,98,19,1,4,2,0,10,12,93.0,55.0
196,10,407,15,1,3,2,0,4,5,129.0,55.0
197,6,1063,9,3,2,0,0,3,4,65.0,53.0
198,25,399,8,1,1,0,0,4,8,54.0,110.0
199,31,1034,15,0,0,0,1,1,1,174.0,176.0
200,8,478,16,1,9,2,0,4,5,228.0,161.0
201,25,1053,4,3,0,0,0,5,6,74.0,35.0
202,13,1107,1,2,1,0,0,2,3,122.0,138.0
203,8,356,18,0,0,1,1,1,1,518.0,386.0
204,47,738,10,3,3,2,0,4,5,79.0,82.0
205,4,280,9,4,2,1,0,3,11,90.0,92.0
206,48,353,20,1,1,2,0,6,20,74.0,34.0
207,23,396,17,3,5,2,0,6,15,113.0,61.0
208,23,580,17,0,0,0,1,1,1,94.0,94.0
209,43,743,11,3,3,2,0,0,0,66.0,59.0
210,12,788,14,3,7,2,0,5,6,156.0,119.0
211,10,966,12,2,9,2,0,4,5,74.0,85.0
212,29,995,20,1,1,0,0,6,23,77.0,51.0
213,18,1058,1,4,2,0,0,2,3,28.0,71.0
214,10,1109,20,1,1,2,0,6,23,60.0,46.0
215,23,77,4,3,7,0,0,0,2,208.0,151.0
216,23,376,14,4,3,2,0,3,11,38.0,49.0
217,4,1092,13,3,20,2,0,4,5,405.0,422.0
218,23,1043,2,0,0,1,1,1,1,6.0,46.0
219,18,236,11,3,1,0,0,2,3,40.0,49.0
220,4,378,20,3,2,0,0,6,15,28.0,83.0
221,12,259,13,3,2,0,0,3,4,97.0,90.0
222,2,774,14,0,1,1,0,2,24,35.0,24.0
223,12,198,20,3,6,0,0,7,9,116.0,86.0
224,18,442,2,2,0,1,1,9,1,17.0,85.0
225,9,58,9,0,1,0,0,4,8,77.0,84.0
226,15,928,5,2,7,0,0,4,8,140.0,181.0
227,11,708,6,3,3,0,0,0,0,127.0,66.0
228,25,221,13,4,0,1,1,1,1,36.0,68.0
229,47,881,9,3,3,2,0,4,5,78.0,66.0
230,14,607,14,0,0,0,1,1,1,64.0,47.0
231,25,212,17,4,0,1,1,1,1,63.0,78.0
232,18,841,5,3,0,1,1,9,1,58.0,51.0
233,4,264,11,3,6,1,0,3,4,394.0,231.0
234,49,374,5,0,2,0,0,4,8,169.0,134.0
235,49,775,5,4,6,0,0,0,2,159.0,122.0
236,31,63,9,2,2,2,0,4,8,57.0,76.0
237,48,1137,10,3,1,0,0,3,4,47.0,49.0
238,23,42,20,2,3,0,0,4,8,38.0,46.0
239,50,265,16,3,6,2,0,4,5,93.0,85.0
240,8,544,9,3,10,2,0,4,5,175.0,253.0
241,8,924,11,3,2,2,0,3,4,85.0,91.0
242,9,58,13,3,2,0,0,2,3,54.0,74.0
243,51,202,18,0,0,1,1,1,1,363.0,281.0
244,15,44,2,3,2,0,0,0,2,133.0,187.0
245,6,219,6,4,2,0,0,2,24,78.0,149.0
246,12,324,6,2,1,0,0,5,6,58.0,23.0
247,12,198,20,3,1,0,3,13,1,147.0,149.0
248,8,1019,10,3,0,1,0,3,4,70.0,64.0
249,9,166,16,3,1,0,0,4,8,82.0,114.0
250,12,831,20,1,2,0,0,12,22,71.0,52.0
251,23,94,6,3,2,0,0,4,8,44.0,89.0
252,10,491,13,3,7,2,0,4,5,139.0,152.0
253,23,1150,20,3,3,0,0,6,30,119.0,66.0
254,13,1107,1,4,1,0,0,0,2,84.0,51.0
255,23,538,11,2,1,0,0,4,8,54.0,90.0
256,48,76,18,3,0,1,1,1,1,262.0,194.0
257,23,129,6,0,0,0,1,9,1,66.0,77.0
258,52,159,12,3,8,2,0,4,5,205.0,102.0
259,31,685,10,3,3,2,0,0,0,64.0,64.0
260,32,923,15,2,6,2,0,4,5,53.0,38.0
261,48,1137,15,2,8,2,0,4,5,110.0,112.0
262,9,150,9,3,3,0,0,5,6,69.0,82.0
263,4,1091,10,0,0,1,1,9,1,123.0,138.0
264,4,521,8,3,3,0,0,2,3,95.0,119.0
265,53,394,7,2,3,2,0,4,8,128.0,110.0
266,35,128,13,3,5,2,0,4,5,43.0,43.0
267,32,267,6,0,1,0,0,4,8,68.0,109.0
268,10,531,3,3,0,0,1,9,1,49.0,94.0
269,8,365,9,1,1,0,0,4,8,67.0,102.0
270,15,928,5,3,10,0,0,4,8,113.0,87.0
271,15,488,5,0,1,0,0,4,18,39.0,61.0
272,4,280,1,4,3,0,0,3,4,288.0,440.0
273,20,934,13,3,9,2,0,4,5,119.0,93.0
274,10,733,7,2,4,2,0,4,8,64.0,52.0
275,15,8,4,3,2,0,0,2,3,440.0,516.0
276,8,168,19,0,0,1,1,1,1,158.0,129.0
277,8,1054,20,3,2,2,0,6,27,92.0,31.0
278,15,343,8,3,14,2,0,4,5,348.0,273.0
279,15,228,13,0,8,0,0,4,5,607.0,423.0
280,12,812,15,3,2,0,0,0,0,46.0,56.0
281,31,276,13,3,10,2,0,4,5,173.0,169.0
282,4,378,3,3,0,1,1,9,1,107.0,257.0
283,5,227,20,4,9,0,0,6,30,101.0,69.0
284,8,924,9,3,0,0,0,0,0,54.0,31.0
285,4,629,14,2,11,2,0,4,8,283.0,210.0
286,18,837,1,2,1,0,0,6,23,167.0,440.0
287,31,276,15,3,13,2,0,4,5,212.0,184.0
288,8,906,18,3,2,1,0,10,12,83.0,49.0
289,10,1078,9,3,2,0,0,4,8,59.0,61.0
290,18,141,6,4,0,1,1,9,1,46.0,58.0
291,8,255,11,3,1,0,0,4,18,68.0,114.0
292,15,57,3,0,0,0,1,9,1,94.0,152.0
293,14,122,17,3,0,1,1,1,1,226.0,161.0
294,25,680,8,3,3,0,0,8,25,109.0,112.0
295,2,848,1,3,3,0,0,0,2,84.0,70.0
296,24,845,18,0,0,1,1,1,1,531.0,381.0
297,53,104,2,2,2,0,0,2,3,205.0,256.0
298,11,1020,19,0,0,1,1,1,1,514.0,379.0
299,4,884,8,3,6,2,0,4,8,242.0,191.0
300,4,72,11,3,1,0,0,2,3,77.0,62.0
301,16,486,3,1,0,1,1,9,1,67.0,44.0
302,12,209,1,0,0,0,0,4,8,182.0,183.0
303,11,708,15,3,5,2,0,4,5,77.0,41.0
304,18,969,15,3,15,2,0,4,5,189.0,223.0
305,15,439,8,3,7,2,0,4,5,126.0,109.0
306,10,847,3,0,2,0,0,4,8,83.0,462.0
307,6,1082,14,3,4,2,0,4,5,88.0,45.0
308,4,789,12,4,0,0,0,5,13,37.0,100.0
309,17,645,6,3,2,0,0,4,8,91.0,162.0
310,10,576,17,0,0,1,1,1,1,219.0,177.0
311,23,880,5,3,5,2,0,4,8,29.0,116.0
312,44,1149,7,2,5,2,0,4,8,118.0,94.0
313,10,983,2,0,3,0,0,4,8,0.0,541.0
314,25,399,15,4,2,0,0,0,31,79.0,106.0
315,8,453,11,3,7,2,0,4,5,130.0,161.0
316,4,681,2,4,2,0,0,0,2,84.0,165.0
317,31,902,5,2,1,0,0,5,6,79.0,65.0
318,25,680,18,3,4,0,0,6,20,172.0,141.0
319,8,640,1,3,2,0,0,5,16,148.0,153.0
320,49,337,13,2,19,2,0,4,5,294.0,194.0
321,4,258,10,1,1,0,0,4,8,140.0,102.0
322,47,82,3,1,0,0,1,9,1,61.0,81.0
323,25,680,11,3,10,2,0,4,5,147.0,160.0
324,4,181,10,3,3,0,0,2,3,47.0,117.0
325,3,30,8,4,6,2,0,4,5,61.0,80.0
326,35,929,20,3,2,0,0,7,32,67.0,87.0
327,8,924,17,2,1,1,0,5,16,61.0,62.0
328,4,146,12,4,5,2,0,3,11,127.0,123.0
329,17,940,5,3,0,1,1,9,1,98.0,77.0
330,25,680,18,3,1,0,0,10,26,106.0,36.0
331,12,277,1,0,1,0,0,4,8,0.0,387.0
332,54,785,12,3,7,2,0,4,5,111.0,100.0
333,8,609,12,3,1,1,0,3,11,93.0,89.0
334,4,827,2,3,1,0,0,2,3,106.0,148.0
335,15,47,5,2,7,2,0,4,8,88.0,164.0
336,8,478,19,1,4,0,0,7,32,216.0,180.0
337,47,559,10,2,8,2,0,4,5,80.0,89.0
338,8,1013,19,2,0,1,1,1,1,793.0,420.0
339,20,38,17,4,3,0,0,0,19,134.0,116.0
340,4,760,18,4,1,0,0,2,3,56.0,65.0
341,9,133,14,3,11,2,0,4,5,216.0,168.0
342,25,680,2,4,2,0,0,5,6,79.0,98.0
343,47,536,9,3,5,2,0,4,5,74.0,93.0
344,15,711,8,3,8,2,0,4,5,158.0,160.0
345,55,432,14,3,6,2,0,4,5,55.0,71.0
346,18,837,3,4,0,1,1,9,1,186.0,212.0
347,56,604,7,3,3,2,0,4,5,60.0,53.0
348,23,540,19,4,0,1,1,1,1,392.0,323.0
349,49,599,12,0,0,0,1,1,1,83.0,86.0
350,23,113,6,0,0,1,1,9,1,41.0,200.0
351,25,215,6,3,2,0,0,3,4,37.0,98.0
352,23,139,2,0,0,0,1,9,1,1.0,225.0
353,23,538,15,4,1,0,0,5,6,47.0,51.0
354,18,1014,14,0,0,0,1,1,1,52.0,62.0
355,25,172,7,3,2,0,0,5,6,22.0,61.0
356,15,67,11,2,9,2,0,4,5,146.0,158.0
357,25,96,6,0,0,0,1,1,1,55.0,55.0
358,8,642,11,3,4,2,0,4,5,107.0,121.0
359,29,187,13,3,8,2,0,4,5,126.0,157.0
360,3,612,18,3,0,1,1,1,1,231.0,153.0
361,25,399,4,2,2,0,0,4,8,98.0,175.0
362,20,69,3,3,5,1,0,4,8,114.0,142.0
363,12,277,9,4,0,1,1,1,1,80.0,69.0
364,47,82,20,0,4,0,0,6,23,136.0,89.0
365,15,577,13,2,4,2,0,4,5,57.0,53.0
366,43,390,3,2,1,0,0,2,29,0.0,95.0
367,8,1119,16,1,1,0,3,13,1,80.0,89.0
368,12,209,1,0,0,0,0,4,8,136.0,298.0
369,48,484,10,3,6,2,0,4,5,122.0,133.0
370,8,809,8,3,8,2,0,0,0,335.0,141.0
371,21,1035,20,0,0,0,1,1,1,256.0,209.0
372,33,1050,19,0,0,0,1,1,1,54.0,52.0
373,57,783,11,3,2,2,0,4,5,65.0,24.0
374,12,290,1,4,2,0,0,0,2,64.0,34.0
375,58,320,16,2,3,2,0,5,6,85.0,76.0
376,17,869,13,3,3,2,0,4,5,41.0,29.0
377,14,1075,3,4,0,1,1,9,1,103.0,86.0
378,25,669,10,3,4,2,0,4,8,215.0,180.0
379,4,523,20,1,2,0,0,6,20,73.0,31.0
380,6,426,14,3,13,2,0,4,5,223.0,223.0
381,4,303,16,2,1,2,0,2,3,52.0,91.0
382,4,849,15,3,3,2,0,2,3,46.0,89.0
383,4,897,5,4,3,0,0,4,8,68.0,99.0
384,8,642,19,2,1,0,0,6,20,28.0,47.0
385,14,578,13,1,2,1,0,4,5,58.0,30.0
386,8,781,10,3,7,2,0,4,5,146.0,128.0
387,4,1091,13,3,2,0,0,4,5,70.0,71.0
388,23,1038,13,3,3,0,0,3,4,123.0,82.0
389,8,779,5,3,0,0,0,4,8,75.0,91.0
390,23,534,4,3,3,0,0,0,2,78.0,49.0
391,8,1036,15,2,9,2,0,4,5,320.0,246.0
392,23,160,6,0,0,1,1,9,1,98.0,280.0
393,10,1052,18,2,0,1,1,1,1,490.0,520.0
394,59,689,2,3,4,0,0,0,2,133.0,137.0
395,8,662,10,3,6,2,0,4,5,146.0,205.0
396,4,1120,16,4,3,0,0,10,33,74.0,103.0
397,8,356,15,3,2,1,0,3,4,206.0,142.0
398,23,376,9,3,3,2,0,4,5,67.0,77.0
399,43,743,16,3,11,2,0,4,5,162.0,105.0
400,21,965,15,0,0,0,1,1,1,62.0,64.0
401,53,811,14,1,0,0,0,2,24,64.0,88.0
402,8,679,8,3,6,2,0,0,0,163.0,209.0
403,24,730,20,2,5,0,0,6,15,142.0,103.0
404,8,191,13,3,7,2,0,4,5,205.0,180.0
405,24,732,4,2,0,0,1,9,1,66.0,126.0
406,4,485,2,3,1,0,0,4,8,126.0,133.0
407,8,976,12,3,6,2,0,3,4,127.0,169.0
408,57,666,20,0,0,1,1,1,1,354.0,288.0
409,12,1027,10,0,0,1,1,1,1,85.0,89.0
410,18,100,2,3,1,0,0,0,2,85.0,64.0
411,25,399,5,3,1,0,0,5,6,19.0,13.0
412,15,29,15,2,1,0,0,6,27,24.0,56.0
413,23,574,12,2,4,0,0,4,8,127.0,186.0
414,14,702,19,4,0,1,1,1,1,499.0,400.0
415,8,924,5,1,0,0,0,5,16,33.0,51.0
416,10,1052,19,3,3,0,0,10,12,98.0,69.0
417,60,1056,13,4,4,2,0,4,5,41.0,18.0
418,43,570,14,3,9,2,0,4,5,119.0,124.0
419,15,686,16,3,2,2,0,4,5,50.0,23.0
420,15,327,3,4,0,1,1,9,1,63.0,116.0
421,6,214,20,1,2,2,0,12,22,77.0,43.0
422,53,1012,16,3,6,1,0,2,3,91.0,114.0
423,12,1128,4,3,3,0,0,0,2,106.0,74.0
424,15,465,16,1,0,1,1,1,1,90.0,71.0
425,8,809,19,3,4,0,0,6,27,130.0,94.0
426,8,229,16,2,2,0,0,5,6,170.0,140.0
427,8,642,20,3,2,0,0,10,26,54.0,86.0
428,13,1103,2,2,1,0,0,0,0,61.0,111.0
429,61,6,14,3,4,2,0,4,5,55.0,39.0
430,10,195,5,0,0,0,1,9,1,97.0,99.0
431,26,913,9,2,5,2,0,4,5,61.0,66.0
432,35,952,16,3,2,0,0,0,0,79.0,19.0
433,10,733,10,2,0,1,1,1,1,64.0,97.0
434,12,269,20,1,0,0,0,6,34,53.0,35.0
435,49,99,19,0,0,1,1,1,1,525.0,334.0
436,12,608,8,3,9,2,0,4,5,453.0,373.0
437,10,562,8,0,1,0,0,4,8,65.0,59.0
438,4,1120,12,3,0,0,2,11,1,88.0,76.0
439,32,45,12,1,2,0,0,6,23,114.0,106.0
440,4,131,6,0,0,0,1,9,1,60.0,64.0
441,8,427,19,3,0,1,1,1,1,260.0,246.0
442,3,1123,11,3,8,2,0,4,5,79.0,71.0
443,8,1061,13,2,1,0,0,7,9,85.0,68.0
444,33,177,15,3,1,0,0,2,3,56.0,76.0
445,12,37,7,2,1,0,0,10,33,155.0,131.0
446,62,482,18,4,0,1,1,1,1,56.0,45.0
447,15,552,5,1,5,2,0,4,8,101.0,231.0
448,23,916,6,0,0,1,1,9,1,56.0,175.0
449,18,1129,17,3,1,0,0,0,17,79.0,33.0
450,33,782,14,0,0,0,1,1,1,58.0,69.0
451,4,405,20,4,6,2,0,7,14,151.0,110.0
452,4,756,7,0,0,0,1,1,1,206.0,211.0
453,8,830,15,3,2,0,0,4,18,55.0,86.0
454,15,1124,2,4,0,0,1,9,1,63.0,93.0
455,4,264,17,3,6,2,0,2,3,113.0,112.0
456,15,257,7,2,5,2,0,4,5,55.0,75.0
457,4,250,7,3,1,0,0,10,26,71.0,45.0
458,20,767,14,2,8,2,0,4,5,270.0,156.0
459,25,673,20,1,2,0,0,10,35,31.0,3.0
460,4,261,4,2,2,0,0,6,28,69.0,237.0
461,23,86,15,3,0,1,0,3,4,36.0,53.0
462,20,23,8,3,4,2,0,4,5,90.0,72.0
463,12,861,16,0,0,0,1,1,1,100.0,147.0
464,23,696,10,3,4,2,0,4,5,79.0,84.0
465,8,346,19,3,0,1,1,1,1,0.0,302.0
466,12,1007,18,3,3,0,0,0,0,135.0,68.0
467,21,965,17,0,0,1,1,1,1,103.0,100.0
468,15,757,13,3,7,2,0,4,5,59.0,56.0
469,23,696,5,3,1,0,0,4,8,47.0,66.0
470,8,639,6,4,1,0,0,5,6,86.0,52.0
471,25,399,10,3,1,0,0,2,36,76.0,116.0
472,25,377,9,4,12,2,0,4,5,477.0,409.0
473,23,916,5,2,0,0,0,4,8,37.0,80.0
474,4,797,6,3,0,0,0,2,3,24.0,30.0
475,15,155,16,3,0,1,1,1,1,156.0,113.0
476,4,378,9,3,1,0,0,5,6,13.0,93.0
477,4,287,11,2,1,0,0,5,16,73.0,95.0
478,10,810,14,3,2,2,0,2,3,55.0,51.0
479,23,727,16,0,0,0,1,1,1,96.0,66.0
480,36,664,15,2,4,2,0,4,5,146.0,69.0
481,12,776,9,4,0,1,1,1,1,96.0,64.0
482,63,925,15,3,7,2,0,4,5,119.0,78.0
483,15,473,4,4,0,0,1,9,1,60.0,52.0
484,25,796,20,4,2,0,0,2,24,78.0,72.0
485,4,181,12,1,2,0,0,2,3,101.0,124.0
486,31,398,4,0,0,0,1,9,1,59.0,81.0
487,8,453,15,3,1,2,0,2,3,61.0,65.0
488,23,1141,10,0,0,0,1,1,1,70.0,81.0
489,18,1029,4,0,0,1,1,9,1,57.0,65.0
490,1,451,16,4,1,0,0,0,17,47.0,23.0
491,23,94,18,0,0,1,1,1,1,284.0,290.0
492,25,377,8,4,0,1,1,9,1,48.0,85.0
493,13,10,1,2,0,0,0,3,4,82.0,64.0
494,23,889,20,3,2,1,4,14,1,103.0,78.0
495,15,552,17,0,2,0,0,4,8,81.0,48.0
496,8,478,10,3,2,0,0,5,6,107.0,127.0
497,12,606,16,2,1,2,0,5,6,112.0,56.0
498,25,1126,4,3,2,0,0,2,3,34.0,81.0
499,64,163,14,3,5,2,0,4,5,83.0,57.0
500,4,264,20,2,5,2,0,12,22,174.0,148.0
501,20,528,1,4,1,0,0,0,0,0.0,0.0
502,13,620,13,3,9,2,0,4,5,155.0,124.0
503,31,48,13,2,3,1,0,4,8,52.0,94.0
504,53,650,7,4,0,0,1,9,1,92.0,71.0
505,15,932,3,4,0,0,1,9,1,0.0,78.0
506,23,632,15,3,1,1,0,3,4,100.0,70.0
507,14,425,2,3,4,0,0,2,3,133.0,243.0
508,23,836,7,0,0,1,1,9,1,52.0,124.0
509,2,1135,16,2,3,2,0,5,6,139.0,39.0
510,18,969,4,4,0,1,1,9,1,83.0,71.0
511,65,447,14,3,11,2,0,4,5,159.0,116.0
512,12,1024,1,3,2,0,0,0,2,103.0,90.0
513,23,367,5,3,3,0,0,5,16,131.0,142.0
514,4,884,11,2,1,0,0,2,3,79.0,92.0
515,22,660,2,0,0,0,1,9,1,131.0,138.0
516,31,922,5,2,1,0,0,5,6,75.0,81.0
517,31,902,17,4,0,1,1,1,1,2660.0,1779.0
518,43,452,12,3,1,1,0,3,4,78.0,78.0
519,8,864,11,3,4,2,0,4,5,184.0,173.0
520,66,493,5,3,0,1,1,9,1,39.0,61.0
521,8,478,13,1,3,2,0,4,5,104.0,58.0
522,10,991,20,2,6,2,0,6,23,157.0,147.0
523,33,766,17,1,0,1,0,4,18,51.0,37.0
524,4,378,6,3,0,0,0,5,6,15.0,67.0
525,15,335,12,3,3,2,0,2,3,85.0,82.0
526,33,1067,12,3,7,2,0,4,5,115.0,79.0
527,4,303,9,3,1,0,0,5,16,33.0,75.0
528,9,723,19,3,0,1,1,1,1,499.0,429.0
529,25,527,10,1,1,0,0,4,8,93.0,107.0
530,10,847,3,0,6,0,0,4,8,57.0,937.0
531,44,753,13,3,9,2,0,4,5,124.0,125.0
532,4,89,9,3,0,0,0,2,3,124.0,98.0
533,10,1109,3,0,0,0,1,9,1,64.0,132.0
534,4,1093,11,3,4,1,0,0,17,65.0,27.0
535,11,942,18,0,0,1,1,1,1,203.0,168.0
536,8,545,11,0,0,0,1,1,1,86.0,76.0
537,67,547,14,3,4,1,0,4,5,130.0,121.0
538,23,1130,10,3,1,0,0,0,17,71.0,51.0
539,14,1,9,3,4,2,0,4,5,99.0,69.0
540,18,174,7,4,0,0,1,1,1,75.0,76.0
541,18,239,2,4,0,1,1,9,1,178.0,186.0
542,4,908,9,1,1,0,0,4,8,63.0,79.0
543,25,399,2,3,1,0,0,5,6,67.0,78.0
544,6,418,10,3,4,0,0,5,6,125.0,132.0
545,15,228,9,2,1,0,0,2,24,109.0,116.0
546,47,1122,10,3,4,2,0,4,5,83.0,67.0
547,13,10,1,3,1,0,0,0,0,75.0,51.0
548,8,1054,10,3,6,2,0,4,5,121.0,115.0
549,43,385,17,4,3,0,0,3,4,76.0,77.0
550,8,1110,14,3,1,0,0,7,9,73.0,75.0
551,8,554,10,2,1,1,0,3,4,193.0,75.0
552,4,740,9,2,2,0,0,5,16,153.0,92.0
553,52,958,12,0,0,0,1,1,1,239.0,271.0
554,14,35,20,2,2,0,0,10,35,121.0,72.0
555,4,131,7,4,2,0,0,2,3,77.0,131.0
556,18,170,5,2,0,1,1,9,1,55.0,68.0
557,15,57,7,3,15,0,0,4,8,238.0,250.0
558,15,800,7,2,4,0,0,2,3,127.0,80.0
559,14,122,3,2,1,0,0,4,8,41.0,243.0
560,12,915,19,3,7,2,0,5,6,338.0,194.0
561,31,456,1,0,0,0,1,1,1,0.0,56.0
562,4,378,6,3,0,0,0,6,28,11.0,75.0
563,68,95,10,3,2,2,0,4,5,49.0,41.0
564,9,762,16,2,9,2,0,4,5,294.0,177.0
565,8,406,8,3,7,2,0,4,5,221.0,258.0
566,49,817,12,3,7,2,0,4,5,93.0,71.0
567,23,617,5,0,0,0,1,9,1,36.0,71.0
568,0,1105,14,3,7,2,0,4,5,170.0,129.0
569,14,851,2,2,1,0,0,3,4,170.0,123.0
570,0,899,6,3,12,2,0,4,5,201.0,129.0
571,8,679,6,2,3,0,0,4,8,99.0,136.0
572,4,1093,6,4,7,0,0,0,2,344.0,344.0
573,35,475,15,4,4,2,0,4,5,59.0,53.0
574,8,1032,19,3,1,0,0,10,26,44.0,56.0
575,4,1091,10,1,2,0,0,4,8,105.0,155.0
576,69,438,13,3,4,2,0,4,5,89.0,62.0
577,32,437,20,0,0,1,1,1,1,609.0,498.0
578,15,343,3,2,0,0,1,9,1,92.0,143.0
579,8,1113,15,2,3,0,0,4,18,155.0,117.0
580,9,759,19,3,0,1,1,1,1,694.0,627.0
581,8,1023,2,4,0,1,1,9,1,61.0,60.0
582,31,421,5,3,1,0,0,0,2,127.0,58.0
583,12,435,13,2,4,2,0,4,5,58.0,34.0
584,70,593,17,0,0,1,1,1,1,106.0,77.0
585,8,544,7,3,3,2,0,0,0,64.0,77.0
586,25,680,8,3,3,0,0,5,16,35.0,97.0
587,28,74,19,0,0,1,1,1,1,117.0,152.0
588,39,84,20,1,1,0,0,6,37,47.0,48.0
589,32,1157,16,3,4,2,0,4,5,51.0,36.0
590,14,122,11,0,0,0,1,1,1,123.0,99.0
591,71,931,14,3,5,2,0,4,5,54.0,46.0
592,43,1079,17,0,0,1,1,1,1,353.0,376.0
593,25,399,9,3,7,0,0,2,29,143.0,138.0
594,20,23,12,3,2,1,0,0,2,96.0,56.0
595,4,386,1,4,3,0,0,0,2,128.0,280.0
596,26,1055,13,2,3,2,0,4,5,37.0,39.0
597,25,96,10,3,2,0,0,3,4,60.0,58.0
598,23,535,7,0,0,0,1,9,1,88.0,79.0
599,4,275,16,3,0,0,0,2,3,48.0,58.0
600,8,906,13,3,6,0,0,4,18,174.0,214.0
601,24,1159,20,0,0,0,1,1,1,91.0,97.0
602,10,991,2,0,0,1,1,9,1,69.0,69.0
603,4,865,3,0,0,1,1,9,1,57.0,65.0
604,8,168,15,0,0,0,0,4,8,27.0,133.0
605,7,1022,17,0,0,1,1,1,1,71.0,74.0
606,1,350,18,0,0,1,1,1,1,111.0,131.0
607,4,835,10,2,2,0,0,2,3,72.0,101.0
608,32,3,17,4,0,0,1,1,1,265.0,301.0
609,33,586,14,0,0,0,1,1,1,89.0,88.0
610,28,957,12,3,7,2,0,4,5,113.0,72.0
611,15,242,11,0,0,0,1,1,1,155.0,140.0
612,4,850,4,3,1,0,0,2,29,92.0,87.0
613,47,648,17,3,0,0,1,1,1,228.0,177.0
614,8,948,8,3,5,2,0,4,8,145.0,187.0
615,43,1079,13,3,4,2,0,4,5,140.0,116.0
616,10,194,19,2,3,0,0,6,20,95.0,78.0
617,13,1107,2,4,1,0,0,0,2,68.0,71.0
618,8,554,2,4,0,1,1,9,1,119.0,174.0
619,10,966,20,0,5,2,0,12,22,70.0,82.0
620,8,662,4,3,2,0,0,3,11,133.0,150.0
621,15,928,3,0,1,0,0,4,8,131.0,164.0
622,72,951,14,2,5,2,0,4,5,54.0,46.0
623,23,51,16,3,3,0,0,4,8,93.0,102.0
624,25,73,17,0,0,1,1,1,1,128.0,138.0
625,16,419,17,0,0,1,1,1,1,96.0,83.0
626,25,859,3,0,0,0,1,1,1,78.0,118.0
627,23,199,5,0,0,1,1,9,1,115.0,217.0
628,23,601,9,3,8,2,0,4,5,232.0,157.0
629,8,846,10,3,4,2,0,0,0,197.0,127.0
630,41,894,17,0,0,0,1,1,1,167.0,116.0
631,4,884,3,3,0,1,1,9,1,130.0,161.0
632,2,964,2,4,1,0,0,2,3,0.0,85.0
633,25,401,7,1,1,0,0,4,8,48.0,51.0
634,8,643,10,0,0,0,1,1,1,82.0,75.0
635,12,1018,1,3,1,0,0,0,0,77.0,63.0
636,43,31,1,4,2,0,0,5,16,63.0,99.0
637,12,259,8,4,0,1,1,1,1,178.0,253.0
638,10,862,15,4,9,0,0,0,0,261.0,241.0
639,43,321,9,3,5,2,0,0,0,92.0,101.0
640,23,113,17,4,3,0,0,5,6,140.0,131.0
641,36,28,5,0,0,1,1,9,1,74.0,66.0
642,4,1093,4,2,3,0,0,5,6,146.0,134.0
643,18,61,5,4,0,1,1,9,1,92.0,97.0
644,15,36,7,3,1,0,0,5,6,56.0,42.0
645,15,552,2,1,0,1,1,9,1,85.0,120.0
646,25,175,3,4,1,0,0,2,3,40.0,103.0
647,73,518,19,0,0,1,1,1,1,156.0,126.0
648,25,680,8,3,2,0,0,2,29,69.0,94.0
649,4,110,3,4,0,1,1,9,1,71.0,166.0
650,15,911,18,3,0,1,1,1,1,724.0,608.0
651,4,280,3,2,5,0,0,4,8,166.0,245.0
652,4,850,19,4,0,1,1,1,1,175.0,213.0
653,18,722,5,4,0,1,1,9,1,104.0,102.0
654,28,829,2,2,1,0,0,2,3,82.0,134.0
655,47,304,4,4,0,0,1,9,1,71.0,57.0
656,4,897,1,4,4,0,0,0,2,120.0,165.0
657,19,1152,10,3,3,2,0,4,5,63.0,45.0
658,8,1032,7,3,3,0,0,5,6,207.0,106.0
659,10,195,7,2,3,2,0,4,8,0.0,0.0
660,8,1113,14,4,3,2,0,2,3,80.0,57.0
661,23,479,18,3,3,2,0,7,32,124.0,77.0
662,4,815,5,3,2,0,0,5,16,32.0,87.0
663,8,709,4,3,3,2,0,0,2,79.0,60.0
664,1,397,15,3,6,2,0,4,5,63.0,73.0
665,4,1093,20,1,2,1,0,6,23,102.0,101.0
666,24,816,15,2,3,1,0,4,5,70.0,86.0
667,4,287,11,1,5,0,0,4,8,224.0,262.0
668,4,283,16,1,10,2,0,4,5,175.0,160.0
669,47,1143,7,2,2,0,0,5,13,84.0,78.0
670,31,306,12,3,9,2,0,4,5,151.0,134.0
671,24,446,19,4,0,1,1,1,1,235.0,206.0
672,4,523,16,3,2,0,0,3,11,104.0,102.0
673,74,565,17,0,0,1,1,1,1,88.0,88.0
674,10,165,2,0,3,0,0,4,8,107.0,198.0
675,75,164,4,3,6,2,0,4,5,82.0,80.0
676,8,414,13,3,7,2,0,4,5,143.0,119.0
677,10,1109,8,2,2,1,0,3,4,123.0,104.0
678,15,47,2,4,0,1,1,9,1,64.0,92.0
679,18,1006,17,0,0,1,1,1,1,557.0,563.0
680,13,21,2,2,0,0,0,6,38,27.0,61.0
681,14,765,15,2,5,2,0,4,5,67.0,97.0
682,43,121,19,2,0,1,1,1,1,68.0,60.0
683,15,552,20,1,2,0,0,6,39,55.0,56.0
684,35,598,7,4,4,2,0,4,5,61.0,71.0
685,23,403,12,0,0,0,1,1,1,207.0,245.0
686,8,519,9,3,5,2,0,0,0,151.0,156.0
687,45,316,17,4,0,1,1,1,1,106.0,92.0
688,15,792,2,0,0,1,1,9,1,86.0,108.0
689,8,417,18,2,4,2,0,4,8,74.0,61.0
690,8,293,18,0,0,1,1,1,1,110.0,76.0
691,23,717,18,0,0,1,1,1,1,307.0,207.0
692,76,103,13,3,10,2,0,4,5,108.0,94.0
693,12,557,5,2,0,0,0,6,40,58.0,68.0
694,8,924,11,1,1,0,0,4,8,69.0,139.0
695,4,264,20,3,9,2,0,6,27,208.0,151.0
696,8,839,6,0,0,0,1,9,1,69.0,62.0
697,25,52,2,4,1,0,0,4,5,25.0,103.0
698,8,266,8,0,0,0,1,1,1,62.0,53.0
699,8,906,5,1,1,0,0,4,8,60.0,70.0
700,25,739,1,4,1,0,0,3,11,0.0,0.0
701,25,469,10,1,1,0,0,4,8,2.0,82.0
702,4,250,11,3,5,1,0,4,5,108.0,90.0
703,5,495,3,3,3,0,0,4,8,36.0,45.0
704,24,641,6,4,8,2,0,0,0,47.0,102.0
705,4,740,20,3,3,2,0,10,12,136.0,50.0
706,4,927,14,2,0,0,0,4,8,55.0,55.0
707,10,991,11,0,1,0,0,7,9,68.0,47.0
708,10,281,10,2,7,2,0,4,5,89.0,89.0
709,8,921,17,2,3,1,0,5,16,76.0,47.0
710,10,991,11,3,8,2,0,4,5,79.0,75.0
711,39,926,15,3,1,0,0,4,8,102.0,117.0
712,13,716,20,4,0,1,1,1,1,106.0,60.0
713,8,420,10,2,4,2,0,4,8,272.0,267.0
714,49,1044,20,0,0,1,1,1,1,176.0,138.0
715,25,149,13,3,19,2,0,4,5,230.0,228.0
716,25,680,11,2,2,2,0,4,8,103.0,118.0
717,25,434,4,3,3,0,0,0,2,131.0,70.0
718,49,374,3,2,1,0,0,2,3,68.0,61.0
719,12,298,18,4,0,1,1,1,1,150.0,152.0
720,15,335,2,3,0,1,1,9,1,122.0,147.0
721,2,179,1,2,1,0,0,2,29,49.0,72.0
722,4,378,8,3,3,0,0,5,16,0.0,0.0
723,8,554,8,3,4,0,0,0,0,254.0,148.0
724,42,1074,11,3,3,2,0,4,5,33.0,26.0
725,32,3,11,4,2,2,0,0,0,98.0,133.0
726,3,992,9,4,6,2,0,3,11,53.0,51.0
727,10,531,20,0,6,2,0,12,22,67.0,73.0
728,10,233,17,0,0,0,1,1,1,416.0,428.0
729,67,806,13,3,15,2,0,4,5,248.0,268.0
730,26,1031,18,1,0,0,1,1,1,311.0,255.0
731,15,710,1,0,0,1,1,9,1,1193.0,1067.0
732,18,1129,6,3,2,1,0,0,2,182.0,109.0
733,14,425,1,3,1,0,0,2,29,70.0,79.0
734,23,968,15,3,6,2,0,4,5,179.0,136.0
735,48,1137,5,3,1,0,0,5,13,43.0,57.0
736,8,218,17,4,0,1,1,1,1,103.0,86.0
737,15,132,9,2,17,2,0,4,5,327.0,347.0
738,18,80,12,3,4,0,0,3,11,173.0,148.0
739,48,1137,19,4,0,1,1,1,1,85.0,69.0
740,4,871,17,3,4,2,0,4,5,123.0,85.0
741,25,1126,19,4,0,1,1,1,1,29.0,90.0
742,8,417,4,3,4,0,0,3,11,41.0,67.0
743,23,430,4,4,0,0,1,9,1,34.0,116.0
744,59,373,9,3,5,2,0,4,5,166.0,76.0
745,8,679,5,1,1,0,0,5,16,0.0,0.0
746,15,235,9,3,5,2,0,4,5,79.0,74.0
747,31,790,18,0,0,1,1,1,1,544.0,430.0
748,53,511,8,4,5,0,0,0,2,143.0,120.0
749,49,1021,5,0,0,0,1,9,1,106.0,76.0
750,9,891,13,3,9,2,0,4,5,100.0,109.0
751,25,107,2,4,1,0,0,0,2,72.0,82.0
752,10,991,15,4,2,0,0,0,2,137.0,123.0
753,20,767,11,3,4,2,0,4,5,58.0,54.0
754,4,827,2,4,0,0,0,2,3,106.0,139.0
755,77,140,18,0,0,1,1,1,1,178.0,133.0
756,4,760,9,3,3,2,0,3,11,148.0,112.0
757,16,997,18,0,0,1,1,1,1,183.0,137.0
758,4,749,4,0,0,1,1,9,1,2.0,2.0
759,8,882,5,4,2,0,0,0,2,71.0,133.0
760,12,259,1,3,4,0,0,0,0,149.0,114.0
761,10,194,14,0,1,0,0,4,8,96.0,105.0
762,78,333,19,0,0,0,1,1,1,162.0,152.0
763,6,167,3,3,3,0,0,5,41,68.0,93.0
764,6,167,9,3,1,1,0,3,4,78.0,67.0
765,8,255,7,3,3,2,0,0,0,60.0,114.0
766,16,472,19,0,0,0,1,1,1,74.0,54.0
767,79,467,13,3,5,2,0,4,5,55.0,66.0
768,32,53,5,4,1,0,0,2,24,52.0,96.0
769,4,834,11,2,3,2,0,4,5,248.0,102.0
770,4,349,7,3,2,1,0,0,0,60.0,55.0
771,48,336,6,3,4,2,0,4,5,82.0,75.0
772,3,625,15,4,5,2,0,3,4,155.0,131.0
773,25,919,13,3,11,2,0,4,5,163.0,119.0
774,80,313,19,0,0,1,1,1,1,200.0,184.0
775,23,713,10,3,11,2,0,4,5,266.0,277.0
776,16,1148,18,0,0,1,1,1,1,267.0,213.0
777,4,1094,6,0,2,0,0,4,8,105.0,199.0
778,8,937,11,2,1,0,0,5,6,34.0,114.0
779,9,252,1,3,2,0,0,0,2,194.0,149.0
780,18,505,5,4,0,1,1,9,1,89.0,117.0
781,67,1000,13,3,13,2,0,4,5,208.0,161.0
782,81,97,10,3,3,2,0,4,5,41.0,47.0
783,20,934,7,3,1,0,0,4,8,74.0,105.0
784,61,308,15,2,6,2,0,4,5,58.0,55.0
785,43,121,5,4,0,1,1,9,1,78.0,70.0
786,82,463,15,4,4,2,0,4,5,56.0,49.0
787,16,243,19,0,0,1,1,1,1,111.0,73.0
788,23,614,1,3,5,1,0,4,8,202.0,334.0
789,8,1032,11,3,6,1,0,4,5,54.0,168.0
790,4,287,6,3,1,1,0,5,16,60.0,57.0
791,24,208,12,3,8,2,0,4,5,55.0,76.0
792,8,168,3,4,0,1,1,9,1,111.0,178.0
793,83,1112,20,0,0,0,1,1,1,82.0,44.0
794,12,737,2,0,0,0,0,4,8,139.0,161.0
795,8,1127,15,2,1,0,0,6,20,62.0,90.0
796,15,36,9,3,2,0,0,0,2,84.0,53.0
797,84,454,14,3,7,2,0,4,5,80.0,74.0
798,23,402,10,2,2,0,0,4,8,40.0,114.0
799,31,790,20,4,6,2,0,7,14,124.0,92.0
800,8,545,6,4,5,0,0,0,2,252.0,164.0
801,12,278,3,3,1,0,0,0,2,121.0,88.0
802,13,620,19,0,4,2,0,10,12,93.0,47.0
803,12,117,1,2,0,0,0,5,6,73.0,189.0
804,23,564,17,4,2,0,0,5,6,126.0,94.0
805,23,331,5,0,0,0,1,9,1,94.0,187.0
806,8,453,18,0,0,1,1,1,1,714.0,486.0
807,47,648,9,2,3,2,0,4,5,56.0,58.0
808,12,524,13,1,18,2,0,4,5,660.0,356.0
809,23,977,15,0,0,0,1,1,1,59.0,57.0
810,23,42,9,2,1,0,0,4,8,0.0,0.0
811,8,1032,20,2,1,0,0,6,20,51.0,38.0
812,4,378,1,3,3,0,0,4,8,54.0,162.0
813,23,580,9,4,4,2,0,0,0,66.0,98.0
814,4,56,5,3,0,1,1,9,1,192.0,211.0
815,63,674,17,2,0,0,1,1,1,49.0,44.0
816,49,370,18,0,0,1,1,1,1,314.0,303.0
817,8,157,6,3,3,0,0,3,11,113.0,129.0
818,8,937,10,3,1,0,0,12,22,84.0,41.0
819,23,652,19,3,2,0,0,12,42,16.0,62.0
820,12,979,17,0,0,1,1,1,1,223.0,216.0
821,8,415,15,0,0,0,1,1,1,245.0,217.0
822,4,688,20,3,1,0,0,10,12,66.0,47.0
823,12,198,12,1,0,1,1,1,1,111.0,128.0
824,8,1065,18,3,1,0,0,4,8,80.0,93.0
825,12,1115,15,0,0,0,1,1,1,567.0,525.0
826,23,1037,8,3,2,0,0,4,5,62.0,65.0
827,23,506,5,0,0,0,1,9,1,28.0,66.0
828,25,680,7,2,3,2,0,4,8,45.0,64.0
829,4,521,7,2,9,0,0,2,3,303.0,394.0
830,1,369,13,3,6,2,0,4,5,94.0,86.0
831,25,399,7,4,6,0,0,0,2,154.0,211.0
832,12,70,5,0,0,0,1,9,1,64.0,54.0
833,18,61,16,2,1,2,0,2,24,48.0,87.0
834,8,898,18,3,3,0,0,10,26,146.0,66.0
835,25,1126,3,3,0,0,0,3,21,112.0,101.0
836,51,1041,18,0,0,1,1,1,1,124.0,76.0
837,24,732,9,1,1,0,0,6,15,66.0,84.0
838,25,399,5,0,0,0,1,1,1,107.0,134.0
839,40,705,18,4,0,1,1,1,1,85.0,75.0
840,12,812,12,2,6,2,0,4,5,287.0,204.0
841,8,679,12,4,2,2,0,2,3,47.0,57.0
842,8,542,15,2,1,1,0,4,5,45.0,29.0
843,26,90,19,1,0,1,1,1,1,79.0,80.0
844,12,653,19,2,6,1,0,10,12,78.0,75.0
845,12,198,8,2,0,1,1,1,1,63.0,101.0
846,21,691,17,4,0,1,1,1,1,68.0,69.0
847,4,523,11,3,3,0,0,0,2,106.0,84.0
848,10,862,9,3,11,2,0,4,5,57.0,134.0
849,4,250,4,2,2,0,0,5,6,75.0,90.0
850,4,40,15,1,20,2,0,4,5,404.0,187.0
851,36,119,15,0,0,0,1,1,1,74.0,83.0
852,12,605,20,2,11,1,0,10,12,150.0,77.0
853,28,957,13,3,8,2,0,4,5,122.0,85.0
854,4,621,19,3,1,1,1,1,1,562.0,506.0
855,23,199,19,3,1,1,0,10,12,39.0,47.0
856,15,787,3,0,0,1,1,9,1,73.0,38.0
857,18,693,20,2,1,0,0,7,32,67.0,55.0
858,8,639,9,2,1,0,0,5,6,53.0,58.0
859,8,1033,9,2,2,0,0,2,3,84.0,106.0
860,31,922,17,0,0,0,1,1,1,676.0,560.0
861,4,520,14,3,3,2,0,3,11,73.0,117.0
862,8,907,7,3,8,2,0,0,0,231.0,147.0
863,4,850,7,3,0,0,0,2,3,22.0,54.0
864,25,526,9,2,0,1,1,1,1,339.0,542.0
865,43,385,18,0,0,1,1,1,1,269.0,239.0
866,25,450,2,4,0,1,1,9,1,53.0,348.0
867,23,86,6,2,3,2,0,4,8,75.0,132.0
868,31,933,9,3,3,0,0,5,13,177.0,199.0
869,0,899,20,0,0,0,1,1,1,473.0,264.0
870,31,312,16,3,7,0,0,2,3,247.0,231.0
871,85,628,10,2,2,2,0,4,8,103.0,55.0
872,12,606,2,1,2,0,0,4,8,65.0,179.0
873,8,358,11,4,1,0,0,4,8,88.0,142.0
874,23,113,6,0,0,1,1,9,1,97.0,160.0
875,15,57,2,3,0,0,1,9,1,58.0,110.0
876,14,851,2,3,2,0,0,3,11,197.0,196.0
877,12,1145,11,3,17,2,0,4,5,164.0,190.0
878,12,198,11,0,0,1,1,1,1,60.0,45.0
879,10,305,12,0,2,0,0,5,16,111.0,64.0
880,8,417,18,4,0,1,1,1,1,57.0,76.0
881,8,185,9,3,4,2,0,0,0,115.0,88.0
882,65,1118,16,3,2,0,0,2,24,85.0,105.0
883,8,497,5,3,1,0,0,3,11,91.0,100.0
884,4,181,6,0,2,0,0,4,8,127.0,166.0
885,12,65,20,4,9,2,0,7,14,155.0,85.0
886,4,523,7,3,3,0,0,4,8,70.0,51.0
887,12,435,20,1,6,2,0,10,12,114.0,59.0
888,24,637,9,1,1,0,0,5,16,47.0,88.0
889,33,428,18,3,0,1,1,1,1,146.0,120.0
890,86,994,11,3,4,2,0,4,5,39.0,31.0
891,4,264,9,3,20,2,0,4,5,753.0,504.0
892,44,183,7,1,1,0,0,4,8,170.0,189.0
893,87,404,16,2,5,2,0,4,5,68.0,50.0
894,42,546,19,0,0,1,1,1,1,119.0,83.0
895,8,924,16,3,1,0,0,4,8,93.0,127.0
896,18,585,5,3,0,1,1,9,1,75.0,78.0
897,4,941,14,3,20,2,0,4,5,407.0,297.0
898,10,79,6,2,2,2,0,4,8,85.0,133.0
899,23,294,17,0,0,0,1,1,1,178.0,113.0
900,14,1075,17,0,0,1,1,1,1,923.0,582.0
901,23,512,4,0,0,0,1,1,1,112.0,99.0
902,24,816,7,3,4,2,0,0,0,44.0,68.0
903,23,836,11,4,1,2,0,3,11,32.0,62.0
904,25,633,20,3,3,0,0,10,26,112.0,43.0
905,8,791,15,0,0,0,1,1,1,82.0,61.0
906,49,551,9,0,0,0,1,1,1,93.0,109.0
907,17,645,5,4,4,1,0,0,0,115.0,63.0
908,25,623,8,4,0,1,1,9,1,78.0,87.0
909,25,434,13,3,8,2,0,4,5,141.0,115.0
910,8,1032,6,4,6,0,0,0,2,223.0,225.0
911,2,1144,12,2,6,2,0,4,5,76.0,54.0
912,11,942,5,2,2,0,0,5,6,101.0,90.0
913,15,552,8,3,3,0,0,0,2,121.0,72.0
914,4,954,17,3,1,0,0,4,8,55.0,63.0
915,44,513,18,2,0,1,1,1,1,113.0,102.0
916,12,653,6,3,10,2,0,4,5,245.0,253.0
917,8,39,3,4,0,1,1,9,1,52.0,58.0
918,12,605,8,2,2,0,0,5,16,82.0,62.0
919,8,554,19,0,1,0,0,10,26,63.0,35.0
920,8,642,8,4,1,0,0,0,0,32.0,56.0
921,51,307,2,1,1,0,0,4,8,83.0,115.0
922,31,196,16,3,3,0,0,5,6,79.0,74.0
923,13,1103,9,3,1,0,0,0,0,146.0,89.0
924,12,117,2,0,0,0,0,4,8,74.0,129.0
925,23,996,4,3,1,0,0,4,8,9.0,9.0
926,17,677,14,3,7,2,0,4,5,88.0,67.0
927,12,905,10,3,2,2,0,6,15,98.0,67.0
928,10,49,7,1,3,2,0,4,8,118.0,106.0
929,88,108,14,3,5,2,0,4,5,61.0,50.0
930,12,903,2,2,0,0,0,7,9,73.0,66.0
931,23,375,8,3,2,0,0,2,3,107.0,171.0
932,4,286,9,2,3,1,0,4,8,54.0,54.0
933,4,264,5,3,2,1,0,3,11,61.0,85.0
934,4,286,18,3,1,1,1,1,1,687.0,749.0
935,23,512,8,2,3,2,0,4,8,86.0,117.0
936,8,1023,20,2,1,2,0,12,22,77.0,32.0
937,24,816,12,3,5,0,0,3,21,146.0,91.0
938,33,217,12,0,0,0,1,1,1,99.0,87.0
939,4,815,3,3,1,0,0,3,21,49.0,106.0
940,8,642,14,0,0,0,1,1,1,118.0,113.0
941,78,857,17,0,0,0,1,1,1,55.0,53.0
942,53,193,7,3,1,0,0,3,4,43.0,54.0
943,31,902,6,2,3,0,0,5,6,113.0,73.0
944,49,337,9,3,1,2,0,3,21,74.0,40.0
945,28,960,10,0,2,0,0,4,8,34.0,67.0
946,25,433,17,0,0,1,1,1,1,95.0,140.0
947,15,552,3,0,0,1,1,9,1,55.0,74.0
948,23,1108,5,3,1,0,0,5,6,81.0,99.0
949,17,206,16,3,2,0,0,5,13,61.0,59.0
950,4,1091,10,0,0,0,1,1,1,132.0,151.0
951,8,554,4,2,2,0,0,5,16,257.0,177.0
952,5,495,11,3,1,0,0,3,21,82.0,70.0
953,8,507,15,4,3,0,0,5,16,172.0,142.0
954,6,219,2,4,1,0,0,5,6,70.0,95.0
955,15,624,18,0,0,0,1,1,1,102.0,93.0
956,9,245,17,3,1,0,0,2,29,52.0,48.0
957,24,441,16,0,0,1,1,1,1,273.0,172.0
958,10,562,3,0,2,0,0,7,32,0.0,158.0
959,4,521,5,2,4,0,0,2,24,186.0,225.0
960,25,284,1,3,1,0,0,5,16,76.0,91.0
961,23,610,10,3,14,2,0,4,5,192.0,257.0
962,44,395,17,3,3,0,0,2,24,109.0,117.0
963,8,1127,16,1,1,0,0,4,8,34.0,68.0
964,25,469,9,2,5,0,0,5,6,305.0,144.0
965,15,173,15,2,2,2,0,2,3,82.0,92.0
966,31,933,3,3,2,0,0,5,16,114.0,117.0
967,25,680,5,2,2,0,0,5,16,85.0,62.0
968,4,749,5,4,0,1,1,9,1,90.0,124.0
969,18,1129,20,1,3,2,0,6,23,151.0,125.0
970,23,1130,6,0,0,1,1,9,1,60.0,121.0
971,12,737,14,4,0,1,1,1,1,141.0,113.0
972,32,1158,14,3,14,2,0,4,5,156.0,145.0
973,49,599,16,0,0,0,1,1,1,200.0,203.0
974,12,608,1,3,0,0,0,5,41,65.0,99.0
975,15,36,11,2,5,2,0,4,5,78.0,110.0
976,15,944,4,4,0,0,1,9,1,72.0,89.0
977,15,746,6,1,3,0,0,4,8,86.0,89.0
978,18,822,3,4,0,1,1,9,1,113.0,148.0
979,31,431,17,0,0,1,1,1,1,151.0,120.0
980,53,646,9,3,4,2,0,4,5,106.0,81.0
981,12,524,11,2,2,2,0,6,15,143.0,69.0
982,8,420,17,2,2,1,0,4,8,127.0,118.0
983,23,222,5,1,1,0,0,2,3,63.0,59.0
984,3,728,9,4,8,2,0,0,0,138.0,98.0
985,23,77,7,0,0,1,1,9,1,135.0,248.0
986,61,78,6,4,0,0,1,1,1,77.0,111.0
987,8,1032,18,3,1,0,0,8,10,30.0,61.0
988,8,413,19,4,0,1,1,1,1,385.0,304.0
989,4,1120,15,3,2,0,0,5,16,98.0,179.0
990,31,400,10,3,9,2,0,4,5,257.0,148.0
991,89,33,17,0,0,0,1,9,1,110.0,105.0
992,12,510,5,2,2,0,0,4,8,62.0,86.0
993,8,417,9,2,1,0,0,5,6,55.0,54.0
994,44,938,11,3,1,1,0,0,2,121.0,83.0
995,18,481,16,0,0,0,1,1,1,112.0,118.0
996,23,601,9,2,3,0,0,2,3,49.0,78.0
997,6,219,2,3,2,0,0,5,13,80.0,106.0
998,26,858,16,1,0,0,1,1,1,199.0,180.0
999,10,991,7,3,9,2,0,4,5,80.0,266.0
1000,15,552,20,1,4,2,0,6,15,101.0,64.0
1001,49,838,20,0,1,0,0,6,23,30.0,31.0
1002,23,113,10,3,1,0,0,0,17,62.0,43.0
1003,4,264,18,2,0,0,0,6,28,64.0,56.0
1004,15,590,3,2,1,0,0,2,29,119.0,148.0
1005,4,485,1,4,0,0,0,5,16,92.0,68.0
1006,70,875,18,4,0,1,1,1,1,83.0,67.0
1007,25,644,9,0,0,0,1,1,1,114.0,136.0
1008,24,637,20,2,2,0,0,7,9,79.0,59.0
1009,4,850,3,3,2,1,0,0,0,106.0,78.0
1010,23,517,6,4,1,0,0,5,6,65.0,51.0
1011,15,36,2,4,0,0,1,9,1,84.0,119.0
1012,31,933,7,3,1,0,0,4,8,98.0,116.0
1013,23,388,2,3,0,0,1,9,1,49.0,143.0
1014,25,715,11,1,1,0,0,4,8,60.0,55.0
1015,18,442,11,3,0,0,0,2,3,75.0,84.0
1016,9,786,19,3,0,0,0,2,3,56.0,56.0
1017,90,1077,18,0,0,1,1,1,1,191.0,156.0
1018,10,1109,18,2,0,1,1,1,1,592.0,402.0
1019,85,169,9,2,3,2,0,4,8,116.0,95.0
1020,78,873,3,3,0,1,1,9,1,35.0,31.0
1021,33,1064,9,0,0,0,1,1,1,124.0,148.0
1022,31,389,3,0,0,1,1,9,1,116.0,113.0
1023,91,282,14,3,4,2,0,4,5,52.0,35.0
1024,17,458,4,4,0,1,1,9,1,82.0,60.0
1025,43,121,20,0,0,1,1,1,1,152.0,128.0
1026,15,156,17,2,3,0,0,2,29,109.0,103.0
1027,12,945,11,3,3,0,0,4,8,124.0,117.0
1028,10,531,2,4,0,1,1,9,1,34.0,53.0
1029,4,181,9,3,2,0,0,5,16,34.0,71.0
1030,23,1130,14,4,3,2,0,3,4,43.0,90.0
1031,17,769,19,3,2,0,0,6,28,68.0,34.0
1032,4,1097,14,4,4,2,0,2,3,68.0,89.0
1033,10,981,13,3,3,2,0,4,5,74.0,45.0
1034,63,619,9,3,6,2,0,4,5,96.0,78.0
1035,25,673,13,3,12,2,0,4,5,165.0,126.0
1036,12,213,4,3,2,0,0,3,4,107.0,93.0
1037,10,596,9,3,5,2,0,4,5,100.0,66.0
1038,9,798,17,0,0,0,1,1,1,152.0,146.0
1039,14,537,17,4,0,1,1,1,1,339.0,301.0
1040,11,75,7,3,2,0,0,0,0,81.0,50.0
1041,77,888,18,0,0,1,1,1,1,195.0,150.0
1042,9,230,20,0,0,1,1,1,1,156.0,109.0
1043,12,1081,9,3,6,2,0,4,5,163.0,148.0
1044,12,435,10,2,1,2,0,6,15,91.0,60.0
1045,23,566,13,0,0,0,1,1,1,194.0,127.0
1046,17,344,5,0,0,0,1,9,1,72.0,45.0
1047,10,194,5,0,1,0,0,4,8,53.0,76.0
1048,32,492,6,0,0,1,1,9,1,45.0,52.0
1049,10,531,7,3,5,2,0,4,5,112.0,113.0
1050,29,127,2,3,1,0,0,2,3,48.0,120.0
1051,8,497,15,3,2,2,0,2,3,80.0,57.0
1052,8,675,19,0,0,1,1,1,1,321.0,286.0
1053,8,339,11,0,0,0,1,1,1,73.0,83.0
1054,25,1106,2,4,1,0,0,0,2,50.0,67.0
1055,25,172,4,4,3,0,0,0,2,131.0,102.0
1056,8,709,4,3,4,2,0,0,2,103.0,63.0
1057,4,592,11,0,1,0,0,4,8,83.0,76.0
1058,2,179,1,3,2,0,0,0,17,56.0,50.0
1059,31,220,15,2,2,0,0,2,3,93.0,101.0
1060,15,853,2,2,1,0,0,3,4,91.0,143.0
1061,15,541,11,2,12,2,0,4,5,160.0,113.0
1062,3,992,9,4,6,2,0,4,5,71.0,83.0
1063,92,678,19,0,0,1,1,1,1,77.0,48.0
1064,18,158,5,4,0,1,1,9,1,37.0,57.0
1065,12,435,1,3,1,0,0,5,16,91.0,86.0
1066,23,1101,9,3,6,2,0,4,5,138.0,143.0
1067,14,851,2,1,1,0,0,2,3,181.0,118.0
1068,8,609,13,2,2,1,0,4,8,53.0,55.0
1069,16,579,18,0,0,1,1,1,1,180.0,138.0
1070,18,1014,14,0,0,0,1,1,1,46.0,70.0
1071,9,764,2,2,2,0,0,2,3,45.0,72.0
1072,33,352,2,2,1,1,1,1,1,119.0,158.0
1073,25,73,12,4,1,0,0,6,28,46.0,65.0
1074,8,134,7,3,2,0,0,5,6,125.0,51.0
1075,39,755,11,2,3,1,0,4,8,88.0,81.0
1076,31,310,12,3,1,0,0,2,29,122.0,112.0
1077,53,26,14,3,2,2,0,4,5,67.0,42.0
1078,14,851,2,4,1,0,0,5,6,79.0,78.0
1079,35,598,12,4,7,2,0,4,5,57.0,71.0
1080,25,742,16,4,0,1,1,1,1,40.0,48.0
1081,15,488,3,3,0,0,1,9,1,70.0,70.0
1082,10,332,19,4,1,0,0,10,12,78.0,88.0
1083,24,232,3,3,3,0,0,2,3,90.0,115.0
1084,29,27,14,3,6,2,0,4,5,148.0,98.0
1085,2,1131,10,3,5,2,0,4,5,157.0,96.0
1086,23,322,12,3,3,0,0,2,3,76.0,69.0
1087,23,1038,20,3,4,1,0,6,23,116.0,78.0
1088,8,725,10,3,1,1,0,3,4,104.0,99.0
1089,8,809,16,3,1,2,0,0,0,53.0,34.0
1090,4,383,2,0,0,1,1,9,1,119.0,361.0
1091,20,824,4,2,2,1,0,4,8,78.0,84.0
1092,8,315,11,3,7,2,0,4,5,155.0,119.0
1093,12,1024,5,0,1,0,0,10,33,0.0,132.0
1094,8,466,13,3,7,2,0,4,5,154.0,117.0
1095,17,1015,3,3,0,0,1,9,1,149.0,105.0
1096,8,639,10,3,1,0,0,4,8,85.0,75.0
1097,93,477,14,2,4,2,0,4,5,78.0,43.0
1098,12,85,1,2,1,0,0,4,8,192.0,224.0
1099,15,155,17,2,2,0,0,6,27,117.0,108.0
1100,8,489,18,4,2,0,0,0,0,82.0,23.0
1101,31,745,13,3,6,2,0,4,5,142.0,109.0
1102,15,1076,10,3,7,2,0,4,5,169.0,142.0
1103,18,936,2,3,1,0,0,2,24,22.0,44.0
1104,8,1116,19,3,0,1,1,1,1,396.0,234.0
1105,4,250,7,3,2,0,0,5,41,85.0,84.0
1106,24,112,1,2,0,0,0,4,8,16.0,67.0
1107,0,885,6,3,1,0,0,0,2,43.0,28.0
1108,25,1126,20,4,6,2,0,7,14,146.0,80.0
1109,23,772,12,3,8,2,0,4,5,113.0,137.0
1110,4,286,14,3,3,0,0,5,16,131.0,185.0
1111,8,697,5,3,0,1,1,9,1,49.0,79.0
1112,10,1028,11,2,7,2,0,4,5,75.0,84.0
1113,18,722,3,2,0,1,1,9,1,173.0,155.0
1114,8,943,1,4,1,0,0,5,16,106.0,193.0
1115,23,388,12,1,2,2,0,4,8,31.0,52.0
1116,25,526,2,4,0,1,1,9,1,47.0,78.0
1117,15,11,9,3,8,2,0,4,5,221.0,253.0
1118,4,1093,15,3,4,2,0,5,6,142.0,91.0
1119,4,378,16,3,1,0,0,5,13,49.0,88.0
1120,17,325,13,3,4,2,0,4,5,48.0,42.0
1121,13,955,13,2,11,2,0,4,5,148.0,135.0
1122,36,719,2,4,4,0,0,2,29,151.0,111.0
1123,12,683,19,4,0,1,1,1,1,617.0,462.0
1124,12,416,10,3,4,1,0,0,17,70.0,25.0
1125,15,47,14,1,14,2,0,4,5,414.0,229.0
1126,65,963,13,3,6,2,0,4,5,97.0,84.0
1127,14,611,12,3,2,2,0,3,4,118.0,69.0
1128,12,290,16,3,3,2,0,5,6,99.0,79.0
1129,2,591,15,2,6,2,0,4,5,88.0,90.0
1130,18,174,9,3,1,0,0,2,3,72.0,124.0
1131,20,443,2,3,2,1,0,4,8,96.0,225.0
1132,8,627,12,0,0,0,1,1,1,70.0,71.0
1133,20,539,6,0,0,0,1,9,1,45.0,52.0
1134,53,1138,13,2,6,2,0,4,5,68.0,57.0
1135,31,1147,12,3,11,2,0,4,5,177.0,135.0
1136,47,82,12,0,0,0,1,1,1,228.0,183.0
1137,86,700,17,0,0,0,1,1,1,87.0,80.0
1138,25,1126,8,3,2,0,0,5,16,46.0,49.0
1139,47,88,12,2,6,2,0,4,5,65.0,71.0
1140,8,1032,15,3,2,0,0,8,25,40.0,130.0
1141,20,111,4,3,2,0,0,5,13,103.0,82.0
1142,78,703,19,3,2,0,0,6,28,91.0,66.0
1143,18,693,4,4,3,0,0,0,2,109.0,80.0
1144,8,301,18,0,0,1,1,1,1,105.0,78.0
1145,8,247,10,3,1,0,0,3,4,41.0,39.0
1146,12,581,16,4,0,1,1,1,1,197.0,186.0
1147,25,680,9,1,3,0,0,2,3,158.0,471.0
1148,13,770,7,0,0,0,1,1,1,65.0,71.0
1149,2,886,6,2,1,0,0,4,5,56.0,49.0
1150,8,1003,19,4,0,1,1,1,1,343.0,309.0
1151,10,734,9,2,8,2,0,4,5,92.0,124.0
1152,8,1116,10,3,4,0,0,3,4,267.0,169.0
1153,8,1065,8,3,6,2,0,4,5,163.0,169.0
1154,43,390,6,2,1,0,0,4,8,64.0,53.0
1155,18,442,15,3,1,0,0,2,3,38.0,51.0
1156,94,887,18,0,0,1,1,1,1,68.0,94.0
1157,23,1043,5,2,1,0,0,5,6,47.0,81.0
1158,4,589,10,0,0,0,1,1,1,57.0,75.0
1159,4,521,15,2,2,0,0,6,7,86.0,80.0
1160,8,854,6,0,0,1,1,9,1,25.0,42.0
1161,21,147,12,2,3,2,0,4,5,159.0,61.0
1162,8,519,10,3,1,0,0,3,11,139.0,59.0
1163,8,1032,16,3,1,0,0,5,16,30.0,78.0
1164,5,16,6,4,4,2,0,0,0,35.0,89.0
1165,15,568,11,2,7,2,0,4,5,52.0,71.0
1166,31,470,12,3,6,2,0,4,5,76.0,89.0
1167,77,468,18,0,0,1,1,1,1,106.0,114.0
1168,52,371,18,0,0,1,1,1,1,213.0,202.0
1169,18,211,16,1,3,0,0,2,3,119.0,159.0
1170,9,656,16,0,0,0,1,1,1,43.0,62.0
1171,65,959,14,2,5,2,0,4,5,62.0,52.0
1172,18,585,20,1,3,2,0,10,12,64.0,41.0
1173,4,895,15,3,3,1,0,4,5,120.0,74.0
1174,12,557,3,0,0,0,1,9,1,90.0,130.0
1175,11,487,6,3,3,0,0,5,6,203.0,179.0
1176,6,214,17,2,0,1,1,1,1,97.0,111.0
1177,4,978,11,3,3,0,0,2,3,103.0,107.0
1178,14,122,5,1,2,0,0,4,8,92.0,180.0
1179,2,964,3,3,1,0,0,5,13,89.0,111.0
1180,4,1093,9,3,3,1,0,3,4,160.0,130.0
1181,6,615,15,3,12,2,0,4,5,148.0,161.0
1182,10,531,8,3,2,0,0,0,2,82.0,63.0
1183,8,1098,15,0,0,0,1,1,1,86.0,45.0
1184,12,606,5,3,4,0,0,0,2,108.0,97.0
1185,12,209,1,1,0,0,0,4,8,5.0,274.0
1186,24,597,5,0,0,0,1,1,1,55.0,66.0
1187,69,372,13,3,5,2,0,4,5,92.0,51.0
1188,12,737,1,3,2,0,0,0,2,111.0,122.0
1189,28,1151,1,3,0,0,0,6,28,119.0,117.0
1190,31,314,13,3,18,2,0,4,5,361.0,341.0
1191,49,254,15,0,0,0,1,1,1,61.0,71.0
1192,23,430,18,3,3,2,0,7,32,90.0,69.0
1193,8,642,7,4,1,0,0,0,2,77.0,84.0
1194,31,496,14,0,0,0,1,1,1,154.0,134.0
1195,18,1006,14,2,6,2,0,4,5,95.0,54.0
1196,95,548,16,4,0,1,1,1,1,104.0,117.0
1197,23,1096,10,3,10,2,0,4,5,100.0,125.0
1198,8,643,15,3,2,2,0,2,3,72.0,65.0
1199,23,880,8,0,0,1,1,9,1,31.0,138.0
1200,18,704,5,4,0,1,1,9,1,55.0,60.0
1201,9,436,7,3,4,0,0,2,3,207.0,88.0
1202,41,1016,6,2,3,2,0,4,5,45.0,39.0
1203,8,153,5,3,4,2,0,0,2,257.0,131.0
1204,8,153,16,3,0,1,1,1,1,147.0,78.0
1205,6,634,4,4,2,0,0,2,3,52.0,124.0
1206,23,186,15,0,0,0,1,1,1,68.0,20.0
1207,3,1004,12,3,5,2,0,4,5,82.0,57.0
1208,14,226,15,3,3,1,0,4,5,169.0,91.0
1209,8,153,19,1,1,0,0,6,20,58.0,62.0
1210,48,804,15,2,4,2,0,4,5,84.0,65.0
1211,25,399,8,3,9,2,0,4,5,255.0,199.0
1212,33,200,17,0,0,0,1,1,1,75.0,100.0
1213,23,86,11,3,6,2,0,3,4,86.0,207.0
1214,8,255,7,1,0,0,0,6,43,10.0,119.0
1215,17,1001,4,0,0,1,1,9,1,57.0,61.0
1216,12,653,8,1,1,0,0,4,8,52.0,93.0
1217,11,171,15,2,10,2,0,4,5,509.0,289.0
1218,23,836,5,4,0,1,1,9,1,59.0,152.0
1219,11,1020,8,3,4,2,0,4,5,68.0,53.0
1220,12,209,2,0,0,0,1,9,1,77.0,187.0
1221,49,814,5,4,7,0,0,0,2,149.0,146.0
1222,24,274,9,1,2,0,0,4,8,71.0,77.0
1223,8,1127,6,3,1,0,0,10,26,73.0,104.0
1224,33,805,14,2,5,2,0,4,5,160.0,118.0
1225,10,195,5,1,1,0,0,4,8,61.0,64.0
1226,4,361,17,3,0,1,1,1,1,490.0,543.0
1227,18,442,11,3,0,0,1,1,1,119.0,121.0
1228,25,221,14,4,0,1,1,1,1,112.0,154.0
1229,15,132,6,2,1,0,1,1,1,548.0,585.0
1230,25,1155,2,4,1,0,0,5,13,54.0,56.0
1231,96,890,19,0,0,1,1,1,1,184.0,103.0
1232,10,1069,6,0,0,0,1,1,1,43.0,65.0
1233,53,618,9,3,3,2,0,4,5,67.0,84.0
1234,28,549,6,3,4,2,0,4,5,66.0,22.0
1235,25,172,8,2,1,0,0,4,8,71.0,74.0
1236,9,230,14,0,0,0,1,1,1,127.0,132.0
1237,23,1099,11,3,5,2,0,4,5,43.0,54.0
1238,18,585,2,4,0,1,1,9,1,73.0,97.0
1239,18,840,6,4,0,1,1,9,1,71.0,62.0
1240,12,85,1,2,0,0,0,4,8,181.0,162.0
1241,8,1054,6,4,2,0,0,0,2,129.0,53.0
1242,6,214,6,2,2,2,0,4,8,71.0,60.0
1243,11,1156,1,3,1,0,0,0,2,28.0,43.0
1244,12,825,12,3,14,2,0,4,5,143.0,145.0
1245,8,168,4,0,0,1,1,9,1,72.0,59.0
1246,4,1093,14,2,2,0,0,4,18,84.0,60.0
1247,31,902,7,3,3,0,0,4,8,67.0,77.0
1248,24,573,6,0,0,0,1,1,1,82.0,110.0
1249,4,520,12,3,4,2,0,4,8,145.0,240.0
1250,15,533,2,2,0,1,1,9,1,128.0,216.0
1251,4,124,7,3,3,0,0,2,3,67.0,83.0
1252,25,680,16,3,4,2,0,5,6,215.0,138.0
1253,33,289,17,0,0,0,1,1,1,65.0,69.0
1254,97,483,18,4,0,0,1,1,1,58.0,76.0
1255,98,25,16,2,5,2,0,4,5,105.0,73.0
1256,23,1117,14,0,0,0,1,1,1,253.0,250.0
1257,13,59,18,0,0,1,1,1,1,0.0,190.0
1258,4,485,2,4,3,1,0,0,0,166.0,211.0
1259,97,1084,10,2,3,0,0,4,8,75.0,102.0
1260,12,1072,6,2,1,0,0,2,3,80.0,96.0
1261,23,42,15,2,2,0,0,4,18,49.0,116.0
1262,25,680,12,3,3,2,0,3,4,90.0,85.0
1263,65,1071,17,2,0,1,1,1,1,313.0,392.0
1264,99,987,18,0,0,1,1,1,1,146.0,127.0
1265,2,848,1,2,1,0,0,0,2,25.0,25.0
1266,23,42,5,0,0,0,1,9,1,55.0,91.0
1267,43,480,18,0,0,0,1,1,1,171.0,163.0
1268,25,575,8,4,0,1,1,1,1,248.0,333.0
1269,13,1107,1,2,0,1,1,9,1,0.0,0.0
1270,23,113,11,3,2,2,0,0,17,69.0,85.0
1271,4,523,17,4,0,1,1,1,1,180.0,161.0
1272,24,474,1,3,1,0,0,5,6,60.0,58.0
1273,25,499,11,3,8,2,0,4,5,81.0,113.0
1274,15,853,1,3,0,0,0,0,0,77.0,63.0
1275,59,348,14,1,8,2,0,4,5,274.0,127.0
1276,10,813,6,1,2,0,0,4,8,74.0,141.0
1277,17,603,14,3,5,2,0,4,5,67.0,48.0
1278,69,62,5,3,1,0,0,0,0,55.0,55.0
1279,17,154,3,3,0,1,1,9,1,96.0,109.0
1280,9,207,8,3,1,0,0,7,9,79.0,73.0
1281,33,460,11,3,5,2,0,4,5,61.0,72.0
1282,12,1007,7,2,2,2,0,4,8,49.0,78.0
1283,29,18,19,4,0,1,1,1,1,195.0,236.0
1284,49,720,12,3,4,2,0,4,5,85.0,84.0
1285,4,849,10,0,1,0,0,4,8,83.0,99.0
1286,23,256,18,4,2,0,0,5,6,78.0,81.0
1287,12,608,5,3,2,0,0,2,24,112.0,111.0
1288,4,1094,4,3,2,2,0,0,2,79.0,76.0
1289,8,554,20,1,1,0,0,6,38,90.0,47.0
1290,28,962,6,4,2,1,0,0,0,118.0,78.0
1291,15,552,20,2,6,2,0,6,15,71.0,58.0
1292,15,711,7,3,10,2,0,4,5,217.0,178.0
1293,4,264,9,3,4,2,0,3,11,107.0,144.0
1294,10,194,6,2,2,2,0,4,5,66.0,64.0
1295,16,272,16,3,2,0,0,3,11,80.0,53.0
1296,8,921,19,4,0,1,1,1,1,0.0,510.0
1297,23,19,10,3,8,2,0,4,5,219.0,194.0
1298,31,868,8,4,2,0,0,0,2,180.0,141.0
1299,33,68,13,3,9,2,0,4,5,118.0,199.0
1300,4,485,3,3,2,0,0,5,6,56.0,70.0
1301,100,560,9,4,4,2,0,0,0,110.0,90.0
1302,23,980,19,0,0,1,1,1,1,1138.0,562.0
1303,8,709,5,0,0,1,1,9,1,145.0,162.0
1304,12,892,18,0,0,1,1,1,1,120.0,96.0
1305,32,201,1,2,0,0,0,5,6,8.0,56.0
1306,23,94,19,0,0,1,1,1,1,458.0,444.0
1307,18,936,6,4,1,0,0,2,24,43.0,58.0
1308,4,146,6,2,11,0,0,4,8,300.0,298.0
1309,8,554,9,2,5,1,0,3,11,251.0,311.0
1310,10,79,16,4,0,1,1,1,1,378.0,316.0
1311,15,488,20,2,5,2,0,10,12,98.0,64.0
1312,101,190,10,3,5,2,0,4,5,103.0,96.0
1313,102,744,15,3,6,2,0,4,5,67.0,36.0
1314,10,407,9,3,5,2,0,4,5,173.0,165.0
1315,23,396,11,3,13,2,0,4,5,155.0,190.0
1316,8,1061,18,2,2,0,0,10,26,96.0,64.0
1317,8,1110,10,3,1,1,0,3,4,115.0,85.0
1318,4,1093,4,3,3,1,0,0,0,75.0,66.0
1319,10,237,8,3,3,2,0,4,8,35.0,51.0
1320,8,1127,15,0,1,0,0,6,28,13.0,61.0
1321,8,1114,18,4,1,0,0,2,3,79.0,70.0
1322,4,1093,20,4,8,2,0,7,14,210.0,165.0
1323,24,563,1,3,0,0,0,0,0,62.0,66.0
1324,25,73,10,3,9,2,0,4,5,84.0,160.0
1325,12,317,11,3,4,1,0,3,11,134.0,107.0
1326,32,1158,18,4,0,0,1,1,1,468.0,417.0
1327,4,974,17,3,0,1,1,1,1,93.0,99.0
1328,23,249,19,2,2,0,0,6,28,55.0,41.0
1329,25,172,5,4,0,1,1,9,1,59.0,96.0
1330,26,1048,9,2,2,2,0,4,5,46.0,60.0
1331,8,153,11,3,1,0,0,10,26,64.0,14.0
1332,4,1093,15,3,14,2,0,4,5,160.0,127.0
1333,15,973,1,3,1,0,0,2,29,69.0,78.0
1334,4,760,4,0,0,1,1,9,1,98.0,68.0
1335,31,389,9,3,5,2,0,4,5,121.0,91.0
1336,32,492,12,0,0,0,1,9,1,53.0,36.0
1337,25,673,19,3,2,0,0,10,26,96.0,37.0
1338,8,924,7,2,2,2,0,4,8,127.0,114.0
1339,33,751,12,3,9,2,0,4,5,169.0,180.0
1340,23,574,18,3,4,0,0,6,28,67.0,104.0
1341,15,228,4,3,3,0,0,4,8,127.0,111.0
1342,9,436,13,2,2,0,0,3,4,179.0,87.0
1343,4,1094,8,3,3,1,0,3,11,94.0,77.0
1344,23,535,16,4,0,0,1,1,1,280.0,215.0
1345,4,146,4,4,2,0,0,5,6,91.0,87.0
1346,4,287,19,0,0,1,1,1,1,1256.0,1197.0
1347,10,195,10,2,11,2,0,4,5,102.0,91.0
1348,8,501,10,3,4,2,0,4,5,143.0,97.0
1349,4,668,14,3,3,2,0,3,11,96.0,104.0
1350,4,1093,12,3,20,2,0,4,5,413.0,379.0
1351,9,436,6,3,2,0,0,0,2,120.0,85.0
1352,10,368,12,3,7,2,0,4,5,64.0,66.0
1353,10,862,4,0,3,0,0,4,8,156.0,361.0
1354,4,225,8,3,8,0,0,4,8,200.0,223.0
1355,25,215,10,3,18,2,0,4,5,253.0,315.0
1356,44,569,13,2,10,2,0,4,5,157.0,157.0
1357,16,561,18,0,0,1,1,1,1,145.0,144.0
1358,8,1085,19,0,0,1,1,1,1,294.0,241.0
1359,17,1015,13,3,6,2,0,4,5,73.0,37.0
1360,33,188,3,0,0,1,1,9,1,50.0,45.0
1361,8,662,4,4,0,1,1,9,1,93.0,148.0
1362,103,224,15,3,6,2,0,4,5,83.0,42.0
1363,4,974,15,3,3,2,0,3,11,99.0,90.0
1364,4,941,20,2,1,2,0,6,20,102.0,63.0
1365,25,399,10,3,18,2,0,4,5,215.0,301.0
1366,8,1127,16,2,1,0,0,10,33,11.0,143.0
1367,4,629,13,3,2,1,0,4,5,281.0,91.0
1368,15,935,2,1,0,0,1,9,1,85.0,126.0
1369,4,631,15,3,2,2,0,2,3,46.0,80.0
1370,20,318,1,4,2,0,0,0,2,147.0,95.0
1371,23,916,17,4,3,1,0,4,8,28.0,93.0
1372,10,847,2,0,9,0,0,4,8,166.0,1004.0
1373,10,657,20,4,0,1,1,1,1,586.0,376.0
1374,3,684,6,3,2,0,0,4,5,54.0,62.0
1375,12,979,3,3,1,0,0,3,4,70.0,60.0
1376,12,1024,10,2,3,2,0,6,15,129.0,144.0
1377,104,556,14,3,13,2,0,4,5,196.0,168.0
1378,15,57,10,3,2,0,0,3,4,46.0,96.0
1379,8,255,1,4,0,1,1,9,1,162.0,212.0
1380,17,291,4,4,2,1,0,0,2,57.0,74.0
1381,17,344,2,3,0,1,1,9,1,174.0,131.0
1382,17,852,4,4,0,1,1,9,1,60.0,68.0
1383,4,485,1,3,1,0,0,5,6,98.0,197.0
1384,12,602,14,2,0,0,0,4,18,81.0,40.0
1385,8,1033,7,0,0,0,1,1,1,74.0,84.0
1386,9,798,13,3,1,0,0,3,4,77.0,42.0
1387,8,626,9,3,4,0,0,3,11,285.0,102.0
1388,105,246,14,3,6,2,0,4,5,113.0,80.0
1389,5,970,13,4,8,2,0,4,5,108.0,102.0
1390,3,690,8,2,1,0,0,4,8,72.0,35.0
1391,12,85,1,1,0,0,0,4,8,68.0,161.0
1392,4,1091,3,0,3,0,0,10,33,220.0,272.0
1393,106,893,15,3,7,2,0,4,5,81.0,76.0
1394,8,1127,8,0,0,0,1,1,1,253.0,363.0
1395,31,961,12,3,7,2,0,4,5,80.0,105.0
1396,10,216,17,4,0,1,1,1,1,365.0,349.0
1397,42,355,19,0,0,1,1,1,1,276.0,195.0
1398,8,643,17,3,2,2,0,0,0,63.0,37.0
1399,23,580,10,3,4,1,0,3,4,223.0,144.0
1400,9,764,1,3,0,0,0,5,6,0.0,0.0
1401,15,155,15,3,3,2,0,4,5,115.0,99.0
1402,4,286,5,3,1,0,0,5,6,44.0,75.0
1403,10,966,12,1,0,1,1,1,1,171.0,144.0
1404,8,924,7,2,2,0,0,7,9,115.0,120.0
1405,25,399,11,2,1,0,0,2,3,43.0,81.0
1406,17,120,7,4,0,1,1,9,1,79.0,57.0
1407,4,884,2,2,1,0,0,5,6,41.0,80.0
1408,49,814,7,0,1,0,0,4,8,64.0,63.0
1409,8,943,7,2,2,2,0,4,8,188.0,225.0
1410,32,1158,14,3,11,2,0,4,5,120.0,138.0
1411,8,339,13,3,6,2,0,4,5,129.0,148.0
1412,54,638,13,3,10,2,0,4,5,176.0,107.0
1413,4,144,5,3,1,0,0,4,8,69.0,81.0
1414,23,129,14,0,0,0,1,1,1,68.0,36.0
1415,8,752,10,0,0,0,1,1,1,65.0,61.0
1416,6,1063,5,4,3,0,0,0,2,64.0,44.0
1417,5,543,18,4,0,1,1,1,1,168.0,178.0
1418,28,1151,1,2,0,0,0,6,28,118.0,126.0
1419,4,32,5,0,1,0,0,4,8,99.0,148.0
1420,4,865,2,4,0,1,1,9,1,79.0,227.0
1421,8,420,15,3,4,2,0,4,5,148.0,128.0
1422,12,737,19,3,0,0,0,10,33,143.0,123.0
1423,14,985,17,0,0,1,1,1,1,126.0,56.0
1424,8,519,10,3,7,2,0,4,5,248.0,125.0
1425,18,141,6,0,0,1,1,9,1,60.0,66.0
1426,4,378,2,0,0,1,1,9,1,104.0,509.0
1427,32,1158,12,2,4,0,0,5,6,184.0,167.0
1428,3,288,12,3,6,2,0,4,5,74.0,55.0
1429,4,286,10,3,3,2,0,4,8,95.0,122.0
1430,23,823,6,3,0,0,0,4,8,24.0,56.0
1431,23,199,16,4,4,1,0,3,4,95.0,95.0
1432,25,956,8,3,9,2,0,4,5,315.0,328.0
1433,10,1109,13,3,1,0,0,3,21,83.0,74.0
1434,4,89,6,2,5,0,0,4,8,394.0,452.0
1435,23,142,14,3,6,2,0,4,5,61.0,43.0
1436,11,1070,18,0,0,1,1,1,1,340.0,313.0
1437,15,541,7,1,4,0,0,4,8,105.0,103.0
1438,106,893,15,3,13,2,0,4,5,173.0,148.0
1439,25,4,10,3,1,0,0,2,3,65.0,119.0
1440,107,1140,18,0,0,1,1,1,1,134.0,162.0
1441,25,4,15,0,0,1,1,1,1,86.0,111.0
1442,8,844,15,3,1,0,0,4,18,59.0,41.0
1443,48,784,5,2,3,0,0,5,13,133.0,108.0
1444,23,823,12,3,4,0,0,0,0,103.0,67.0
1445,4,363,16,3,0,1,1,1,1,193.0,200.0
1446,4,865,2,0,0,1,1,9,1,120.0,194.0
1447,23,402,9,2,1,0,0,6,28,0.0,70.0
1448,26,391,16,1,1,0,0,5,13,55.0,40.0
1449,3,728,14,2,6,2,0,4,5,244.0,146.0
1450,23,750,15,3,6,2,0,4,5,77.0,59.0
1451,31,503,6,2,2,0,0,2,24,118.0,146.0
1452,10,758,15,3,6,2,0,4,5,59.0,51.0
1453,30,379,14,3,11,2,0,4,5,143.0,113.0
1454,5,947,3,3,1,0,0,10,33,156.0,144.0
1455,47,1100,2,0,0,0,1,9,1,122.0,93.0
1456,9,878,20,2,3,0,0,6,15,92.0,85.0
1457,8,709,10,2,1,0,0,2,3,109.0,110.0
1458,8,695,8,2,2,2,0,4,8,138.0,83.0
1459,36,81,13,3,2,1,0,4,5,97.0,74.0
1460,4,941,20,2,3,2,0,6,23,118.0,45.0
1461,4,361,8,3,17,2,0,4,5,462.0,419.0
1462,20,38,3,2,2,1,0,4,8,104.0,112.0
1463,4,815,13,4,2,0,0,2,3,115.0,154.0
1464,25,284,6,4,2,0,0,5,6,0.0,0.0
1465,8,649,20,4,0,1,1,1,1,300.0,51.0
1466,14,1075,15,0,0,1,1,1,1,128.0,80.0
1467,12,676,11,3,4,2,0,3,4,211.0,145.0
1468,31,1062,16,0,0,0,1,1,1,184.0,127.0
1469,4,485,14,3,20,2,0,4,5,484.0,472.0
1470,5,262,11,4,2,0,0,0,31,125.0,55.0
1471,32,437,15,3,7,2,0,4,5,82.0,58.0
1472,4,1094,5,4,7,0,0,0,2,301.0,304.0
1473,13,326,3,4,2,0,0,0,2,83.0,67.0
1474,8,387,10,3,4,2,0,4,5,190.0,139.0
1475,100,106,14,3,5,2,0,4,5,48.0,46.0
1476,20,23,7,0,0,0,1,9,1,70.0,53.0
1477,15,867,7,3,7,2,0,4,5,103.0,204.0
1478,6,912,1,4,7,1,0,0,2,157.0,201.0
1479,2,223,13,2,4,2,0,4,5,194.0,79.0
1480,49,362,9,3,3,2,0,3,21,107.0,88.0
1481,4,884,3,3,2,2,0,0,2,50.0,82.0
1482,35,360,16,0,0,1,1,1,1,123.0,116.0
1483,13,1080,8,3,7,2,0,4,5,292.0,266.0
1484,2,801,17,3,0,1,1,1,1,215.0,251.0
1485,8,821,13,3,5,2,0,4,5,106.0,86.0
1486,15,228,5,3,0,0,0,5,6,68.0,65.0
1487,16,754,3,1,1,0,0,5,6,33.0,41.0
1488,25,1106,8,4,0,1,1,9,1,100.0,95.0
1489,8,833,7,3,8,2,0,4,5,179.0,153.0
1490,58,747,19,0,0,1,1,1,1,120.0,119.0
1491,24,1134,17,3,2,0,0,3,4,102.0,86.0
1492,10,991,4,0,1,0,0,4,8,55.0,69.0
1493,8,1127,15,2,0,1,0,4,8,19.0,79.0
1494,9,763,16,3,3,0,0,3,4,198.0,141.0
1495,12,209,4,0,0,0,1,9,1,61.0,69.0
1496,25,1095,13,4,0,1,1,1,1,131.0,189.0
1497,6,167,5,4,0,1,1,9,1,77.0,68.0
1498,24,366,20,4,0,1,1,1,1,103.0,64.0
1499,8,1086,11,0,0,0,1,1,1,119.0,110.0
1500,25,123,17,0,0,0,1,1,1,151.0,200.0
1501,8,359,4,4,0,1,1,9,1,141.0,176.0
1502,15,973,1,3,3,0,0,2,3,152.0,174.0
1503,47,567,3,1,2,0,0,4,8,164.0,163.0
1504,43,385,5,2,1,0,0,5,16,70.0,124.0
1505,25,1126,7,4,0,1,1,9,1,52.0,84.0
1506,108,1045,19,0,0,1,1,1,1,88.0,87.0
1507,18,61,8,3,2,0,0,2,3,64.0,93.0
1508,8,904,18,1,0,1,1,1,1,80.0,45.0
1509,16,1047,12,3,5,2,0,4,5,61.0,61.0
1510,8,714,11,3,1,2,0,2,3,31.0,41.0
1511,25,399,8,2,3,0,0,3,21,160.0,107.0
1512,15,47,15,3,5,2,0,5,6,128.0,94.0
1513,45,671,13,2,6,2,0,4,5,79.0,70.0
1514,18,936,1,3,1,0,0,5,6,56.0,101.0
1515,23,9,18,0,0,1,1,1,1,295.0,251.0
1516,18,1029,4,4,0,1,1,9,1,48.0,65.0
1517,23,655,14,3,6,2,0,4,5,74.0,52.0
1518,109,670,19,4,0,1,1,1,1,92.0,99.0
1519,4,749,12,3,5,2,0,2,3,63.0,113.0
1520,25,338,9,4,0,1,1,9,1,54.0,77.0
1521,4,382,8,0,1,0,0,4,8,86.0,90.0
1522,23,402,17,0,0,1,1,1,1,86.0,110.0
1523,41,918,2,1,1,0,0,3,4,41.0,54.0
1524,12,37,13,3,10,2,0,4,5,133.0,126.0
1525,48,636,10,2,4,0,0,5,16,107.0,99.0
1526,25,176,3,4,1,0,0,3,4,20.0,35.0
1527,10,1057,12,2,4,2,0,4,5,58.0,50.0
1528,4,485,7,3,0,1,1,1,1,403.0,432.0
1529,36,50,1,3,2,0,0,0,2,63.0,31.0
1530,42,83,13,2,6,2,0,4,5,57.0,61.0
1531,8,134,15,3,2,0,0,3,4,64.0,85.0
1532,10,813,7,2,1,1,0,3,4,61.0,82.0
1533,23,319,18,3,10,2,0,4,8,116.0,94.0
1534,18,61,3,3,0,1,1,9,1,89.0,73.0
1535,18,585,19,0,0,1,1,1,1,736.0,640.0
1536,33,721,3,4,0,1,1,9,1,166.0,114.0
1537,110,1025,15,3,7,2,0,4,5,77.0,62.0
1538,41,1016,17,3,0,1,1,1,1,140.0,124.0
1539,9,245,20,4,6,2,0,7,14,178.0,114.0
1540,67,1153,11,2,11,2,0,4,5,408.0,165.0
1541,53,718,14,2,4,2,0,4,5,69.0,56.0
1542,13,471,9,3,3,2,0,4,5,63.0,55.0
1543,53,1138,18,0,0,0,1,1,1,69.0,62.0
1544,23,273,18,2,0,1,1,1,1,257.0,214.0
1545,12,416,15,4,0,1,1,1,1,100.0,111.0
1546,23,331,18,4,2,0,0,5,6,78.0,76.0
1547,25,434,20,2,3,1,0,6,28,109.0,45.0
1548,35,143,1,0,0,0,0,4,8,198.0,31.0
1549,4,901,10,3,1,0,0,2,3,91.0,117.0
1550,8,950,7,2,1,0,0,2,3,107.0,132.0
1551,8,709,9,3,3,2,0,4,8,68.0,90.0
1552,14,876,8,2,4,2,0,4,5,77.0,60.0
1553,48,793,13,3,9,2,0,4,5,120.0,118.0
1554,4,250,1,3,1,0,0,5,16,61.0,97.0
1555,25,210,12,3,4,2,0,3,4,209.0,147.0
1556,51,307,1,2,1,0,0,4,8,89.0,138.0
1557,44,92,13,3,18,2,0,4,5,402.0,333.0
1558,4,1093,6,3,2,0,0,0,2,131.0,82.0
1559,12,435,16,2,4,2,0,5,6,96.0,63.0
1560,85,169,14,3,14,2,0,4,5,235.0,159.0
1561,8,924,12,2,1,0,0,4,8,26.0,243.0
1562,31,613,8,3,1,0,0,2,24,60.0,40.0
1563,31,1049,18,3,1,0,0,2,3,67.0,37.0
1564,9,279,13,3,8,2,0,4,5,166.0,133.0
1565,4,865,12,3,1,0,0,2,3,44.0,91.0
1566,23,866,6,0,0,0,1,9,1,83.0,90.0
1567,8,642,17,4,1,0,0,4,5,51.0,48.0
1568,12,831,12,3,13,2,0,4,5,230.0,156.0
1569,36,999,1,3,2,0,0,2,3,54.0,101.0
1570,4,286,4,4,0,1,1,9,1,134.0,138.0
1571,18,7,1,2,0,0,0,0,2,65.0,448.0
1572,12,1024,11,3,2,1,0,3,11,65.0,90.0
1573,6,1063,4,4,0,1,1,9,1,121.0,197.0
1574,33,896,12,3,5,2,0,4,5,88.0,68.0
1575,111,409,16,0,0,1,1,1,1,80.0,63.0
1576,47,698,7,3,5,2,0,4,5,117.0,99.0
1577,35,920,6,4,3,2,0,4,5,50.0,28.0
1578,28,1151,1,1,0,0,0,6,28,70.0,149.0
1579,25,399,20,3,2,0,0,6,28,41.0,23.0
1580,31,389,20,3,0,1,1,1,1,183.0,102.0
1581,16,803,8,3,5,2,0,0,0,75.0,45.0
1582,31,306,11,3,6,2,0,4,5,84.0,88.0
1583,8,630,9,3,10,2,0,4,5,126.0,270.0
1584,8,359,18,0,0,0,1,1,1,197.0,213.0
1585,23,388,12,2,1,0,0,5,16,55.0,97.0
1586,112,54,16,3,5,2,0,4,5,51.0,53.0
1587,113,1133,16,3,1,0,0,3,11,64.0,50.0
1588,47,292,8,3,5,2,0,4,5,96.0,88.0
1589,8,1003,6,4,3,0,0,0,2,64.0,116.0
1590,4,1046,8,2,2,2,0,2,3,202.0,400.0
1591,24,151,5,3,2,0,0,4,8,84.0,120.0
1592,28,799,13,3,6,2,0,4,5,70.0,72.0
1593,114,241,13,2,6,2,0,4,5,116.0,95.0
1594,8,1032,13,2,3,1,0,4,5,99.0,76.0
1595,14,226,19,2,2,0,0,6,28,106.0,74.0
1596,25,583,1,3,2,0,0,5,16,109.0,176.0
1597,10,195,4,1,1,0,0,4,8,112.0,219.0
1598,78,879,3,3,0,1,1,9,1,40.0,70.0
1599,8,554,15,3,1,0,0,5,6,125.0,68.0
1600,15,552,16,1,2,0,0,4,8,68.0,68.0
1601,4,40,14,3,1,2,0,2,3,50.0,80.0
1602,43,452,12,3,5,2,0,4,5,53.0,84.0
1603,25,1126,8,3,3,0,0,5,6,120.0,152.0
1604,12,905,17,3,1,2,0,2,24,68.0,46.0
1605,9,133,18,2,0,1,1,1,1,309.0,275.0
1606,15,552,16,2,3,0,0,6,28,39.0,59.0
1607,29,238,15,3,1,1,0,4,5,48.0,39.0
1608,19,509,3,2,1,0,0,2,3,95.0,113.0
1609,4,124,13,3,3,2,0,2,3,0.0,0.0
1610,4,378,5,3,2,0,0,3,11,192.0,210.0
1611,35,475,19,0,0,1,1,1,1,128.0,130.0
1612,12,606,4,0,0,0,1,9,1,101.0,112.0
1613,8,341,3,0,0,1,1,9,1,50.0,343.0
1614,26,771,18,4,0,0,1,1,1,73.0,86.0
1615,8,900,1,4,0,1,1,9,1,67.0,271.0
1616,8,833,18,0,0,1,1,1,1,466.0,475.0
1617,15,746,2,4,0,1,1,9,1,50.0,67.0
1618,10,12,14,2,9,2,0,4,5,116.0,77.0
1619,8,501,6,3,4,0,0,0,2,190.0,143.0
1620,13,1107,2,1,0,0,0,4,8,244.0,259.0
1621,15,710,1,3,3,0,0,0,0,101.0,177.0
1622,8,882,5,0,0,1,1,9,1,109.0,125.0
1623,43,121,12,3,20,2,0,4,5,320.0,296.0
1624,4,621,13,3,20,2,0,4,5,329.0,362.0
1625,33,1060,11,0,0,0,1,1,1,194.0,178.0
1626,4,280,5,3,2,0,0,10,35,127.0,335.0
1627,25,972,8,3,7,2,0,4,5,122.0,155.0
1628,4,1094,9,2,3,2,0,6,23,67.0,108.0
1629,31,1147,20,3,2,1,1,1,1,2715.0,2013.0
1630,25,953,5,3,1,0,0,5,6,76.0,107.0
1631,15,335,4,2,6,0,0,2,3,343.0,299.0
1632,12,510,4,0,0,0,1,9,1,69.0,60.0
1633,16,178,6,3,5,0,0,8,25,67.0,60.0
1634,31,1026,8,3,0,1,1,1,1,83.0,103.0
1635,54,785,12,3,2,2,0,0,0,77.0,71.0
1636,23,137,6,3,2,0,0,4,8,49.0,79.0
1637,8,882,5,1,3,0,0,4,8,74.0,128.0
1638,8,694,10,3,2,0,0,3,11,215.0,96.0
1639,8,1054,20,2,3,2,0,10,12,193.0,52.0
1640,8,1061,8,2,1,0,0,2,3,93.0,24.0
1641,4,280,14,3,1,0,0,5,13,54.0,55.0
1642,15,552,7,3,5,0,0,3,21,166.0,187.0
1643,26,162,7,3,3,2,0,4,5,53.0,31.0
1644,15,11,13,3,7,2,0,3,4,140.0,138.0
1645,25,161,5,3,2,0,0,0,2,251.0,310.0
1646,115,1089,15,2,7,2,0,4,5,97.0,73.0
1647,8,457,12,3,12,2,0,4,5,262.0,174.0
1648,9,1051,15,0,0,0,1,1,1,199.0,218.0
1649,97,483,13,2,4,2,0,4,5,52.0,48.0
1650,16,748,1,2,1,0,0,0,31,98.0,234.0
1651,15,47,10,2,4,2,0,4,5,86.0,116.0
1652,15,448,8,3,1,0,0,3,4,75.0,71.0
1653,31,1142,17,0,0,0,1,1,1,125.0,132.0
1654,15,552,20,1,2,0,0,6,28,71.0,70.0
1655,15,552,14,2,2,0,0,4,8,46.0,81.0
1656,4,521,9,3,1,0,0,5,6,43.0,57.0
1657,49,254,9,0,0,0,1,1,1,100.0,111.0
1658,23,713,7,4,10,2,0,0,0,129.0,261.0
1659,44,302,11,2,4,1,0,4,8,140.0,113.0
1660,2,351,16,1,5,2,0,4,5,84.0,40.0
1661,116,189,18,0,0,0,1,1,1,442.0,397.0
1662,15,242,12,2,7,2,0,4,5,98.0,88.0
1663,48,636,17,3,0,1,1,1,1,345.0,299.0
1664,15,883,17,3,5,2,0,5,6,149.0,68.0
1665,25,126,4,0,0,0,1,1,1,127.0,114.0
1666,70,152,19,0,0,1,1,1,1,278.0,214.0
1667,15,552,7,3,15,2,0,0,0,288.0,356.0
1668,8,937,4,4,5,0,0,0,0,134.0,103.0
1669,31,412,16,0,0,0,1,1,1,98.0,107.0
1670,25,680,20,4,10,2,0,7,14,230.0,160.0
1671,14,651,9,2,0,0,0,5,6,75.0,44.0
1672,12,831,16,3,6,2,0,5,6,119.0,75.0
1673,8,616,18,0,0,1,1,1,1,269.0,268.0
1674,18,585,3,3,1,0,0,5,6,62.0,67.0
1675,4,850,13,3,1,0,0,0,31,73.0,72.0
1676,4,286,4,4,0,1,1,9,1,66.0,109.0
1677,20,23,20,4,7,2,0,7,14,129.0,119.0
1678,25,1155,15,1,1,0,0,4,8,52.0,77.0
1679,24,345,7,1,2,0,0,4,8,48.0,118.0
1680,12,1018,4,0,0,0,1,9,1,101.0,124.0
1681,31,48,4,3,1,0,0,0,2,83.0,43.0
1682,20,682,7,3,6,2,0,4,5,74.0,96.0
1683,8,626,17,2,2,1,0,4,8,67.0,26.0
1684,23,610,9,3,2,1,0,3,4,103.0,85.0
1685,23,331,3,1,0,0,0,4,8,53.0,66.0
1686,15,251,2,3,0,1,1,9,1,25.0,87.0
1687,25,623,18,0,0,1,1,1,1,817.0,575.0
1688,36,999,2,3,1,0,0,4,8,53.0,55.0
1689,15,807,12,2,8,2,0,4,5,86.0,53.0
1690,14,122,7,3,8,2,0,4,5,216.0,193.0
1691,13,955,2,2,1,0,0,0,0,57.0,29.0
1692,26,184,20,0,0,1,1,1,1,195.0,214.0
1693,31,663,6,2,2,0,0,2,3,98.0,104.0
1694,4,740,3,2,0,0,0,0,0,76.0,21.0
1695,8,554,4,1,0,1,1,9,1,99.0,62.0
1696,15,867,3,4,0,1,1,9,1,95.0,94.0
1697,8,921,5,3,3,0,0,0,2,198.0,44.0
1698,12,209,1,1,0,0,0,4,8,0.0,350.0
1699,8,647,9,1,2,2,0,4,8,95.0,55.0
1700,12,435,3,2,1,0,0,5,16,94.0,92.0
1701,10,79,9,3,4,0,0,4,8,99.0,108.0
1702,18,794,2,4,0,1,1,9,1,27.0,60.0
1703,25,971,15,1,2,0,0,5,6,43.0,26.0
1704,8,809,8,1,4,0,0,4,5,213.0,373.0
1705,8,545,4,4,2,0,0,0,2,79.0,79.0
1706,23,328,3,0,0,0,1,9,1,60.0,210.0
1707,4,485,1,3,2,0,0,5,16,316.0,311.0
1708,18,14,3,3,0,1,1,9,1,318.0,163.0
1709,8,1033,4,4,0,1,1,9,1,223.0,618.0
1710,12,510,17,4,0,1,1,1,1,182.0,221.0
1711,4,378,3,3,0,1,1,9,1,50.0,111.0
1712,10,594,7,2,4,2,0,4,5,80.0,52.0
1713,4,110,10,3,1,0,0,3,4,39.0,59.0
1714,10,1068,3,0,2,0,0,4,8,127.0,189.0
1715,10,733,20,2,1,1,0,7,32,82.0,49.0
1716,4,378,7,3,3,0,0,5,16,18.0,151.0
1717,16,347,19,0,0,1,1,1,1,317.0,257.0
1718,25,680,10,3,2,1,0,5,41,53.0,69.0
1719,4,386,3,3,2,0,0,4,8,146.0,256.0
1720,15,155,10,2,13,1,0,6,20,207.0,271.0
1721,24,508,2,3,1,0,0,6,28,38.0,27.0
1722,74,1042,17,0,0,0,1,1,1,227.0,199.0
1723,15,295,8,3,5,2,0,4,5,73.0,73.0
1724,31,933,1,2,1,0,0,5,16,82.0,86.0
1725,32,201,2,4,2,0,0,0,0,102.0,117.0
1726,23,588,19,0,0,1,1,1,1,431.0,340.0
1727,23,826,12,3,5,0,0,4,8,121.0,205.0
1728,25,680,4,0,0,1,1,9,1,13.0,107.0
1729,9,1132,8,4,3,0,0,0,2,116.0,53.0
1730,12,1030,19,2,4,2,0,10,12,90.0,43.0
1731,23,381,4,3,1,0,0,4,8,52.0,56.0
1732,25,17,12,3,4,0,0,3,21,132.0,129.0
1733,24,741,3,3,1,0,0,2,29,20.0,96.0
1734,8,329,3,4,0,1,1,9,1,77.0,77.0
1735,23,1066,14,4,7,2,0,4,5,99.0,66.0
1736,117,555,13,4,4,2,0,4,5,47.0,35.0
1737,8,417,12,3,1,0,0,5,6,3.0,69.0
1738,14,802,2,0,0,0,1,9,1,108.0,94.0
1739,8,609,10,2,2,0,0,5,6,55.0,44.0
1740,10,1109,2,0,0,1,1,9,1,44.0,122.0
1741,5,87,19,0,0,0,1,1,1,91.0,81.0
1742,8,662,8,2,0,0,0,5,16,44.0,76.0
1743,24,300,17,4,0,1,1,1,1,299.0,311.0
1744,20,24,14,4,9,2,0,4,5,136.0,104.0
1745,4,287,13,3,20,2,0,4,5,405.0,453.0
1746,8,640,6,2,0,1,0,4,8,92.0,85.0
1747,13,59,19,2,1,0,0,10,26,50.0,33.0
1748,98,986,13,3,7,2,0,4,5,78.0,69.0
1749,8,544,11,3,0,0,0,3,4,48.0,43.0
1750,9,410,12,3,6,2,0,4,5,105.0,83.0
1751,12,726,18,4,0,1,1,1,1,307.0,300.0
1752,39,856,19,0,0,1,1,1,1,291.0,260.0
1753,15,36,2,3,0,0,1,9,1,172.0,291.0
1754,15,448,12,3,1,0,0,2,3,64.0,39.0
1755,31,946,4,3,2,0,0,0,2,72.0,85.0
1756,23,135,16,3,5,2,0,6,15,156.0,168.0
1757,3,582,20,4,5,0,5,15,1,211.0,83.0
1758,20,682,12,3,5,2,0,4,5,57.0,45.0
1759,25,311,5,0,0,0,1,1,1,159.0,367.0
1760,21,444,9,3,6,2,0,0,0,132.0,115.0
1761,25,399,20,2,4,2,0,10,12,55.0,32.0
1762,23,331,4,0,1,0,0,4,8,104.0,153.0
1763,23,160,12,3,10,2,0,4,5,141.0,81.0
1764,23,113,4,3,0,0,1,9,1,28.0,76.0
1765,9,245,8,3,1,0,0,3,11,114.0,80.0
1766,8,148,5,4,0,1,1,9,1,96.0,102.0
1767,35,909,19,0,0,1,1,1,1,142.0,160.0
1768,15,29,2,2,0,0,1,9,1,131.0,247.0
1769,18,936,1,4,1,0,0,0,2,53.0,53.0
1770,11,101,19,0,0,1,1,1,1,297.0,223.0
1771,33,180,3,1,1,0,0,4,8,136.0,155.0
1772,12,324,16,0,1,0,0,5,6,86.0,44.0
1773,15,392,19,0,0,1,1,1,1,79.0,67.0
1774,15,808,4,4,0,0,1,9,1,0.0,91.0
1775,4,895,12,3,18,2,0,4,5,214.0,212.0
1776,8,157,11,3,6,2,0,4,5,111.0,98.0
1777,4,629,10,1,1,0,0,4,8,80.0,76.0
1778,39,600,17,0,0,0,1,1,1,195.0,175.0
1779,23,86,10,3,11,2,0,4,5,121.0,214.0
1780,113,553,17,4,0,1,1,1,1,103.0,104.0
1781,10,862,13,2,2,1,0,4,8,37.0,75.0
1782,15,867,2,0,0,1,1,9,1,100.0,63.0
1783,13,707,18,0,0,1,1,1,1,442.0,410.0
1784,15,36,8,2,11,2,0,4,5,224.0,224.0
1785,15,11,3,0,0,0,1,9,1,83.0,97.0
1786,6,219,1,4,1,0,0,0,2,99.0,124.0
1787,4,386,2,4,1,0,0,0,2,97.0,105.0
1788,6,1040,3,4,1,0,0,8,10,50.0,51.0
1789,12,606,4,2,1,0,0,4,8,100.0,114.0
1790,23,77,9,3,10,2,0,4,5,203.0,244.0
1791,5,13,12,3,6,2,0,4,5,92.0,109.0
1792,9,1051,17,3,2,2,0,2,24,83.0,167.0
1793,8,554,13,0,0,0,1,1,1,97.0,106.0
1794,11,1008,19,0,0,1,1,1,1,141.0,117.0
1795,10,424,10,2,4,0,0,4,8,97.0,62.0
1796,25,680,9,3,5,0,0,10,26,264.0,153.0
1797,8,1033,2,2,1,1,0,3,11,34.0,62.0
1798,39,5,10,3,0,0,0,4,8,51.0,50.0
1799,18,1002,1,4,1,0,0,2,3,83.0,87.0
1800,1,514,16,1,4,2,0,4,5,148.0,145.0
1801,25,399,20,2,5,2,0,10,12,183.0,51.0
1802,67,1011,18,0,0,1,1,1,1,33.0,45.0
1803,29,1090,4,3,2,0,0,2,3,44.0,91.0
1804,31,654,15,3,8,2,0,4,5,216.0,101.0
1805,42,83,12,2,6,2,0,4,5,71.0,63.0
1806,23,51,5,4,0,0,1,9,1,38.0,76.0
1807,32,735,15,3,12,2,0,4,5,103.0,106.0
1808,51,307,2,3,0,0,0,5,16,29.0,35.0
1809,23,1043,11,2,9,2,0,4,5,91.0,106.0
1810,14,425,8,3,1,0,0,2,24,83.0,86.0
1811,15,911,3,4,0,0,1,9,1,86.0,114.0
1812,11,2,14,3,4,2,0,4,5,130.0,80.0
1813,25,231,3,3,1,0,0,0,2,53.0,144.0
1814,25,575,7,0,1,0,0,4,8,61.0,103.0
1815,8,643,3,4,0,1,1,9,1,62.0,45.0
1816,15,883,16,1,1,0,0,0,31,83.0,58.0
1817,15,335,10,2,10,2,0,4,5,121.0,147.0
1818,6,634,2,4,1,0,0,2,29,188.0,178.0
1819,33,177,12,2,2,1,0,4,8,62.0,48.0
1820,9,299,13,3,8,2,0,4,5,94.0,115.0
1821,33,177,19,3,0,1,1,1,1,1160.0,885.0
1822,15,853,7,1,1,0,0,4,8,79.0,80.0
1823,15,36,20,4,8,2,0,7,14,99.0,82.0
1824,12,416,17,3,1,2,0,2,24,46.0,50.0
1825,11,1073,2,0,0,0,0,4,8,106.0,150.0
1826,16,532,19,0,0,1,1,1,1,280.0,192.0
1827,8,153,16,3,1,0,0,5,16,77.0,86.0
1828,15,392,5,3,3,0,0,0,2,203.0,172.0
1829,15,459,11,2,14,2,0,4,5,181.0,139.0
1830,7,20,15,2,4,2,0,4,5,47.0,39.0
1831,10,105,3,0,5,0,0,4,8,129.0,626.0
1832,6,219,17,0,0,0,1,1,1,78.0,99.0
1833,26,271,17,4,0,0,1,1,1,57.0,66.0
1834,17,949,6,4,0,1,1,9,1,56.0,64.0
1835,8,642,16,3,1,0,0,0,31,67.0,21.0
1836,107,384,17,0,0,1,1,1,1,135.0,125.0
1837,23,1101,13,3,5,2,0,4,5,77.0,87.0
1838,25,500,16,0,0,0,1,1,1,130.0,162.0
1839,12,892,17,3,0,1,1,1,1,196.0,136.0
1840,23,580,17,3,3,2,0,5,6,75.0,20.0
1841,8,91,9,2,1,2,0,4,8,68.0,40.0
1842,4,1094,4,3,2,0,0,2,3,164.0,189.0
1843,8,341,3,0,0,1,1,9,1,70.0,606.0
1844,32,136,10,3,4,2,0,4,5,79.0,94.0
1845,31,496,7,0,0,0,1,1,1,50.0,56.0
1846,8,694,7,3,2,2,0,4,8,110.0,37.0
1847,12,290,16,1,0,0,1,16,1,62.0,53.0
1848,118,1039,18,0,0,1,1,1,1,71.0,77.0
1849,18,71,3,4,0,1,1,9,1,57.0,79.0
1850,78,879,17,3,0,0,1,1,1,425.0,326.0
1851,24,732,7,2,1,0,0,4,8,111.0,88.0
1852,25,461,15,4,0,1,1,1,1,67.0,91.0
1853,23,114,8,3,5,2,0,4,5,117.0,127.0
1854,31,22,9,0,0,0,1,1,1,149.0,125.0
1855,4,261,2,0,0,0,1,9,1,92.0,220.0
1856,10,991,7,2,2,0,0,5,13,0.0,55.0
1857,14,802,2,2,1,0,0,4,8,52.0,70.0
1858,12,676,3,2,1,0,0,4,8,49.0,114.0
1859,15,853,10,2,11,2,0,4,5,251.0,280.0
1860,8,697,5,3,3,2,0,0,2,197.0,112.0
1861,4,1093,4,3,4,2,0,0,2,234.0,220.0
1862,8,937,9,3,2,1,0,0,17,110.0,41.0
1863,4,485,7,3,0,0,0,5,16,86.0,109.0
1864,25,680,3,4,0,1,1,9,1,68.0,124.0
1865,4,250,18,1,2,0,0,5,6,81.0,51.0
1866,16,116,1,3,0,0,0,2,3,27.0,119.0
1867,9,436,14,3,1,0,0,6,30,70.0,251.0
1868,14,41,12,3,3,2,0,0,0,103.0,51.0
1869,119,863,18,0,0,1,1,1,1,73.0,72.0
1870,8,662,15,2,2,1,0,4,8,93.0,81.0
1871,82,989,13,3,4,2,0,4,5,48.0,38.0
1872,6,1063,18,0,0,1,1,1,1,248.0,256.0
1873,4,182,2,4,1,0,0,5,6,64.0,98.0
1874,29,525,16,2,8,2,0,4,5,196.0,189.0
1875,8,1127,2,3,0,1,1,9,1,53.0,606.0
1876,12,581,9,3,9,2,0,4,5,250.0,210.0
1877,14,1075,9,3,5,2,0,0,0,175.0,109.0
1878,14,851,2,2,1,0,0,2,3,103.0,67.0
1879,9,891,15,4,0,0,1,1,1,88.0,82.0
1880,25,73,13,4,3,0,0,3,11,214.0,150.0
1881,14,408,1,1,2,0,0,7,32,148.0,434.0
1882,29,998,15,3,9,2,0,4,5,218.0,175.0
1883,31,63,20,4,3,2,0,7,14,102.0,41.0
1884,31,990,12,3,7,2,0,4,5,93.0,97.0
1885,23,77,10,3,5,2,0,4,5,54.0,58.0
1886,8,358,16,4,0,1,1,1,1,56.0,103.0
1887,8,694,5,3,5,2,0,0,2,202.0,77.0
1888,15,67,3,4,0,0,1,9,1,101.0,69.0
1889,23,916,5,3,0,0,0,4,8,13.0,58.0
1890,8,1032,4,4,0,1,1,9,1,172.0,304.0
1891,14,226,16,0,1,0,0,4,8,51.0,44.0
1892,4,749,3,3,3,2,0,0,2,111.0,94.0
1893,10,558,19,1,2,0,0,7,32,66.0,46.0
1894,23,855,3,4,0,0,1,9,1,19.0,160.0
1895,15,270,5,2,5,0,0,3,4,166.0,159.0
1896,4,485,6,3,1,0,0,2,3,58.0,52.0
1897,18,936,1,3,1,0,0,6,7,62.0,69.0
1898,4,1094,10,3,10,2,0,4,5,181.0,219.0
1899,49,1083,2,3,1,0,0,4,8,25.0,10.0
1900,17,323,5,4,0,0,1,9,1,71.0,58.0
1901,17,1009,19,0,0,0,1,1,1,596.0,413.0
1902,4,363,11,3,2,0,0,2,3,94.0,107.0
1903,6,1063,14,3,14,2,0,4,5,274.0,196.0
1904,9,207,1,3,1,0,0,3,4,33.0,136.0
1905,12,1007,3,0,0,0,1,9,1,162.0,195.0
1906,28,736,18,0,0,1,1,1,1,501.0,415.0
1907,10,706,3,4,0,0,1,9,1,50.0,111.0
1908,12,1024,20,1,1,0,0,6,34,67.0,43.0
1909,12,416,4,3,2,0,0,3,4,70.0,74.0
1910,23,1146,6,0,0,1,1,1,1,44.0,57.0
1911,3,625,20,4,8,2,0,7,14,144.0,118.0
1912,33,115,12,3,9,2,0,4,5,181.0,169.0
1913,3,728,11,4,3,2,0,3,11,41.0,41.0
1914,25,680,7,0,0,0,1,1,1,95.0,135.0
1915,23,322,10,3,3,0,0,4,8,47.0,71.0
1916,18,585,3,0,0,1,1,9,1,90.0,82.0
1917,6,1063,16,4,2,0,0,3,4,116.0,118.0
1918,53,967,2,4,3,0,0,2,3,1.0,5.0
1919,48,820,14,3,5,2,0,4,5,186.0,153.0
1920,15,57,2,3,0,0,1,9,1,33.0,53.0
1921,21,34,17,4,0,1,1,1,1,174.0,141.0
1922,15,932,18,3,0,1,1,1,1,423.0,303.0
1923,8,643,11,2,3,1,0,3,4,188.0,128.0
1924,72,342,14,1,9,2,0,4,5,214.0,144.0
1925,5,87,19,4,0,1,1,1,1,0.0,0.0
1926,10,332,6,1,5,1,0,6,20,37.0,72.0
1927,5,340,2,3,1,0,0,2,3,103.0,228.0
1928,4,629,15,2,20,2,0,4,5,1160.0,706.0
1929,13,364,2,0,0,0,1,9,1,32.0,90.0
1930,8,993,7,2,2,2,0,4,8,112.0,82.0
1931,10,1109,4,0,4,0,0,4,8,366.0,362.0
1932,31,530,11,0,0,0,1,1,1,253.0,243.0
1933,23,135,18,3,3,2,0,7,32,107.0,74.0
1934,106,440,15,2,7,2,0,4,5,96.0,69.0
1935,44,393,2,3,3,0,0,2,3,186.0,298.0
1936,8,584,14,2,7,2,0,4,5,160.0,105.0
1937,53,724,15,0,0,0,1,1,1,171.0,165.0
1938,25,399,19,2,3,2,0,7,32,125.0,83.0
1939,23,268,19,4,0,1,1,1,1,268.0,203.0
1940,47,292,11,2,6,2,0,4,5,143.0,122.0
1941,25,215,13,4,4,2,0,3,4,107.0,161.0
1942,59,125,15,3,7,2,0,4,5,118.0,78.0
1943,12,1017,2,4,5,0,0,3,11,0.0,0.0
1944,8,627,16,0,0,1,1,1,1,549.0,504.0
1945,23,502,6,4,13,2,0,0,0,238.0,338.0
1946,57,712,19,0,0,0,1,1,1,113.0,93.0
1947,78,873,2,4,0,1,1,9,1,43.0,53.0
1948,8,168,17,0,0,0,1,1,1,227.0,243.0
1949,4,411,11,4,0,0,0,2,3,48.0,60.0
1950,31,431,19,0,0,1,1,1,1,330.0,272.0
1951,32,843,15,3,9,2,0,4,5,114.0,122.0
1952,101,1102,12,2,2,2,0,0,0,85.0,34.0
1953,15,335,19,2,1,0,0,7,14,85.0,61.0
1954,15,746,18,4,0,1,1,1,1,518.0,420.0
1955,8,185,12,3,8,2,0,4,5,202.0,142.0
1956,4,631,3,1,0,1,1,9,1,101.0,122.0
1957,8,554,4,0,0,1,1,9,1,149.0,75.0
1958,35,445,9,3,3,0,0,2,3,124.0,217.0
1959,4,773,3,3,2,0,0,2,24,309.0,359.0
1960,104,556,7,4,9,2,0,0,0,184.0,173.0
1961,15,36,6,0,0,0,1,1,1,82.0,84.0
1962,31,449,15,3,3,0,0,2,29,144.0,134.0
1963,18,585,3,4,0,1,1,9,1,63.0,101.0
1964,4,405,8,2,0,0,0,4,18,53.0,73.0
1965,31,496,8,2,3,0,0,2,3,111.0,101.0
1966,4,378,5,2,1,0,0,5,6,110.0,281.0
1967,8,1127,18,4,0,1,1,1,1,178.0,162.0
1968,8,168,20,3,1,0,0,10,26,11.0,5.0
1969,8,833,7,3,2,0,0,3,11,0.0,92.0
1970,5,1139,17,2,0,0,1,1,1,276.0,247.0
1971,8,642,6,4,4,0,0,0,2,145.0,165.0
1972,15,842,14,2,5,2,0,4,5,90.0,67.0
1973,12,285,8,4,0,1,1,1,1,56.0,83.0
1974,8,1127,6,4,3,0,0,0,2,93.0,130.0
1975,6,418,9,3,6,0,0,3,11,258.0,214.0
1976,0,819,7,2,3,0,0,5,6,114.0,88.0
1977,2,774,6,3,3,0,0,4,8,136.0,98.0
1978,25,680,8,3,2,0,0,3,4,122.0,123.0
1979,3,462,15,4,3,0,0,4,18,58.0,60.0
1980,120,1121,17,4,0,1,1,1,1,56.0,58.0
1981,2,774,2,2,0,0,0,2,3,39.0,83.0
1982,100,661,3,2,1,0,0,4,8,68.0,62.0
1983,20,318,1,4,0,0,0,3,21,45.0,58.0
1984,4,1059,7,2,1,0,0,4,8,58.0,40.0
1985,8,1036,15,2,17,2,0,4,5,633.0,367.0
1986,15,60,13,2,8,2,0,4,5,73.0,85.0
1987,4,850,5,4,3,0,0,0,2,66.0,51.0
1988,47,559,18,0,0,1,1,1,1,234.0,197.0
1989,6,870,15,3,2,2,0,4,5,160.0,55.0
1990,28,550,12,3,9,2,0,4,5,95.0,103.0
1991,8,1127,5,4,0,1,1,9,1,143.0,122.0
1992,121,118,19,0,0,1,1,1,1,70.0,70.0
1993,2,179,4,3,0,0,0,0,2,65.0,62.0
1994,8,478,13,3,3,2,0,3,4,135.0,131.0
1995,31,780,16,0,0,0,1,1,1,76.0,54.0
1996,48,248,6,3,1,0,0,4,8,68.0,68.0
1997,8,924,10,1,2,0,0,4,8,74.0,220.0
1998,29,1090,1,2,2,0,0,5,16,66.0,349.0
1999,24,1134,19,0,0,1,1,1,1,397.0,331.0
2000,4,378,7,3,2,0,0,5,16,68.0,158.0
