shop_id,2016-11-01 00:00:00,2016-11-02 00:00:00,2016-11-03 00:00:00,2016-11-04 00:00:00,2016-11-05 00:00:00,2016-11-06 00:00:00,2016-11-07 00:00:00
1,218,211,223,242,259,257,205
2,68,65,73,89,135,134,72
3,69,68,71,87,115,115,70
4,92,86,88,119,196,201,100
5,183,161,176,194,221,234,178
6,105,106,108,117,113,111,106
7,113,108,121,135,171,173,112
8,53,56,64,62,75,72,53
9,214,211,229,236,254,258,203
10,99,95,98,99,101,100,100
11,96,94,95,95,77,76,94
12,55,58,59,69,87,83,55
13,251,239,248,254,246,240,230
14,58,57,60,61,62,59,56
15,131,120,130,146,187,186,127
16,37,40,40,48,52,52,40
17,85,82,87,96,120,115,80
18,85,83,90,103,134,129,84
19,143,128,172,155,189,194,138
20,160,152,152,156,138,138,157
21,78,77,80,94,132,127,80
22,111,110,114,129,127,129,113
23,61,64,65,67,69,64,65
24,66,62,67,92,142,138,67
25,116,118,118,135,145,140,115
26,61,63,63,79,138,143,61
27,90,87,88,91,90,89,85
28,64,62,66,79,91,93,60
29,96,93,100,131,198,196,103
30,48,47,50,58,57,57,45
31,339,331,280,388,545,554,338
32,418,447,448,423,157,118,420
33,57,60,60,70,97,94,55
34,360,352,343,438,550,541,371
35,174,165,205,184,201,192,166
36,63,61,65,66,75,75,61
37,200,190,208,227,283,292,190
38,107,104,107,103,72,67,104
39,215,197,222,236,301,306,206
40,83,76,81,86,100,105,81
41,167,153,166,208,325,353,161
42,76,72,74,83,91,91,72
43,70,66,72,87,92,99,71
44,59,59,61,68,80,79,58
45,31,30,31,40,54,50,34
46,175,171,177,182,179,168,173
47,156,153,141,137,85,82,130
48,372,358,363,431,532,589,384
49,389,373,391,448,561,621,404
50,69,64,70,71,75,75,69
51,74,72,72,79,48,41,74
52,52,52,53,70,124,118,54
53,128,127,125,132,127,119,121
54,309,313,315,335,306,307,304
55,347,356,352,392,376,358,336
56,64,64,66,74,85,83,61
57,286,301,295,331,250,254,272
58,1563,1451,1575,1559,1758,1760,1503
59,173,171,178,222,183,171,170
60,161,155,159,172,174,167,159
61,87,85,89,97,112,110,84
62,77,72,81,90,109,109,76
63,205,190,209,215,237,244,199
64,158,151,151,148,120,116,152
65,336,311,315,366,456,506,330
66,72,68,75,86,90,94,72
67,52,56,56,68,88,84,54
68,57,57,60,60,62,60,55
69,103,106,109,129,145,141,104
70,52,54,54,66,85,84,52
71,155,148,149,160,156,154,150
72,526,492,517,542,535,515,532
73,100,94,102,109,112,116,98
74,117,113,114,128,137,135,113
75,87,78,84,90,101,105,91
76,44,42,49,56,98,86,46
77,128,126,127,131,130,125,123
78,57,56,59,61,60,57,55
79,163,164,158,165,71,58,162
80,70,67,72,71,77,79,70
81,96,85,92,89,97,102,92
82,112,112,113,113,100,96,112
83,117,111,121,142,192,188,118
84,162,157,169,198,275,281,167
85,63,61,62,76,105,106,61
86,121,118,124,136,158,159,122
87,125,121,129,120,42,31,122
88,435,444,454,495,578,585,455
89,47,45,49,60,112,101,47
90,204,189,204,246,354,354,201
91,91,84,89,95,115,115,88
92,121,114,121,144,189,183,121
93,182,173,172,170,119,105,169
94,96,94,95,98,88,87,95
95,105,106,107,110,95,90,105
96,126,124,129,144,144,144,126
97,193,174,184,191,201,201,191
98,78,78,81,89,100,100,76
99,71,67,71,68,64,61,69
100,384,385,392,396,374,371,373
101,124,120,128,142,162,162,124
102,127,123,124,130,129,126,121
103,62,62,65,68,68,64,60
104,108,107,108,112,96,89,109
105,84,82,84,108,168,161,83
106,67,66,67,66,62,59,64
107,76,73,77,110,200,187,80
108,90,89,92,108,140,134,88
109,114,111,112,112,110,105,111
110,140,131,133,143,135,132,132
111,65,66,69,76,86,81,64
112,117,113,121,138,165,162,119
113,157,155,149,149,112,115,149
114,634,621,643,674,544,523,633
115,417,393,406,396,344,345,391
116,526,495,499,459,365,368,476
117,120,115,122,151,236,232,121
118,83,81,83,84,33,26,84
119,42,37,41,55,94,86,41
120,265,245,273,276,285,297,247
121,49,51,52,63,74,70,48
122,57,58,62,65,72,71,54
123,81,77,81,90,108,109,79
124,376,355,364,394,461,488,371
125,31,32,33,41,53,50,34
126,114,114,115,111,106,100,117
127,52,51,54,64,95,92,52
128,48,48,49,58,84,78,47
129,185,180,197,228,302,302,180
130,278,270,302,299,312,310,263
131,54,52,56,56,60,59,52
132,54,56,59,73,108,104,56
133,108,106,110,111,82,77,107
134,421,403,409,378,338,352,393
135,155,152,161,165,162,162,153
136,105,104,107,110,92,88,103
137,93,92,93,97,86,86,91
138,257,247,254,266,264,218,240
139,62,61,61,85,139,133,63
140,348,348,350,364,189,168,319
141,39,36,39,46,76,72,41
142,421,460,458,429,170,140,435
143,140,139,139,141,116,109,136
144,92,85,91,119,190,192,100
145,63,63,63,71,76,73,61
146,457,433,462,516,695,672,486
147,134,134,127,129,104,98,123
148,72,69,74,79,81,77,75
149,161,160,163,202,283,273,161
150,54,55,56,70,109,105,54
151,106,104,107,106,70,64,106
152,48,51,58,58,64,62,47
153,61,64,63,71,85,82,58
154,113,114,115,110,87,80,114
155,122,124,126,142,159,156,123
156,125,118,129,142,164,166,124
157,81,77,82,95,128,124,78
158,65,63,65,66,64,62,61
159,55,57,59,66,82,82,56
160,284,275,277,254,119,96,269
161,129,128,131,135,123,125,126
162,85,85,84,88,80,77,84
163,78,75,82,90,113,113,76
164,215,206,219,220,151,127,210
165,91,87,91,114,160,152,90
166,53,51,50,70,142,130,53
167,162,158,156,158,141,144,158
168,111,107,108,102,106,110,110
169,91,86,90,123,198,194,97
170,57,58,63,73,112,111,59
171,261,261,262,283,252,232,249
172,155,153,154,196,296,305,156
173,170,159,171,179,186,185,168
174,212,203,202,199,193,192,197
175,85,81,85,116,192,190,88
176,69,67,69,87,120,115,69
177,107,107,108,128,162,159,109
178,75,68,72,79,89,93,69
179,59,59,62,72,83,78,57
180,251,229,272,265,296,297,236
181,68,67,71,80,91,95,66
182,37,37,39,45,61,58,39
183,194,184,188,193,140,119,183
184,75,74,75,85,92,91,73
185,112,107,111,111,116,117,112
186,132,123,141,149,206,206,129
187,84,83,83,87,78,74,83
188,87,77,84,88,100,105,83
189,421,414,429,473,531,566,425
190,52,54,59,62,73,68,52
191,69,72,74,73,61,60,75
192,42,39,44,52,93,84,42
193,125,115,125,146,189,189,125
194,34,39,37,41,38,39,40
195,52,56,55,68,103,101,51
196,69,65,65,90,163,162,69
197,46,43,46,56,90,82,46
198,123,118,124,121,89,71,122
199,168,154,178,179,195,193,168
200,189,175,195,233,331,337,180
201,36,34,38,47,86,78,40
202,196,187,194,192,127,113,184
203,375,348,387,465,659,705,399
204,94,90,92,98,86,84,91
205,108,109,109,117,114,110,106
206,52,53,55,65,88,85,52
207,65,62,62,88,164,164,64
208,99,89,96,118,159,162,97
209,70,70,74,89,137,138,72
210,95,88,94,121,165,159,92
211,91,93,93,111,129,127,91
212,46,43,46,60,102,95,46
213,80,77,78,78,66,66,77
214,41,39,42,49,85,80,42
215,139,145,144,187,306,291,139
216,43,43,44,47,51,51,42
217,362,355,353,432,513,541,368
218,59,60,60,60,30,31,65
219,54,54,56,57,57,56,51
220,98,93,97,97,71,70,92
221,116,114,118,135,156,154,117
222,27,31,30,33,35,35,30
223,70,65,70,79,94,97,68
224,80,80,82,86,29,22,84
225,92,89,88,90,74,74,85
226,192,179,185,191,185,187,187
227,57,58,60,72,116,115,58
228,54,54,65,60,70,69,52
229,83,80,83,93,100,101,82
230,66,64,68,70,75,75,67
231,71,69,73,78,82,83,70
232,69,68,68,67,65,60,65
233,270,261,268,314,397,410,277
234,152,148,153,168,179,172,146
235,122,116,126,145,184,177,120
236,48,47,50,56,65,62,46
237,66,65,69,71,81,78,70
238,65,63,65,69,67,63,64
239,74,76,77,92,118,118,74
240,294,319,316,345,254,255,279
241,92,76,86,88,103,109,91
242,79,77,79,79,70,68,77
243,228,207,225,261,360,351,225
244,213,204,213,216,197,173,199
245,162,151,165,177,175,173,163
246,37,34,36,51,124,105,39
247,165,165,164,169,158,149,164
248,66,64,68,69,72,73,68
249,172,171,165,169,77,63,161
250,57,60,61,70,86,89,57
251,111,110,117,111,61,53,113
252,155,150,165,175,208,190,152
253,84,78,82,100,155,150,80
254,155,154,157,158,137,133,155
255,88,89,87,90,73,73,84
256,194,202,215,229,263,261,196
257,86,85,83,86,81,78,82
258,66,69,72,89,98,101,69
259,71,70,72,76,76,75,70
260,63,64,66,75,83,80,63
261,96,87,93,121,179,171,94
262,123,125,126,136,132,131,122
263,116,108,111,114,117,119,110
264,99,92,99,103,115,119,94
265,116,118,119,135,154,153,115
266,39,38,40,45,55,54,39
267,104,102,105,108,99,95,102
268,99,96,99,102,87,84,102
269,107,105,106,102,83,79,103
270,90,86,91,96,108,110,88
271,63,61,63,61,57,56,60
272,597,583,600,635,551,522,615
273,119,116,121,137,157,156,117
274,61,60,62,63,52,49,60
275,636,638,671,649,624,636,666
276,128,119,134,148,183,188,128
277,35,34,35,48,103,91,36
278,275,273,279,320,409,407,283
279,426,423,443,486,577,581,441
280,62,63,64,75,95,98,61
281,142,138,146,170,205,197,137
282,255,229,248,242,171,117,236
283,50,54,53,66,93,85,51
284,35,32,34,42,78,68,37
285,271,285,278,323,257,255,263
286,489,493,498,477,329,315,482
287,203,207,212,246,283,271,198
288,74,73,80,94,132,128,74
289,53,55,56,63,79,75,52
290,63,63,65,64,61,58,60
291,143,139,141,140,73,60,139
292,157,153,152,146,97,90,138
293,204,197,198,197,197,196,193
294,148,144,143,150,122,117,143
295,53,56,59,66,90,89,56
296,366,349,354,422,532,587,382
297,281,290,301,308,254,267,265
298,378,355,392,474,684,724,406
299,176,173,187,218,274,272,188
300,50,51,54,58,62,60,46
301,70,70,71,77,87,85,67
302,146,140,136,133,91,93,135
303,50,49,52,64,106,104,49
304,217,214,222,257,251,241,205
305,108,108,112,133,167,159,109
306,515,524,528,501,194,146,505
307,65,63,66,79,107,107,64
308,106,103,106,105,67,64,108
309,170,161,163,157,119,106,156
310,143,131,143,165,222,221,135
311,118,113,126,120,42,26,116
312,111,111,112,114,115,115,112
313,516,515,524,515,303,244,498
314,128,121,128,149,167,163,126
315,167,167,170,183,178,169,166
316,182,172,183,182,168,165,183
317,51,50,54,68,121,118,52
318,140,130,130,153,178,177,130
319,208,197,207,207,223,212,199
320,231,213,245,267,351,341,226
321,125,124,126,131,128,124,122
322,70,67,68,71,66,59,68
323,192,189,189,201,194,189,179
324,112,114,113,106,88,84,108
325,61,63,62,75,88,84,58
326,74,75,81,91,104,107,76
327,64,62,64,66,67,64,62
328,145,138,152,155,173,173,144
329,72,72,74,78,80,79,70
330,44,39,41,60,133,113,39
331,348,313,346,330,96,85,326
332,105,103,108,129,155,154,106
333,89,75,84,84,102,108,87
334,151,145,153,156,160,161,147
335,175,167,158,158,88,77,150
336,232,217,233,272,378,365,232
337,83,81,85,95,113,109,80
338,404,363,421,499,809,809,432
339,96,99,101,120,140,134,96
340,65,63,67,66,69,69,62
341,149,152,151,197,306,297,149
342,118,116,116,115,116,109,121
343,109,108,110,118,114,106,109
344,135,126,135,149,154,157,128
345,104,107,108,119,119,117,106
346,232,229,232,224,200,194,213
347,49,48,52,59,64,61,47
348,278,267,264,320,406,402,281
349,112,113,114,115,107,102,113
350,255,253,257,242,123,96,244
351,111,108,110,113,89,84,108
352,269,255,278,257,46,30,283
353,59,57,61,58,60,61,56
354,66,66,70,77,85,86,66
355,69,68,69,73,46,41,72
356,133,128,132,139,135,134,129
357,49,48,49,51,58,57,48
358,162,154,149,151,115,115,150
359,147,142,145,163,181,175,141
360,118,110,125,144,212,213,121
361,230,229,232,233,136,108,224
362,143,134,138,146,131,129,138
363,60,60,62,62,60,55,59
364,98,94,99,124,178,176,100
365,62,63,66,75,87,86,60
366,88,88,89,90,48,39,91
367,87,76,82,81,82,89,84
368,321,295,298,293,154,132,278
369,117,117,121,138,161,156,118
370,210,179,212,263,391,391,200
371,223,206,221,248,324,328,204
372,50,50,53,56,68,64,48
373,51,53,54,60,69,66,48
374,60,61,63,64,69,67,57
375,42,42,45,53,68,65,42
376,35,38,38,44,54,52,39
377,120,119,120,117,92,82,116
378,156,156,155,163,156,150,156
379,37,34,37,52,109,97,37
380,194,193,212,232,279,286,188
381,34,36,34,40,48,45,35
382,58,57,64,60,68,69,54
383,95,95,94,92,86,84,93
384,89,92,90,94,46,36,92
385,37,36,38,47,64,59,39
386,177,168,181,203,216,207,169
387,70,69,73,87,101,106,72
388,90,87,90,116,173,165,90
389,109,109,110,116,114,111,111
390,57,56,56,80,147,141,59
391,238,238,245,321,275,268,219
392,306,286,289,283,139,116,273
393,444,435,449,481,523,531,458
394,161,159,163,174,178,167,158
395,229,229,230,233,213,203,213
396,104,101,101,101,86,84,100
397,116,109,133,137,182,189,119
398,130,131,128,130,112,107,125
399,107,103,108,146,234,234,112
400,75,70,75,74,75,75,73
401,98,97,100,107,93,91,100
402,217,207,209,212,201,204,201
403,94,94,98,106,116,115,93
404,169,159,175,206,302,317,169
405,144,138,133,131,84,67,129
406,197,180,188,189,195,193,192
407,207,192,198,207,220,197,198
408,286,276,278,323,390,422,290
409,91,87,89,90,95,96,89
410,88,85,94,116,126,126,89
411,24,22,25,33,47,42,28
412,92,91,89,95,54,46,95
413,215,212,217,215,207,174,204
414,442,417,421,423,412,436,410
415,81,78,79,81,56,47,79
416,53,55,57,69,104,101,57
417,26,26,28,37,55,50,32
418,132,121,130,149,184,185,125
419,52,54,57,63,60,58,54
420,88,83,84,88,81,81,86
421,40,38,42,56,101,87,42
422,72,68,72,82,101,100,79
423,78,74,78,108,192,183,80
424,71,72,76,87,119,117,71
425,99,98,101,124,160,152,99
426,175,176,180,223,190,171,170
427,136,131,137,131,87,74,133
428,199,186,194,197,203,188,194
429,34,35,36,44,54,51,37
430,106,105,108,106,93,88,105
431,64,63,69,76,85,90,64
432,45,44,46,55,87,77,46
433,92,89,90,95,94,93,97
434,43,40,45,54,98,87,43
435,384,349,401,488,758,781,413
436,436,450,461,489,511,520,438
437,51,52,54,57,53,48,49
438,67,67,69,78,91,95,64
439,138,136,137,146,139,138,135
440,77,73,76,77,77,76,74
441,187,177,192,220,304,320,187
442,85,87,89,101,132,124,81
443,59,60,63,75,90,87,59
444,78,69,76,80,93,90,80
445,195,191,211,236,263,238,186
446,35,37,36,42,54,49,37
447,222,222,222,224,104,84,213
448,173,171,156,156,64,49,137
449,31,26,28,40,81,77,36
450,64,62,67,65,69,71,61
451,130,122,128,151,190,182,125
452,220,211,235,241,274,285,209
453,66,64,66,65,65,63,66
454,62,63,63,64,62,62,60
455,130,126,140,139,145,149,128
456,60,62,65,75,90,88,58
457,51,50,53,66,108,106,50
458,111,109,116,144,176,174,112
459,26,24,27,57,132,85,35
460,267,264,266,259,93,61,267
461,54,55,56,59,64,60,52
462,68,66,68,88,147,146,68
463,150,144,161,157,177,175,151
464,77,77,77,101,159,152,76
465,391,368,401,468,622,666,410
466,62,60,61,79,123,120,60
467,96,92,99,102,123,125,94
468,47,48,49,57,81,78,47
469,71,67,71,70,69,68,70
470,56,53,55,76,139,130,58
471,88,80,86,85,90,95,85
472,449,433,461,523,663,624,472
473,90,90,93,86,52,45,91
474,37,40,41,48,61,54,42
475,123,121,123,131,129,123,120
476,84,85,87,84,35,28,87
477,90,85,87,94,103,104,85
478,41,41,42,45,52,51,41
479,65,66,66,79,114,114,68
480,62,63,66,73,81,79,64
481,51,51,53,58,70,67,49
482,83,79,83,101,142,135,80
483,74,70,71,75,60,51,71
484,75,69,77,109,194,203,92
485,110,105,111,115,119,122,105
486,79,82,85,95,111,111,79
487,45,45,47,50,58,56,45
488,65,63,65,71,78,74,64
489,104,102,110,111,100,98,107
490,43,41,47,53,98,84,44
491,233,222,243,250,246,235,221
492,67,65,69,75,85,82,64
493,115,106,111,117,125,126,112
494,67,68,70,82,111,113,71
495,65,64,63,81,142,142,65
496,121,123,124,138,137,134,121
497,70,69,72,93,120,120,72
498,77,67,75,79,84,88,75
499,56,53,57,60,73,70,53
500,134,135,146,179,248,240,133
501,208,201,208,202,172,148,207
502,127,123,128,147,187,182,125
503,110,108,109,110,87,81,109
504,71,70,71,82,95,93,73
505,118,110,117,114,48,31,111
506,73,70,74,95,162,157,74
507,275,271,283,292,302,278,262
508,161,158,146,142,90,88,136
509,47,49,53,74,60,65,45
510,67,67,68,66,65,60,66
511,130,120,127,147,196,192,125
512,43,50,52,63,90,85,50
513,147,143,146,148,117,117,143
514,80,78,79,88,95,96,80
515,136,132,140,151,156,154,136
516,89,88,85,90,88,82,85
517,2168,1459,1852,2032,3390,3470,1800
518,59,61,61,72,100,100,57
519,195,191,203,227,239,232,189
520,84,82,84,84,81,79,83
521,58,60,61,71,100,100,57
522,133,123,126,150,172,175,127
523,46,46,50,55,69,65,46
524,78,70,75,73,15,12,80
525,54,54,57,58,62,60,50
526,91,88,92,103,125,124,86
527,82,79,80,83,51,41,84
528,373,354,378,457,636,688,400
529,122,123,123,119,91,79,120
530,761,744,772,716,203,147,759
531,124,117,130,148,181,180,123
532,117,107,113,116,130,135,110
533,118,113,115,115,103,99,118
534,36,33,36,48,101,90,36
535,172,167,170,177,165,159,167
536,72,67,71,76,84,86,70
537,109,106,111,135,185,179,111
538,44,41,41,58,129,112,39
539,104,107,109,124,128,125,105
540,76,74,77,81,87,89,73
541,183,175,182,194,197,174,177
542,94,91,93,100,89,90,91
543,71,68,72,82,95,97,71
544,97,92,100,131,180,177,101
545,140,130,142,175,247,241,135
546,60,62,63,74,98,100,58
547,71,68,71,86,102,108,75
548,120,121,124,139,149,147,121
549,60,62,63,72,97,98,59
550,97,93,98,103,106,105,95
551,104,101,104,121,120,121,104
552,107,105,108,130,167,164,111
553,272,268,276,318,323,311,259
554,92,86,90,117,179,171,90
555,104,103,107,121,135,138,105
556,35,36,37,45,52,51,41
557,298,312,312,335,255,254,280
558,97,94,97,102,108,108,95
559,225,220,218,216,65,55,219
560,150,146,150,159,165,167,148
561,76,67,71,67,12,12,75
562,77,71,75,76,19,16,78
563,49,49,51,55,59,56,47
564,201,187,202,243,326,325,183
565,285,301,297,332,316,318,270
566,71,67,73,85,103,105,70
567,63,60,61,61,53,49,59
568,116,108,117,143,197,192,118
569,223,211,216,208,204,191,200
570,150,146,153,170,187,177,146
571,184,167,169,166,116,105,168
572,369,358,354,411,498,513,367
573,40,38,42,47,61,60,41
574,51,51,53,58,64,59,49
575,169,159,160,159,137,137,162
576,60,61,64,73,90,88,58
577,520,491,523,570,711,694,553
578,130,125,128,125,97,85,122
579,116,114,123,141,176,170,120
580,520,485,517,567,784,787,536
581,81,75,79,82,82,85,77
582,43,40,45,52,87,78,44
583,41,37,41,55,102,93,40
584,109,111,115,132,149,144,112
585,93,90,92,95,90,91,92
586,86,75,80,85,89,92,84
587,109,105,110,129,158,160,111
588,46,46,51,63,77,73,47
589,50,49,51,57,63,59,46
590,128,128,128,140,137,130,125
591,50,50,53,59,82,75,49
592,323,313,296,359,480,517,328
593,206,198,212,265,347,313,188
594,47,44,45,62,136,119,43
595,375,389,392,380,164,136,361
596,42,42,42,48,55,54,42
597,64,63,67,72,79,76,67
598,81,82,83,88,88,86,80
599,44,41,42,48,57,57,44
600,233,227,240,274,273,266,218
601,115,116,116,123,116,116,112
602,67,67,69,75,86,85,65
603,84,81,82,83,87,82,80
604,174,164,166,164,105,94,161
605,57,58,58,66,74,70,55
606,122,114,123,124,131,133,118
607,87,76,83,86,99,103,85
608,273,276,282,303,275,296,255
609,82,77,84,89,109,111,81
610,85,85,88,101,122,116,82
611,139,128,136,151,188,189,135
612,94,97,100,116,117,118,94
613,214,201,260,234,260,259,188
614,180,166,177,203,187,176,172
615,115,109,120,142,188,184,115
616,81,81,85,92,120,120,81
617,110,108,110,111,95,92,107
618,173,165,153,151,86,77,142
619,39,37,40,48,77,68,41
620,172,169,167,163,140,141,171
621,153,147,143,147,118,113,147
622,40,39,42,49,77,72,40
623,109,110,113,130,137,136,111
624,137,131,148,146,146,155,136
625,93,88,90,96,110,112,90
626,137,133,134,141,134,133,135
627,169,169,171,177,160,149,164
628,145,150,145,193,303,295,147
629,128,114,136,145,194,197,125
630,96,89,95,122,179,179,98
631,179,162,175,186,181,180,178
632,39,43,44,47,51,49,48
633,68,68,71,83,104,107,70
634,71,70,70,77,85,88,68
635,41,39,41,49,64,61,41
636,94,88,90,92,93,95,94
637,224,216,224,222,176,147,208
638,296,302,316,322,284,281,285
639,83,78,82,90,100,102,80
640,134,123,136,146,160,163,129
641,56,57,59,59,61,59,53
642,143,138,140,151,138,142,140
643,99,95,97,103,99,98,94
644,40,38,42,49,84,77,42
645,118,115,116,114,106,99,114
646,88,81,84,85,75,76,84
647,126,118,126,146,175,176,123
648,100,100,104,108,112,110,98
649,170,160,140,138,77,69,131
650,561,532,575,614,716,708,578
651,308,305,307,322,208,185,288
652,145,141,152,178,255,258,145
653,117,120,120,131,126,122,114
654,88,85,91,102,117,117,89
655,62,62,64,69,74,71,60
656,206,205,208,202,179,165,198
657,66,66,70,84,93,94,67
658,164,157,170,196,214,204,159
659,21,26,28,33,36,31,35
660,48,48,52,54,64,61,47
661,111,110,115,131,149,145,112
662,88,85,89,88,60,56,83
663,80,76,80,92,106,106,75
664,62,63,64,77,99,102,60
665,78,72,80,87,118,116,76
666,80,78,79,83,64,55,82
667,268,285,279,317,248,257,255
668,151,148,165,194,293,291,147
669,91,93,94,108,119,118,90
670,132,123,133,151,197,192,129
671,195,185,205,220,263,273,186
672,96,91,96,123,178,176,100
673,84,79,84,90,102,104,82
674,175,171,162,162,76,58,142
675,62,63,62,74,84,77,59
676,123,112,124,146,190,185,119
677,108,107,110,120,124,121,108
678,105,105,106,108,83,80,102
679,482,460,482,531,722,717,519
680,89,90,90,95,78,78,94
681,81,79,84,99,119,113,78
682,53,57,58,68,89,86,54
683,38,33,36,51,115,102,37
684,64,63,63,69,71,65,61
685,256,245,248,294,400,388,261
686,131,124,134,143,160,165,130
687,61,60,64,70,88,91,59
688,99,95,97,99,104,108,97
689,72,72,74,79,85,85,71
690,101,96,101,114,137,141,101
691,156,149,152,186,255,260,154
692,91,92,96,112,124,126,91
693,65,64,65,65,64,64,62
694,148,146,149,146,107,99,140
695,139,145,147,186,294,283,138
696,90,88,92,93,96,96,89
697,115,114,116,114,85,78,111
698,54,55,58,59,65,62,52
699,73,73,74,75,76,72,72
700,66,68,76,79,94,92,71
701,95,92,97,111,127,125,94
702,98,98,101,126,152,147,96
703,75,72,77,78,60,53,77
704,59,58,67,77,66,62,72
705,47,44,44,63,138,122,43
706,87,87,86,91,70,68,87
707,66,65,69,68,68,66,64
708,80,77,79,87,104,106,78
709,51,52,54,60,72,69,49
710,63,64,64,74,84,78,62
711,122,123,125,119,85,69,122
712,89,85,87,106,157,154,86
713,205,195,199,201,201,204,197
714,134,126,136,153,229,222,127
715,221,201,214,256,355,343,210
716,153,151,152,150,108,99,146
717,101,94,99,123,166,164,100
718,71,68,69,78,89,88,70
719,108,104,112,129,177,175,112
720,166,166,163,171,152,139,164
721,191,187,206,203,214,194,185
722,119,115,117,115,51,40,116
723,180,178,191,234,304,286,190
724,40,42,43,50,52,53,41
725,129,126,126,131,125,118,122
726,64,63,65,64,63,62,60
727,40,39,41,48,66,61,41
728,471,456,454,444,403,423,440
729,235,213,232,263,321,321,225
730,273,264,369,282,292,305,254
731,1550,1439,1564,1553,1753,1755,1490
732,96,91,97,133,212,213,102
733,152,149,157,166,170,168,160
734,111,104,113,149,226,230,119
735,69,69,76,80,83,81,74
736,112,117,116,135,156,147,114
737,375,371,371,400,446,467,364
738,139,125,142,162,215,215,136
739,73,70,77,88,108,110,74
740,82,84,89,106,135,124,81
741,69,69,72,79,101,102,67
742,596,560,599,638,602,595,602
743,109,110,117,111,47,38,109
744,75,76,77,107,184,171,78
745,86,89,87,92,52,43,94
746,68,70,72,81,91,88,68
747,372,351,366,424,532,599,386
748,126,124,127,150,169,165,126
749,27,31,29,35,38,38,29
750,142,137,140,151,144,146,137
751,91,78,83,88,97,101,91
752,94,93,98,115,146,140,99
753,63,62,62,70,75,70,60
754,144,137,144,144,137,144,141
755,96,101,100,119,144,140,97
756,169,164,161,163,141,135,165
757,139,131,137,154,198,196,132
758,67,64,65,62,57,56,62
759,122,119,121,121,113,111,117
760,104,102,104,128,178,168,107
761,88,82,89,94,101,104,88
762,112,110,115,133,158,157,113
763,102,104,106,130,137,136,100
764,63,63,64,79,99,104,64
765,110,108,109,105,83,81,106
766,47,47,48,57,83,77,47
767,58,58,61,66,76,71,56
768,123,124,125,130,114,113,126
769,133,131,143,179,200,198,133
770,47,46,49,55,66,62,46
771,95,98,99,117,137,133,92
772,139,128,134,154,179,181,132
773,135,132,134,165,223,209,129
774,164,160,164,169,179,172,161
775,346,357,350,389,363,346,337
776,202,183,197,241,353,362,198
777,199,194,200,200,151,134,192
778,130,127,129,127,96,87,126
779,237,238,239,240,224,219,215
780,119,114,116,114,113,109,114
781,154,154,159,202,278,269,153
782,29,32,31,39,50,47,32
783,111,110,111,112,90,83,108
784,54,56,59,68,72,68,55
785,67,67,68,72,79,75,66
786,43,43,46,51,77,74,43
787,87,85,88,97,124,122,86
788,329,348,356,367,243,230,331
789,214,211,210,211,99,77,194
790,45,44,46,51,60,58,43
791,79,77,82,96,107,106,76
792,197,198,196,200,153,130,189
793,49,51,54,64,102,99,50
794,219,205,218,216,172,151,209
795,112,110,111,112,83,76,109
796,53,52,56,70,124,124,56
797,82,79,83,94,116,113,77
798,86,86,87,85,41,34,89
799,103,96,103,126,168,161,101
800,160,155,167,193,253,260,164
801,90,93,96,111,134,130,91
802,63,62,63,77,117,117,63
803,278,243,257,249,191,133,251
804,92,89,95,99,107,109,95
805,197,194,196,202,153,127,190
806,440,407,457,506,753,728,465
807,59,60,66,77,114,116,60
808,262,269,288,325,332,326,255
809,52,54,58,63,82,76,52
810,10,14,16,20,20,15,23
811,43,42,44,51,64,60,44
812,182,183,179,189,70,52,162
813,64,63,67,73,76,72,65
814,209,211,212,209,177,167,193
815,51,51,55,64,93,90,51
816,283,281,289,323,388,405,288
817,114,108,116,118,119,122,109
818,54,59,59,72,97,95,54
819,88,91,89,95,48,40,94
820,215,218,226,230,230,231,208
821,147,139,159,169,228,234,147
822,70,71,75,83,105,109,72
823,86,81,83,85,89,89,82
824,111,109,111,129,138,137,107
825,610,621,675,643,732,802,662
826,117,116,120,130,128,129,117
827,61,60,61,65,50,47,61
828,57,57,59,60,61,57,54
829,271,270,287,287,300,314,263
830,76,73,78,89,117,118,75
831,219,213,228,244,257,257,204
832,63,63,65,65,64,59,61
833,53,53,55,57,66,63,51
834,70,65,73,90,133,128,70
835,119,117,119,135,145,139,118
836,84,81,85,104,148,143,85
837,107,109,111,106,79,75,105
838,139,130,133,141,128,126,132
839,99,99,105,122,150,146,101
840,239,237,246,296,272,254,224
841,35,36,35,41,46,45,37
842,35,32,34,45,85,76,37
843,60,63,64,73,85,87,59
844,79,75,79,93,122,123,78
845,62,60,62,61,62,61,59
846,53,54,54,63,83,76,51
847,59,60,61,79,139,137,61
848,155,147,148,145,91,84,145
849,76,72,76,93,137,133,75
850,188,181,193,248,296,280,185
851,79,72,78,86,99,102,79
852,89,82,88,122,204,212,98
853,90,85,88,115,185,178,90
854,452,433,456,504,627,614,497
855,42,40,41,47,54,54,43
856,45,45,46,52,70,68,44
857,52,53,54,61,83,79,51
858,100,102,105,125,137,135,100
859,104,98,104,104,109,115,99
860,555,533,575,601,741,750,590
861,156,149,168,196,228,235,155
862,182,168,182,189,203,200,179
863,70,66,70,68,66,63,68
864,598,557,599,643,636,641,605
865,228,209,238,256,341,332,219
866,283,272,279,265,97,71,276
867,152,145,141,145,130,128,150
868,258,251,257,272,263,239,243
869,305,301,301,340,382,405,305
870,226,212,234,241,271,271,212
871,67,64,68,81,93,97,67
872,303,285,288,265,117,88,279
873,179,173,174,160,137,146,178
874,212,215,219,220,200,182,193
875,104,99,102,101,70,66,98
876,284,294,286,313,245,254,267
877,212,215,217,220,189,175,206
878,50,52,53,55,60,57,48
879,49,50,51,61,88,82,49
880,69,69,72,73,71,70,68
881,116,119,119,133,127,126,113
882,90,86,92,101,119,118,87
883,87,79,84,84,89,94,87
884,167,160,159,155,134,138,163
885,111,112,117,133,166,159,114
886,62,63,66,77,88,89,62
887,56,54,52,78,147,144,57
888,94,94,96,98,63,59,92
889,105,103,106,126,155,159,106
890,39,39,40,48,55,54,40
891,636,636,689,815,1071,1085,673
892,196,200,199,204,168,149,190
893,50,51,56,60,81,76,49
894,96,92,99,112,140,136,97
895,168,165,162,168,149,136,162
896,104,100,101,101,85,82,98
897,302,297,263,355,521,530,308
898,112,112,112,107,90,82,107
899,134,122,136,173,288,315,136
900,560,567,600,667,920,928,601
901,137,129,134,142,135,137,131
902,86,84,83,87,58,48,86
903,79,78,78,82,57,50,78
904,82,78,79,102,174,169,80
905,87,83,89,94,116,118,85
906,121,121,122,135,139,130,118
907,82,80,82,91,117,116,79
908,83,79,79,81,85,84,78
909,117,117,121,135,166,166,116
910,221,208,227,244,290,288,211
911,67,65,68,73,80,76,66
912,133,130,132,142,137,133,132
913,72,69,73,107,194,180,77
914,58,57,60,62,62,60,56
915,106,103,106,124,152,153,107
916,301,310,302,333,327,321,284
917,71,69,73,76,64,60,73
918,74,75,77,91,119,116,76
919,49,51,50,63,87,82,49
920,94,90,93,93,67,66,93
921,159,154,156,158,148,149,163
922,82,79,85,92,109,111,81
923,102,100,103,128,170,168,105
924,121,117,120,114,84,75,116
925,111,112,119,112,53,45,112
926,83,77,81,92,100,101,79
927,65,64,66,77,94,90,68
928,111,108,111,125,128,129,105
929,49,49,54,58,76,72,48
930,71,71,71,72,74,68,67
931,149,140,143,153,156,153,143
932,61,60,62,61,59,59,58
933,103,105,107,111,109,109,102
934,608,613,680,664,768,843,663
935,126,123,124,125,103,95,122
936,40,37,41,55,106,94,41
937,94,93,97,126,193,184,98
938,85,79,85,84,90,95,83
939,154,152,150,152,119,116,148
940,108,101,107,101,105,111,105
941,45,44,48,54,74,68,45
942,58,60,59,71,83,80,58
943,87,83,84,107,162,155,85
944,50,51,55,59,63,61,47
945,66,68,70,82,92,95,69
946,100,98,101,116,144,145,99
947,74,73,75,75,68,62,74
948,89,77,83,85,93,96,88
949,63,64,63,73,82,77,62
950,146,146,156,153,165,165,153
951,179,173,187,213,259,251,180
952,109,108,110,111,83,78,107
953,165,157,170,176,175,172,163
954,100,102,102,101,97,95,100
955,108,103,112,125,163,177,110
956,27,29,29,37,47,45,31
957,185,182,194,223,287,283,192
958,138,135,138,134,73,60,137
959,217,211,226,228,233,242,205
960,90,88,88,91,73,74,88
961,289,299,296,329,339,332,275
962,109,105,108,122,129,131,106
963,130,126,132,123,65,53,132
964,155,154,164,198,178,175,155
965,75,73,75,85,92,93,74
966,108,97,104,100,108,115,105
967,100,98,99,103,84,82,97
968,130,124,128,135,133,125,124
969,131,124,131,147,163,163,125
970,124,119,124,122,84,73,120
971,103,105,103,118,129,135,103
972,165,159,167,190,221,205,156
973,195,184,188,189,190,196,183
974,152,146,146,146,116,117,147
975,124,123,127,138,131,130,122
976,81,79,79,81,81,77,79
977,108,109,110,113,112,107,107
978,179,176,181,199,171,155,176
979,108,103,108,127,158,163,110
980,99,106,107,122,134,127,100
981,60,59,63,79,101,101,71
982,104,104,105,113,108,103,104
983,68,67,69,76,83,83,66
984,101,95,101,124,158,157,98
985,307,317,307,331,214,207,280
986,151,141,143,138,131,131,149
987,42,42,55,66,50,47,72
988,272,274,295,291,297,299,260
989,159,155,151,155,138,139,155
990,99,96,101,142,227,232,111
991,104,102,106,119,137,138,101
992,130,128,133,124,78,67,129
993,64,62,65,68,68,66,63
994,85,80,85,101,134,132,81
995,139,133,139,144,145,147,136
996,66,63,64,67,61,56,64
997,109,108,110,118,125,125,111
998,183,169,225,198,240,240,166
999,315,288,301,301,153,125,285
1000,62,61,63,79,127,123,63
1001,33,31,34,45,81,69,39
1002,46,43,43,63,115,103,43
1003,49,49,50,59,84,79,48
1004,144,140,142,148,139,138,142
1005,139,134,134,131,102,99,133
1006,62,61,64,64,67,64,59
1007,119,116,117,126,135,133,115
1008,64,66,68,81,94,92,65
1009,56,55,58,72,121,121,57
1010,51,53,55,60,79,76,52
1011,118,111,113,116,122,123,111
1012,191,182,185,190,183,181,184
1013,148,144,141,140,96,86,134
1014,64,61,66,65,70,72,64
1015,97,92,98,96,97,99,95
1016,57,55,60,59,64,65,54
1017,128,120,127,145,166,169,123
1018,382,365,379,448,583,632,402
1019,118,116,125,139,166,163,118
1020,52,52,53,56,55,51,50
1021,124,121,130,140,159,161,125
1022,111,110,113,128,141,138,107
1023,33,35,36,40,55,48,35
1024,62,62,64,62,63,60,59
1025,141,130,142,152,190,189,133
1026,97,93,98,115,134,131,93
1027,129,123,132,142,153,152,126
1028,63,63,65,68,42,39,68
1029,86,88,86,90,52,43,89
1030,149,147,142,142,63,48,140
1031,47,45,50,55,77,75,46
1032,48,49,54,60,70,67,47
1033,53,56,57,67,95,90,53
1034,95,99,99,116,132,130,94
1035,149,151,152,199,278,268,147
1036,84,78,85,87,99,102,81
1037,62,64,66,77,101,106,63
1038,149,142,155,159,171,171,144
1039,300,317,319,325,281,289,300
1040,51,53,54,68,108,103,52
1041,141,137,142,158,195,190,135
1042,109,105,111,130,171,170,111
1043,178,172,186,221,284,278,184
1044,67,63,68,85,120,121,70
1045,105,99,108,129,185,189,110
1046,52,54,55,57,62,57,50
1047,137,132,135,132,102,96,132
1048,67,67,68,64,63,61,63
1049,107,106,110,127,137,133,105
1050,43,41,43,46,49,48,43
1051,45,42,45,49,62,61,43
1052,252,238,277,277,352,340,245
1053,82,77,84,93,113,117,84
1054,101,102,105,104,101,99,103
1055,76,73,78,101,140,134,76
1056,74,75,79,90,119,120,74
1057,85,80,85,92,105,108,83
1058,49,51,58,61,69,66,58
1059,98,99,101,114,120,121,98
1060,221,213,221,216,185,168,208
1061,136,125,131,154,181,180,131
1062,82,80,82,91,94,95,81
1063,41,39,45,50,83,71,43
1064,58,60,62,65,67,63,56
1065,101,95,101,102,104,107,99
1066,176,168,177,191,203,194,167
1067,188,174,182,185,177,181,187
1068,54,55,55,59,55,51,53
1069,131,124,130,153,201,195,129
1070,81,72,79,84,87,91,79
1071,385,385,389,367,337,356,374
1072,520,497,506,491,395,390,496
1073,66,65,66,68,73,69,64
1074,92,87,97,132,201,196,100
1075,59,60,61,74,84,79,58
1076,90,77,86,85,102,110,85
1077,53,55,57,64,72,69,50
1078,108,108,111,107,97,96,110
1079,64,61,64,65,59,56,61
1080,44,44,44,49,54,54,45
1081,69,70,71,74,80,76,66
1082,61,62,66,66,76,72,59
1083,127,122,126,131,134,131,123
1084,90,82,87,107,149,146,87
1085,121,118,121,160,227,221,124
1086,66,66,68,81,106,105,62
1087,67,65,70,88,136,132,68
1088,102,102,106,124,133,135,102
1089,47,45,51,53,80,75,46
1090,389,394,405,391,162,125,368
1091,85,84,85,88,88,89,83
1092,135,122,132,149,192,195,128
1093,176,174,161,163,67,49,140
1094,129,115,126,151,206,201,123
1095,94,90,92,101,117,117,91
1096,116,112,116,121,119,119,114
1097,40,42,43,49,51,53,42
1098,213,204,208,200,212,180,206
1099,89,86,84,91,86,85,86
1100,31,29,33,44,84,76,37
1101,96,90,93,118,167,162,93
1102,144,147,158,196,262,245,141
1103,66,64,66,66,59,53,65
1104,239,219,254,272,379,373,238
1105,97,94,99,107,109,109,95
1106,90,90,90,93,63,56,92
1107,30,29,31,41,65,60,36
1108,102,100,104,129,180,170,104
1109,115,115,119,137,156,150,117
1110,206,206,207,208,159,136,200
1111,58,58,68,61,65,63,56
1112,79,79,79,83,81,77,77
1113,177,169,174,185,185,183,171
1114,214,206,213,212,151,133,208
1115,42,41,41,47,55,54,42
1116,321,326,327,335,220,209,305
1117,276,298,292,315,262,266,257
1118,104,104,110,147,216,212,112
1119,75,71,76,87,97,100,76
1120,42,41,42,49,62,59,41
1121,121,116,122,137,160,162,119
1122,121,118,124,137,145,144,123
1123,483,464,491,527,613,589,506
1124,29,25,28,39,79,73,37
1125,225,221,247,270,273,268,211
1126,86,84,90,98,123,122,83
1127,96,90,94,119,170,161,95
1128,66,66,68,80,94,102,66
1129,101,91,97,121,166,157,93
1130,108,109,111,105,95,92,106
1131,224,226,226,228,108,84,213
1132,71,66,71,73,76,75,70
1133,53,51,55,58,64,60,50
1134,65,66,68,82,97,99,65
1135,136,126,131,161,229,227,128
1136,224,214,228,237,236,243,204
1137,68,68,71,76,83,81,67
1138,61,60,63,64,63,61,60
1139,64,64,66,75,82,79,62
1140,178,181,178,184,61,48,167
1141,92,91,95,104,125,124,90
1142,66,69,68,83,118,116,69
1143,70,70,74,89,107,106,74
1144,69,66,69,87,146,147,69
1145,106,100,105,126,172,170,105
1146,193,180,184,190,193,193,183
1147,351,347,358,356,338,342,341
1148,69,67,72,73,76,77,69
1149,68,69,71,77,84,80,70
1150,319,311,308,350,439,461,318
1151,145,142,144,144,110,103,139
1152,177,169,184,214,296,304,187
1153,244,247,248,261,243,229,228
1154,91,86,94,104,113,113,92
1155,53,52,53,56,50,47,52
1156,55,57,61,71,88,82,58
1157,87,85,85,87,60,53,84
1158,65,63,68,66,70,72,65
1159,64,64,65,78,90,94,64
1160,61,61,62,62,56,53,59
1161,82,76,80,108,162,161,81
1162,70,70,72,86,116,116,71
1163,91,86,89,84,41,35,87
1164,76,74,76,79,36,30,79
1165,66,65,69,73,81,79,65
1166,79,77,81,92,108,106,76
1167,75,73,75,85,93,94,72
1168,213,193,210,250,333,334,197
1169,144,140,146,148,134,133,140
1170,58,57,63,60,67,67,54
1171,51,51,52,63,88,84,51
1172,51,55,55,65,93,88,51
1173,89,89,93,103,122,120,87
1174,139,133,132,130,80,63,130
1175,193,189,211,223,257,253,193
1176,107,106,110,130,159,155,109
1177,109,100,107,110,117,122,103
1178,231,225,224,220,65,56,231
1179,108,109,112,128,122,121,108
1180,119,113,122,142,183,181,119
1181,172,165,173,188,196,187,162
1182,51,51,55,60,85,79,50
1183,49,47,52,53,65,64,47
1184,116,116,122,138,168,165,118
1185,249,233,234,230,159,116,232
1186,67,66,68,69,69,65,65
1187,75,72,76,96,129,122,75
1188,136,133,134,140,132,129,129
1189,98,98,100,106,87,87,101
1190,351,330,339,402,488,495,341
1191,63,63,65,62,62,61,59
1192,80,78,87,102,113,114,83
1193,122,120,122,123,104,93,122
1194,193,177,189,193,211,213,188
1195,59,61,64,75,99,101,59
1196,88,86,89,94,108,108,85
1197,124,122,124,144,166,164,123
1198,62,60,64,66,67,66,60
1199,145,141,138,137,64,47,137
1200,66,65,67,68,69,67,64
1201,134,128,141,165,217,215,133
1202,36,38,39,44,54,49,37
1203,137,142,141,187,274,263,131
1204,101,95,100,124,167,169,104
1205,89,83,86,93,104,106,92
1206,49,49,52,57,68,65,48
1207,55,58,58,71,103,100,56
1208,103,102,108,132,183,179,107
1209,52,53,55,59,68,65,50
1210,67,65,69,86,116,114,67
1211,191,175,187,241,350,362,188
1212,70,67,70,77,87,90,68
1213,258,252,256,247,144,115,242
1214,106,95,105,89,31,23,104
1215,45,44,46,53,59,58,44
1216,99,97,98,97,78,76,93
1217,150,150,156,205,167,175,143
1218,86,79,83,110,93,85,115
1219,56,57,59,67,83,78,55
1220,221,216,216,216,81,69,207
1221,183,181,193,231,286,280,193
1222,71,67,72,83,92,92,69
1223,157,155,152,149,94,90,143
1224,113,116,117,125,116,115,112
1225,84,82,82,85,64,52,88
1226,453,437,450,494,612,619,492
1227,116,111,113,122,131,134,111
1228,108,106,108,118,129,136,107
1229,634,638,686,645,669,715,678
1230,60,60,61,66,71,68,58
1231,139,138,145,159,172,169,134
1232,72,69,70,71,66,64,71
1233,61,63,66,77,90,91,59
1234,35,32,35,44,81,75,39
1235,89,86,87,91,91,90,86
1236,115,106,110,116,128,133,109
1237,64,64,64,73,79,72,62
1238,107,105,104,103,84,79,102
1239,68,68,72,75,72,69,73
1240,161,158,159,150,139,153,166
1241,39,34,37,50,113,104,35
1242,67,68,71,85,93,95,68
1243,29,33,33,38,42,41,37
1244,162,166,165,183,175,159,161
1245,62,65,66,73,75,72,62
1246,65,63,67,83,143,141,66
1247,76,73,76,88,93,98,76
1248,123,122,124,141,153,150,121
1249,220,215,223,222,185,164,211
1250,196,190,194,194,139,114,186
1251,84,78,82,90,102,103,84
1252,179,172,183,232,327,317,174
1253,64,61,68,69,83,87,62
1254,61,64,65,74,89,89,61
1255,41,43,44,53,52,53,42
1256,256,246,258,285,278,292,247
1257,275,274,269,320,391,385,279
1258,244,243,259,253,247,225,225
1259,53,53,54,56,56,51,51
1260,87,77,84,84,96,100,88
1261,116,120,127,116,57,48,117
1262,106,101,105,112,120,123,103
1263,277,269,270,332,387,378,274
1264,99,94,99,126,192,198,106
1265,48,52,56,61,58,56,51
1266,67,67,68,76,85,82,65
1267,144,130,148,164,216,216,140
1268,315,310,318,332,306,306,311
1269,345,352,359,351,354,372,341
1270,63,60,61,82,135,127,62
1271,176,164,181,179,191,190,173
1272,116,120,119,114,93,84,116
1273,132,125,135,144,149,152,126
1274,75,75,77,86,83,83,83
1275,94,91,100,119,135,133,94
1276,129,126,126,122,98,91,125
1277,59,59,59,72,87,80,58
1278,44,40,42,59,125,111,42
1279,82,82,82,84,83,77,82
1280,67,69,73,82,92,94,69
1281,63,64,64,73,88,83,61
1282,60,58,62,63,56,55,59
1283,169,161,177,198,257,272,176
1284,84,78,82,94,100,101,82
1285,118,117,118,130,134,131,113
1286,95,94,95,113,130,124,91
1287,156,152,154,160,163,159,156
1288,78,77,85,93,116,117,76
1289,66,64,68,78,89,92,66
1290,95,89,93,121,185,178,94
1291,55,54,57,71,122,120,57
1292,193,197,212,241,279,263,192
1293,152,153,152,157,148,152,157
1294,61,63,67,73,89,94,61
1295,87,85,93,103,111,112,90
1296,649,653,716,871,1138,1152,691
1297,203,203,215,243,272,265,196
1298,144,138,152,155,170,171,140
1299,177,168,168,166,138,126,171
1300,59,61,64,76,95,94,58
1301,89,85,89,108,147,142,87
1302,508,503,520,628,1011,1005,559
1303,181,179,183,188,154,140,176
1304,82,80,85,93,120,119,80
1305,220,208,220,215,213,209,202
1306,339,327,287,386,540,548,338
1307,82,80,85,91,99,100,84
1308,366,366,376,381,376,372,353
1309,246,236,238,257,224,203,231
1310,280,275,291,309,353,348,276
1311,84,85,88,100,131,127,84
1312,118,118,119,129,133,124,116
1313,46,45,51,57,87,78,47
1314,187,184,213,229,260,251,184
1315,191,199,210,238,283,268,192
1316,53,55,55,69,106,101,50
1317,103,98,105,115,128,134,100
1318,65,65,72,84,143,145,67
1319,37,41,39,46,52,51,41
1320,88,89,91,90,37,28,93
1321,58,60,64,68,83,84,56
1322,178,177,185,225,294,290,189
1323,112,108,110,116,116,119,112
1324,163,158,155,159,141,136,156
1325,142,138,143,155,161,161,138
1326,415,417,428,475,539,574,432
1327,110,98,107,107,122,132,107
1328,53,54,54,63,77,74,52
1329,82,74,78,79,68,69,78
1330,62,62,64,70,75,71,60
1331,31,28,30,43,75,67,37
1332,110,106,124,141,204,202,113
1333,90,86,89,91,88,90,90
1334,81,80,80,81,69,66,79
1335,92,89,93,126,203,206,100
1336,66,64,66,65,64,64,64
1337,37,34,37,52,99,87,37
1338,135,130,133,144,135,131,131
1339,153,147,161,180,215,206,147
1340,165,160,158,155,113,103,151
1341,117,111,122,134,159,160,116
1342,102,100,104,130,184,173,105
1343,132,130,131,137,124,122,129
1344,164,157,159,196,276,286,169
1345,80,79,84,95,127,120,77
1346,1464,1398,1505,1497,1612,1610,1428
1347,87,84,90,104,143,141,85
1348,125,118,128,146,177,177,124
1349,115,113,115,121,124,122,112
1350,508,491,520,573,685,668,531
1351,73,71,76,90,124,121,72
1352,49,51,54,62,85,80,50
1353,381,383,390,378,171,140,369
1354,214,206,216,222,229,235,205
1355,373,364,371,405,450,456,360
1356,129,119,132,157,211,213,129
1357,138,125,136,152,192,189,134
1358,207,190,219,250,338,332,192
1359,38,35,39,46,84,77,39
1360,56,56,57,64,76,72,54
1361,170,157,152,155,117,107,152
1362,51,52,54,63,85,79,50
1363,106,106,108,106,106,107,103
1364,70,67,73,88,138,136,69
1365,322,320,323,346,319,306,319
1366,166,176,171,177,41,34,169
1367,95,94,103,130,135,135,96
1368,107,108,109,107,96,92,102
1369,48,46,48,51,60,58,46
1370,126,126,126,135,132,126,123
1371,156,155,151,156,73,61,151
1372,743,735,762,744,474,429,753
1373,372,361,373,391,433,455,366
1374,61,61,62,75,81,78,61
1375,80,75,75,80,60,51,75
1376,134,127,136,156,209,202,131
1377,171,164,174,215,311,299,180
1378,94,92,93,94,76,75,91
1379,269,280,272,293,243,220,255
1380,59,61,71,67,76,72,58
1381,157,151,158,171,180,169,150
1382,64,63,64,62,61,59,59
1383,220,209,218,217,182,141,211
1384,39,37,41,50,79,71,43
1385,79,77,77,85,85,85,78
1386,67,65,71,75,79,78,70
1387,118,117,117,168,301,296,124
1388,56,55,57,76,112,107,56
1389,86,83,88,101,128,125,86
1390,45,43,48,57,91,84,46
1391,172,163,171,156,147,163,178
1392,291,305,302,318,247,246,272
1393,55,59,59,69,87,84,56
1394,354,387,392,375,308,316,375
1395,110,109,110,128,134,134,105
1396,318,322,334,342,357,364,313
1397,191,180,204,212,250,262,176
1398,47,47,50,58,85,79,48
1399,136,133,142,163,162,167,137
1400,173,168,166,158,138,137,172
1401,95,89,90,92,95,96,94
1402,96,95,97,98,70,68,92
1403,127,114,127,146,209,211,125
1404,148,145,150,162,143,146,148
1405,68,62,67,65,65,65,63
1406,62,61,62,61,58,57,59
1407,78,76,78,83,63,56,79
1408,81,80,82,88,88,87,83
1409,246,238,247,250,241,239,224
1410,130,125,146,152,185,183,129
1411,153,149,158,169,177,168,147
1412,117,121,125,173,285,270,124
1413,96,95,95,95,80,78,90
1414,40,39,39,47,59,57,43
1415,66,67,68,76,87,88,66
1416,47,48,50,63,104,98,48
1417,160,161,163,169,167,160,158
1418,68,61,70,81,112,107,84
1419,147,142,141,149,118,113,140
1420,224,224,226,227,113,92,216
1421,123,127,123,132,125,118,119
1422,111,109,114,132,153,151,110
1423,86,84,88,96,113,113,84
1424,155,157,167,200,255,243,156
1425,66,65,70,71,72,70,66
1426,593,600,603,586,229,119,546
1427,192,190,195,244,311,294,187
1428,59,60,62,74,103,104,59
1429,131,125,130,134,131,129,126
1430,65,63,64,66,35,31,69
1431,107,104,108,120,132,135,103
1432,284,276,276,334,441,455,288
1433,61,62,62,70,80,76,60
1434,503,476,498,566,612,596,542
1435,58,62,63,74,95,93,57
1436,273,274,281,296,278,268,260
1437,106,104,106,121,129,129,103
1438,134,130,156,155,201,188,128
1439,107,103,107,110,112,113,103
1440,122,119,125,133,138,141,121
1441,104,103,107,105,97,95,102
1442,49,50,52,57,63,59,48
1443,89,87,94,108,116,116,89
1444,63,59,58,86,164,158,63
1445,192,178,184,188,184,184,181
1446,282,262,268,265,178,141,254
1447,79,71,76,74,14,11,80
1448,46,46,53,57,83,76,47
1449,122,124,126,140,138,135,121
1450,57,62,62,76,92,92,58
1451,128,118,132,138,147,153,124
1452,57,58,61,66,81,79,55
1453,101,99,101,123,178,172,103
1454,130,128,132,142,144,146,129
1455,123,120,120,117,98,88,117
1456,106,107,107,116,117,114,105
1457,101,93,102,100,108,111,98
1458,82,79,83,91,105,106,80
1459,54,55,59,71,120,119,60
1460,49,45,49,62,118,113,46
1461,397,396,405,446,493,556,401
1462,103,101,106,117,127,124,106
1463,71,69,71,78,78,77,73
1464,116,113,128,153,204,206,123
1465,229,208,234,265,288,264,194
1466,102,97,101,108,131,134,101
1467,144,139,142,151,147,149,140
1468,132,114,134,148,205,222,130
1469,526,505,533,574,729,724,554
1470,73,71,76,101,154,146,76
1471,60,60,64,78,125,124,62
1472,322,321,334,349,368,368,313
1473,123,125,125,143,149,139,124
1474,167,162,181,209,293,298,174
1475,39,38,40,47,74,66,41
1476,64,64,64,71,75,69,61
1477,229,225,230,231,136,106,220
1478,266,263,272,271,227,222,242
1479,77,73,77,115,189,183,86
1480,60,60,62,67,66,62,59
1481,88,86,87,93,98,96,84
1482,85,80,87,100,129,127,85
1483,374,375,380,397,428,434,359
1484,155,157,162,195,254,231,152
1485,96,90,96,126,182,179,99
1486,45,47,49,57,85,77,47
1487,32,35,33,41,49,46,33
1488,106,100,104,107,114,116,102
1489,237,238,238,262,240,234,216
1490,88,84,90,102,131,131,86
1491,91,87,92,100,113,117,91
1492,52,52,54,55,60,57,50
1493,103,99,102,97,43,33,100
1494,182,178,187,232,315,299,189
1495,103,96,100,95,65,62,93
1496,140,132,149,148,160,163,138
1497,78,79,80,88,93,90,77
1498,78,74,81,94,139,136,76
1499,114,112,116,129,148,150,116
1500,192,185,205,219,255,257,195
1501,196,203,197,204,164,153,189
1502,186,185,188,189,159,140,185
1503,178,175,176,179,162,150,176
1504,102,100,102,103,95,93,102
1505,71,67,68,68,58,55,65
1506,81,83,90,101,113,115,83
1507,83,82,83,90,80,82,87
1508,47,46,49,61,102,96,47
1509,66,66,67,77,79,71,67
1510,24,25,26,35,44,41,31
1511,126,129,132,174,280,263,131
1512,78,77,82,100,131,126,76
1513,64,64,66,78,99,101,61
1514,180,174,172,166,135,131,177
1515,202,193,215,236,303,316,190
1516,82,80,80,85,64,59,81
1517,57,57,58,76,118,115,59
1518,87,81,90,92,109,111,84
1519,94,91,94,94,98,99,90
1520,36,38,38,44,50,49,38
1521,107,108,108,110,103,101,108
1522,154,151,147,153,129,130,152
1523,113,114,115,118,101,96,114
1524,132,124,130,149,176,177,125
1525,123,122,125,136,133,131,124
1526,77,73,80,78,76,75,83
1527,54,62,60,70,95,95,53
1528,376,395,395,367,302,316,381
1529,34,39,37,41,44,44,37
1530,73,70,72,75,70,65,73
1531,93,90,95,97,103,105,93
1532,96,93,94,96,71,69,91
1533,93,87,96,127,199,190,98
1534,115,116,116,124,117,116,111
1535,622,610,656,657,676,736,640
1536,104,101,104,114,124,127,100
1537,64,64,68,80,118,115,65
1538,111,105,112,129,151,153,110
1539,137,129,135,155,200,191,131
1540,154,153,177,211,250,247,155
1541,73,70,75,88,108,108,72
1542,55,56,58,68,80,78,55
1543,63,60,65,63,69,71,61
1544,150,147,145,190,283,287,151
1545,83,82,83,85,87,87,80
1546,68,68,72,81,92,92,70
1547,52,54,53,72,133,123,53
1548,28,33,30,34,37,37,32
1549,116,110,114,122,134,134,111
1550,130,128,129,129,117,118,126
1551,116,117,117,116,92,83,113
1552,58,63,61,73,92,89,57
1553,113,116,114,137,153,146,114
1554,122,122,122,119,93,80,120
1555,136,140,143,183,264,252,129
1556,88,89,92,108,138,138,93
1557,292,290,287,344,419,414,291
1558,80,76,78,111,201,194,85
1559,63,64,67,77,90,92,60
1560,213,212,229,258,274,266,198
1561,277,260,282,261,49,32,285
1562,50,50,51,55,64,62,47
1563,41,39,43,49,79,73,43
1564,145,149,153,178,219,204,139
1565,87,84,85,85,63,59,85
1566,76,74,77,83,89,89,76
1567,65,64,64,70,44,39,66
1568,192,172,186,236,336,341,181
1569,119,122,122,118,99,90,119
1570,138,127,135,140,135,139,130
1571,553,556,566,540,264,206,535
1572,137,133,135,144,129,125,132
1573,202,200,204,207,153,126,194
1574,76,76,80,93,101,101,79
1575,62,61,61,69,79,76,60
1576,104,101,108,128,145,143,103
1577,34,31,33,42,82,74,36
1578,111,112,113,110,93,90,112
1579,36,33,35,44,77,71,38
1580,119,115,127,156,247,250,124
1581,58,58,60,67,77,74,57
1582,104,105,106,119,121,118,102
1583,277,295,290,320,261,233,268
1584,215,202,216,222,231,232,207
1585,110,105,109,106,76,67,105
1586,45,46,48,54,72,68,44
1587,77,76,79,92,115,116,78
1588,105,106,110,129,144,143,106
1589,142,140,141,140,103,97,137
1590,220,218,224,228,216,219,204
1591,225,219,236,248,251,232,214
1592,64,64,64,75,87,83,61
1593,78,77,82,110,123,122,79
1594,104,107,110,133,137,133,103
1595,76,73,79,89,117,117,77
1596,164,156,153,154,124,120,156
1597,227,222,223,219,91,67,217
1598,49,49,48,52,47,45,46
1599,87,85,90,97,112,109,85
1600,55,55,56,60,68,66,51
1601,59,55,59,57,56,55,56
1602,78,77,80,91,103,105,76
1603,162,166,166,178,163,155,163
1604,51,54,55,65,89,87,52
1605,215,200,212,240,323,332,206
1606,84,82,82,87,65,58,85
1607,47,47,49,54,63,60,46
1608,147,137,155,155,164,167,145
1609,64,63,69,71,83,81,66
1610,273,284,284,307,257,263,260
1611,102,93,101,114,149,154,102
1612,189,191,193,194,156,137,185
1613,352,317,351,334,93,78,330
1614,86,83,100,99,123,127,86
1615,264,260,265,240,139,102,255
1616,422,399,405,418,433,474,399
1617,72,70,71,71,62,55,69
1618,75,73,78,89,110,113,84
1619,144,139,152,177,241,236,140
1620,323,329,324,339,224,209,297
1621,116,113,115,111,101,101,112
1622,125,120,121,122,117,114,117
1623,262,248,272,298,344,342,256
1624,359,338,342,406,492,497,348
1625,168,158,177,178,192,191,168
1626,360,360,362,375,180,155,334
1627,164,165,170,181,191,185,161
1628,127,126,128,139,135,130,124
1629,2144,1458,1841,2013,3325,3403,1788
1630,90,82,86,96,101,104,88
1631,349,341,317,396,510,542,350
1632,36,36,35,42,53,50,37
1633,77,72,75,80,88,89,73
1634,101,95,98,98,102,105,97
1635,60,60,62,70,80,79,59
1636,59,59,63,64,62,57,57
1637,159,152,155,151,101,97,150
1638,105,98,108,130,193,197,109
1639,63,59,59,83,160,161,62
1640,35,29,34,41,101,101,35
1641,72,69,74,86,93,98,72
1642,264,257,270,290,290,292,252
1643,46,46,51,57,59,57,45
1644,123,118,126,133,139,140,121
1645,309,330,332,344,286,291,312
1646,64,64,67,78,88,89,62
1647,229,204,230,257,338,333,217
1648,201,205,219,227,246,252,200
1649,43,41,44,49,78,71,44
1650,211,202,207,207,144,112,205
1651,97,93,96,105,112,114,96
1652,90,78,83,86,88,90,96
1653,100,101,104,120,136,137,100
1654,64,65,65,78,87,84,64
1655,111,110,116,109,63,53,109
1656,48,44,46,49,54,55,44
1657,107,103,106,107,112,114,105
1658,282,304,289,324,242,245,267
1659,80,75,81,87,96,100,81
1660,55,58,59,69,103,104,53
1661,385,372,384,457,604,645,404
1662,80,79,83,93,121,118,78
1663,321,326,326,351,367,367,308
1664,67,68,74,88,96,102,70
1665,126,121,124,122,92,73,118
1666,228,217,250,256,273,265,215
1667,348,354,355,379,358,346,338
1668,106,102,106,132,179,176,108
1669,87,83,91,94,110,114,86
1670,163,157,162,210,282,266,164
1671,87,85,87,102,135,133,87
1672,75,72,77,96,145,133,74
1673,232,216,230,266,383,366,234
1674,64,62,64,66,71,70,63
1675,78,81,83,94,118,116,77
1676,119,119,118,120,110,104,113
1677,114,115,118,135,161,156,114
1678,79,73,78,85,90,94,78
1679,149,144,139,141,68,52,140
1680,149,146,143,143,105,98,138
1681,51,52,57,63,93,89,50
1682,89,86,88,101,128,126,89
1683,43,41,45,58,109,101,44
1684,72,71,74,89,119,116,72
1685,112,114,113,113,92,85,110
1686,85,86,88,90,33,25,89
1687,579,539,579,631,734,734,582
1688,88,86,89,91,86,85,90
1689,79,79,83,96,124,120,79
1690,293,306,315,326,270,266,276
1691,41,40,42,49,55,58,43
1692,170,157,171,192,234,251,159
1693,80,76,84,96,120,122,79
1694,41,36,35,52,156,139,38
1695,87,79,85,86,97,101,84
1696,112,112,116,109,90,83,111
1697,105,100,106,137,205,205,111
1698,420,432,437,416,171,131,402
1699,76,72,79,92,128,125,77
1700,95,92,99,113,136,137,95
1701,76,73,76,84,91,93,76
1702,70,68,68,75,48,40,70
1703,31,31,32,41,57,53,34
1704,440,422,429,408,357,364,417
1705,62,64,63,69,78,73,60
1706,277,261,274,255,116,92,265
1707,146,140,149,192,194,196,192
1708,166,159,172,204,188,181,162
1709,869,831,872,805,161,112,867
1710,206,206,219,228,240,240,201
1711,109,113,114,110,97,90,110
1712,52,52,55,62,78,75,52
1713,73,69,71,71,62,56,71
1714,183,172,173,170,106,93,164
1715,49,48,51,64,122,116,49
1716,171,182,180,187,40,30,174
1717,236,211,236,257,312,313,220
1718,60,59,62,63,61,60,58
1719,259,240,247,244,207,166,233
1720,202,207,204,209,189,175,193
1721,84,81,84,81,76,61,87
1722,183,170,186,201,238,240,187
1723,84,83,87,96,99,99,84
1724,103,99,103,107,111,114,101
1725,206,196,212,215,203,181,188
1726,314,300,283,349,474,490,314
1727,225,225,230,226,197,183,213
1728,87,85,87,90,58,49,88
1729,65,62,65,77,101,105,62
1730,42,34,38,53,98,95,37
1731,63,63,63,74,87,81,61
1732,147,142,156,172,194,186,141
1733,124,118,130,123,42,26,122
1734,90,88,88,92,92,91,89
1735,75,73,78,98,135,131,74
1736,43,44,44,51,53,53,43
1737,79,71,77,76,19,15,80
1738,121,118,121,130,136,135,117
1739,59,57,60,64,56,54,58
1740,89,85,91,92,55,48,92
1741,86,81,85,114,182,179,88
1742,96,93,95,92,61,58,94
1743,258,258,260,311,297,305,254
1744,110,109,112,134,161,161,109
1745,386,391,391,444,515,580,398
1746,97,93,100,106,116,118,98
1747,42,41,45,58,110,87,47
1748,77,78,83,92,115,114,75
1749,48,45,46,49,52,53,46
1750,109,110,111,132,163,159,111
1751,224,212,233,251,299,301,212
1752,242,229,271,273,321,326,236
1753,296,278,279,277,177,146,261
1754,45,44,46,51,56,54,44
1755,73,71,74,79,81,80,71
1756,134,128,134,153,211,202,129
1757,85,82,86,113,177,161,86
1758,42,39,43,51,87,79,43
1759,487,456,463,435,380,392,448
1760,126,126,128,142,147,142,125
1761,43,38,44,55,101,94,42
1762,212,206,211,214,163,140,203
1763,131,122,134,146,160,161,128
1764,120,122,126,118,59,49,119
1765,183,172,184,203,201,183,176
1766,109,106,110,112,113,111,105
1767,123,117,127,142,174,172,122
1768,306,283,287,277,151,126,269
1769,64,64,73,82,108,106,62
1770,196,186,204,232,308,328,191
1771,186,179,181,180,147,134,180
1772,51,49,48,70,152,139,51
1773,61,60,66,76,120,119,62
1774,123,118,123,116,53,39,120
1775,239,223,253,271,299,299,224
1776,114,112,116,134,161,163,115
1777,102,99,102,105,87,84,101
1778,196,187,192,194,200,201,184
1779,226,224,228,232,154,120,220
1780,85,81,85,96,119,117,84
1781,73,72,72,76,49,43,74
1782,102,103,106,121,133,126,100
1783,363,339,350,414,537,600,377
1784,204,211,219,247,267,253,201
1785,61,64,66,75,85,83,62
1786,197,190,196,201,200,184,187
1787,140,140,139,137,118,112,132
1788,50,49,51,54,60,57,48
1789,119,117,119,115,99,91,118
1790,286,289,288,312,227,228,274
1791,102,104,105,120,122,119,102
1792,111,113,114,133,140,133,109
1793,83,74,83,91,125,128,80
1794,110,103,111,127,165,164,110
1795,81,78,84,93,121,122,82
1796,227,211,235,277,377,348,216
1797,82,79,85,88,57,51,85
1798,70,68,70,69,56,50,69
1799,114,112,113,107,106,107,113
1800,64,62,68,78,83,80,66
1801,81,77,81,116,202,195,87
1802,38,40,37,43,52,48,38
1803,68,63,71,73,84,83,69
1804,107,104,108,153,260,261,118
1805,61,61,64,68,73,68,59
1806,112,105,110,107,78,58,101
1807,116,117,119,134,160,159,116
1808,66,64,67,68,63,59,65
1809,96,97,99,111,120,116,96
1810,122,117,119,119,114,110,121
1811,121,120,121,116,95,87,116
1812,84,84,85,103,148,141,83
1813,136,128,134,144,143,145,133
1814,122,118,122,118,87,71,120
1815,77,75,78,81,87,88,76
1816,63,63,65,66,63,61,61
1817,169,172,172,187,168,154,168
1818,229,204,213,217,218,221,209
1819,49,50,53,58,76,74,48
1820,103,102,106,123,137,139,102
1821,932,903,1022,1207,1290,1301,928
1822,109,104,108,110,112,113,110
1823,84,79,83,100,151,149,80
1824,3,9,9,10,8,6,13
1825,204,202,208,199,174,151,201
1826,182,162,182,196,241,250,181
1827,71,69,73,81,90,96,73
1828,196,198,216,243,266,256,195
1829,136,123,132,150,186,187,128
1830,32,35,34,43,58,55,37
1831,615,607,631,610,252,152,611
1832,99,92,98,102,112,117,98
1833,65,65,73,72,71,69,67
1834,59,59,61,62,62,58,56
1835,42,39,41,48,74,71,42
1836,132,129,139,143,147,150,131
1837,77,75,80,90,112,111,74
1838,123,120,126,140,159,161,122
1839,125,119,127,152,232,225,124
1840,42,46,51,70,54,57,43
1841,39,38,41,49,80,70,41
1842,223,214,234,235,240,247,208
1843,673,660,699,664,168,75,686
1844,103,105,106,117,120,121,103
1845,63,61,65,64,65,66,61
1846,54,55,58,69,109,110,54
1847,69,68,71,70,72,70,69
1848,64,64,66,74,85,88,62
1849,69,66,71,73,69,66,70
1850,347,340,310,412,570,581,355
1851,171,161,161,155,110,99,153
1852,77,71,76,81,86,89,73
1853,169,167,173,192,182,173,165
1854,147,142,144,151,140,143,144
1855,232,234,234,232,107,81,223
1856,72,66,70,69,16,15,75
1857,126,124,125,129,122,120,124
1858,73,72,75,75,44,38,80
1859,335,346,344,367,358,348,321
1860,89,84,91,122,196,190,95
1861,182,181,195,227,295,297,186
1862,43,39,44,58,105,99,42
1863,95,96,97,112,131,127,94
1864,123,118,119,117,106,100,117
1865,53,52,55,72,123,119,55
1866,96,86,93,87,63,63,94
1867,233,227,226,223,67,57,232
1868,61,62,64,71,76,72,60
1869,54,58,57,69,91,87,54
1870,126,123,127,124,83,72,125
1871,41,38,42,49,86,77,43
1872,251,240,264,288,295,316,248
1873,148,143,146,144,101,99,143
1874,203,197,208,225,228,232,199
1875,825,787,836,766,125,90,838
1876,204,204,212,231,233,230,200
1877,129,116,129,147,187,186,124
1878,135,126,134,138,133,134,130
1879,83,76,80,85,88,91,80
1880,150,148,154,195,277,266,147
1881,599,593,602,587,327,259,567
1882,148,145,151,189,253,242,143
1883,57,61,62,72,87,88,57
1884,97,93,95,119,165,163,98
1885,87,86,82,89,84,79,82
1886,95,90,93,92,95,97,93
1887,98,94,102,127,184,184,104
1888,81,80,83,85,88,88,82
1889,69,65,67,68,29,26,73
1890,394,408,415,397,175,133,370
1891,40,41,41,50,60,55,43
1892,85,82,88,101,135,135,83
1893,50,50,56,58,83,80,49
1894,227,219,220,215,68,55,215
1895,157,155,148,161,160,153,151
1896,42,40,42,47,62,60,43
1897,76,73,77,76,74,72,75
1898,306,308,311,336,353,353,300
1899,19,18,23,29,36,33,28
1900,49,48,50,54,63,58,47
1901,437,420,447,498,654,621,475
1902,101,95,102,99,108,112,98
1903,228,215,231,273,306,299,212
1904,139,136,132,130,100,94,130
1905,166,164,166,178,167,153,165
1906,386,376,392,461,610,652,406
1907,118,115,119,113,84,67,114
1908,57,61,60,70,94,95,55
1909,87,86,86,88,63,59,85
1910,55,53,55,55,56,52,53
1911,107,101,107,130,178,169,106
1912,156,153,160,172,190,180,150
1913,40,43,43,48,48,53,42
1914,157,155,151,161,155,147,152
1915,92,94,93,101,79,81,94
1916,123,121,119,117,107,101,118
1917,114,111,115,130,135,136,112
1918,4,6,4,6,5,5,7
1919,130,129,129,134,123,113,126
1920,67,64,66,70,53,47,67
1921,149,143,149,166,186,180,142
1922,266,263,277,305,376,370,271
1923,117,109,119,140,189,185,118
1924,92,93,102,119,125,125,95
1925,73,70,75,98,167,165,78
1926,81,80,81,86,52,44,84
1927,549,530,540,549,448,428,540
1928,891,871,992,1202,1238,1247,886
1929,94,92,95,95,56,47,89
1930,97,93,98,107,122,127,95
1931,359,356,363,381,427,439,348
1932,254,238,267,263,282,290,241
1933,88,88,96,112,126,123,91
1934,80,81,85,95,118,116,78
1935,248,243,246,290,267,268,237
1936,115,104,117,141,185,189,116
1937,161,157,165,175,174,170,163
1938,83,78,83,121,206,201,90
1939,173,170,186,208,275,292,179
1940,114,118,115,137,154,143,114
1941,181,166,175,183,183,188,182
1942,67,63,70,89,141,135,66
1943,157,155,155,156,152,147,157
1944,472,443,468,521,655,645,513
1945,335,331,335,358,347,339,320
1946,105,100,105,126,169,170,106
1947,40,44,43,46,38,38,45
1948,199,188,203,208,233,244,196
1949,70,68,72,75,83,83,68
1950,242,230,251,248,241,224,226
1951,100,101,101,124,142,139,95
1952,57,56,61,63,75,70,55
1953,68,67,71,81,95,102,69
1954,358,357,363,367,363,381,350
1955,143,146,155,189,257,242,137
1956,124,119,123,120,119,118,117
1957,85,81,85,90,111,112,83
1958,200,191,196,201,156,131,193
1959,343,373,372,351,271,279,350
1960,219,212,245,269,284,273,198
1961,115,114,115,113,90,77,114
1962,136,131,140,142,133,141,135
1963,117,116,117,114,90,75,114
1964,109,106,108,107,81,74,105
1965,115,115,118,123,124,124,111
1966,229,221,226,238,227,172,220
1967,163,158,168,193,244,254,170
1968,24,22,24,37,68,53,32
1969,88,82,86,88,94,97,90
1970,235,213,230,261,335,332,223
1971,222,219,219,218,176,160,208
1972,72,69,78,92,131,126,72
1973,26,28,31,40,43,42,42
1974,153,148,147,146,113,116,146
1975,197,191,204,255,336,313,185
1976,98,95,99,104,106,105,96
1977,134,129,133,136,129,128,129
1978,187,182,193,221,253,246,186
1979,64,62,65,69,69,69,62
1980,47,47,50,53,66,63,46
1981,124,125,125,122,94,87,120
1982,87,86,87,91,82,80,90
1983,114,117,117,126,120,116,115
1984,70,68,69,69,63,58,69
1985,490,473,503,575,565,540,500
1986,95,88,93,96,100,101,90
1987,50,51,52,66,113,108,49
1988,193,185,196,214,240,238,182
1989,65,62,67,85,110,113,65
1990,81,78,83,93,121,116,76
1991,132,126,126,126,112,108,124
1992,65,66,71,82,127,125,69
1993,54,57,69,68,88,84,58
1994,144,139,146,155,148,149,141
1995,64,64,66,67,74,75,63
1996,92,88,92,99,96,96,90
1997,273,259,269,244,143,104,259
1998,599,594,607,615,406,353,594
1999,289,301,301,316,318,330,284
2000,165,163,150,154,74,63,150
